path,kind,included_in_public_repo
analysis/ELSA/figures/by_sex/calibration/MNAR_Pmm/female/pooled_adl.png,figure,no_generated_output
analysis/ELSA/figures/by_sex/calibration/MNAR_Pmm/female/pooled_all.png,figure,no_generated_output
analysis/ELSA/figures/by_sex/calibration/MNAR_Pmm/female/pooled_disease.png,figure,no_generated_output
analysis/ELSA/figures/by_sex/calibration/MNAR_Pmm/male/pooled_adl.png,figure,no_generated_output
analysis/ELSA/figures/by_sex/calibration/MNAR_Pmm/male/pooled_all.png,figure,no_generated_output
analysis/ELSA/figures/by_sex/calibration/MNAR_Pmm/male/pooled_disease.png,figure,no_generated_output
analysis/ELSA/figures/by_sex/damage_repair_calibration/MNAR_Pmm/female/damage/pooled_adl.png,figure,no_generated_output
analysis/ELSA/figures/by_sex/damage_repair_calibration/MNAR_Pmm/female/damage/pooled_all.png,figure,no_generated_output
analysis/ELSA/figures/by_sex/damage_repair_calibration/MNAR_Pmm/female/damage/pooled_disease.png,figure,no_generated_output
analysis/ELSA/figures/by_sex/damage_repair_calibration/MNAR_Pmm/female/repair/pooled_adl.png,figure,no_generated_output
analysis/ELSA/figures/by_sex/damage_repair_calibration/MNAR_Pmm/female/repair/pooled_all.png,figure,no_generated_output
analysis/ELSA/figures/by_sex/damage_repair_calibration/MNAR_Pmm/female/repair/pooled_disease.png,figure,no_generated_output
analysis/ELSA/figures/by_sex/damage_repair_calibration/MNAR_Pmm/male/damage/pooled_adl.png,figure,no_generated_output
analysis/ELSA/figures/by_sex/damage_repair_calibration/MNAR_Pmm/male/damage/pooled_all.png,figure,no_generated_output
analysis/ELSA/figures/by_sex/damage_repair_calibration/MNAR_Pmm/male/damage/pooled_disease.png,figure,no_generated_output
analysis/ELSA/figures/by_sex/damage_repair_calibration/MNAR_Pmm/male/repair/pooled_adl.png,figure,no_generated_output
analysis/ELSA/figures/by_sex/damage_repair_calibration/MNAR_Pmm/male/repair/pooled_all.png,figure,no_generated_output
analysis/ELSA/figures/by_sex/damage_repair_calibration/MNAR_Pmm/male/repair/pooled_disease.png,figure,no_generated_output
analysis/ELSA/figures/by_sex/damage_repair_transition_metrics/MNAR_Pmm/damage/female/mean_auc_by_transition.png,figure,no_generated_output
analysis/ELSA/figures/by_sex/damage_repair_transition_metrics/MNAR_Pmm/damage/female/mean_brier_by_transition.png,figure,no_generated_output
analysis/ELSA/figures/by_sex/damage_repair_transition_metrics/MNAR_Pmm/damage/female/mean_ece_by_transition.png,figure,no_generated_output
analysis/ELSA/figures/by_sex/damage_repair_transition_metrics/MNAR_Pmm/damage/female/mean_r2cal_by_transition.png,figure,no_generated_output
analysis/ELSA/figures/by_sex/damage_repair_transition_metrics/MNAR_Pmm/damage/male/mean_auc_by_transition.png,figure,no_generated_output
analysis/ELSA/figures/by_sex/damage_repair_transition_metrics/MNAR_Pmm/damage/male/mean_brier_by_transition.png,figure,no_generated_output
analysis/ELSA/figures/by_sex/damage_repair_transition_metrics/MNAR_Pmm/damage/male/mean_ece_by_transition.png,figure,no_generated_output
analysis/ELSA/figures/by_sex/damage_repair_transition_metrics/MNAR_Pmm/damage/male/mean_r2cal_by_transition.png,figure,no_generated_output
analysis/ELSA/figures/by_sex/damage_repair_transition_metrics/MNAR_Pmm/repair/female/mean_auc_by_transition.png,figure,no_generated_output
analysis/ELSA/figures/by_sex/damage_repair_transition_metrics/MNAR_Pmm/repair/female/mean_brier_by_transition.png,figure,no_generated_output
analysis/ELSA/figures/by_sex/damage_repair_transition_metrics/MNAR_Pmm/repair/female/mean_ece_by_transition.png,figure,no_generated_output
analysis/ELSA/figures/by_sex/damage_repair_transition_metrics/MNAR_Pmm/repair/female/mean_r2cal_by_transition.png,figure,no_generated_output
analysis/ELSA/figures/by_sex/damage_repair_transition_metrics/MNAR_Pmm/repair/male/mean_auc_by_transition.png,figure,no_generated_output
analysis/ELSA/figures/by_sex/damage_repair_transition_metrics/MNAR_Pmm/repair/male/mean_brier_by_transition.png,figure,no_generated_output
analysis/ELSA/figures/by_sex/damage_repair_transition_metrics/MNAR_Pmm/repair/male/mean_ece_by_transition.png,figure,no_generated_output
analysis/ELSA/figures/by_sex/damage_repair_transition_metrics/MNAR_Pmm/repair/male/mean_r2cal_by_transition.png,figure,no_generated_output
analysis/ELSA/figures/by_sex/damage_risk_vs_age/MNAR_Pmm/damage_risk_vs_age_by_sex.png,figure,no_generated_output
analysis/ELSA/figures/by_sex/risk_vs_age/MNAR_Pmm/adl_female_risk_vs_age.png,figure,no_generated_output
analysis/ELSA/figures/by_sex/risk_vs_age/MNAR_Pmm/adl_male_risk_vs_age.png,figure,no_generated_output
analysis/ELSA/figures/by_sex/risk_vs_age/MNAR_Pmm/disease_female_risk_vs_age.png,figure,no_generated_output
analysis/ELSA/figures/by_sex/risk_vs_age/MNAR_Pmm/disease_male_risk_vs_age.png,figure,no_generated_output
analysis/ELSA/figures/by_sex/transition_metrics/MNAR_Pmm/female/mean_auc_by_transition.png,figure,no_generated_output
analysis/ELSA/figures/by_sex/transition_metrics/MNAR_Pmm/female/mean_brier_by_transition.png,figure,no_generated_output
analysis/ELSA/figures/by_sex/transition_metrics/MNAR_Pmm/female/mean_ece_by_transition.png,figure,no_generated_output
analysis/ELSA/figures/by_sex/transition_metrics/MNAR_Pmm/female/mean_r2cal_by_transition.png,figure,no_generated_output
analysis/ELSA/figures/by_sex/transition_metrics/MNAR_Pmm/male/mean_auc_by_transition.png,figure,no_generated_output
analysis/ELSA/figures/by_sex/transition_metrics/MNAR_Pmm/male/mean_brier_by_transition.png,figure,no_generated_output
analysis/ELSA/figures/by_sex/transition_metrics/MNAR_Pmm/male/mean_ece_by_transition.png,figure,no_generated_output
analysis/ELSA/figures/by_sex/transition_metrics/MNAR_Pmm/male/mean_r2cal_by_transition.png,figure,no_generated_output
analysis/ELSA/figures/calibration/ELSA_SHARED/S1_S2/ARMSA.png,figure,no_generated_output
analysis/ELSA/figures/calibration/ELSA_SHARED/S1_S2/ARTHRE.png,figure,no_generated_output
analysis/ELSA/figures/calibration/ELSA_SHARED/S1_S2/BATHA.png,figure,no_generated_output
analysis/ELSA/figures/calibration/ELSA_SHARED/S1_S2/BEDA.png,figure,no_generated_output
analysis/ELSA/figures/calibration/ELSA_SHARED/S1_S2/CANCRE.png,figure,no_generated_output
analysis/ELSA/figures/calibration/ELSA_SHARED/S1_S2/CHAIRA.png,figure,no_generated_output
analysis/ELSA/figures/calibration/ELSA_SHARED/S1_S2/CLIM1A.png,figure,no_generated_output
analysis/ELSA/figures/calibration/ELSA_SHARED/S1_S2/CLIMSA.png,figure,no_generated_output
analysis/ELSA/figures/calibration/ELSA_SHARED/S1_S2/DIABE.png,figure,no_generated_output
analysis/ELSA/figures/calibration/ELSA_SHARED/S1_S2/DIMEA.png,figure,no_generated_output
analysis/ELSA/figures/calibration/ELSA_SHARED/S1_S2/DRESSA.png,figure,no_generated_output
analysis/ELSA/figures/calibration/ELSA_SHARED/S1_S2/EATA.png,figure,no_generated_output
analysis/ELSA/figures/calibration/ELSA_SHARED/S1_S2/HEARTE.png,figure,no_generated_output
analysis/ELSA/figures/calibration/ELSA_SHARED/S1_S2/HIBPE.png,figure,no_generated_output
analysis/ELSA/figures/calibration/ELSA_SHARED/S1_S2/LIFTA.png,figure,no_generated_output
analysis/ELSA/figures/calibration/ELSA_SHARED/S1_S2/LUNGE.png,figure,no_generated_output
analysis/ELSA/figures/calibration/ELSA_SHARED/S1_S2/MONEYA.png,figure,no_generated_output
analysis/ELSA/figures/calibration/ELSA_SHARED/S1_S2/PHONEA.png,figure,no_generated_output
analysis/ELSA/figures/calibration/ELSA_SHARED/S1_S2/POOLED_adl.png,figure,no_generated_output
analysis/ELSA/figures/calibration/ELSA_SHARED/S1_S2/POOLED_all.png,figure,no_generated_output
analysis/ELSA/figures/calibration/ELSA_SHARED/S1_S2/POOLED_disease.png,figure,no_generated_output
analysis/ELSA/figures/calibration/ELSA_SHARED/S1_S2/PUSHA.png,figure,no_generated_output
analysis/ELSA/figures/calibration/ELSA_SHARED/S1_S2/SHOPA.png,figure,no_generated_output
analysis/ELSA/figures/calibration/ELSA_SHARED/S1_S2/STOOPA.png,figure,no_generated_output
analysis/ELSA/figures/calibration/ELSA_SHARED/S1_S2/STROKE.png,figure,no_generated_output
analysis/ELSA/figures/calibration/ELSA_SHARED/S1_S2/TOILTA.png,figure,no_generated_output
analysis/ELSA/figures/calibration/ELSA_SHARED/S1_S2/WALKRA.png,figure,no_generated_output
analysis/ELSA/figures/calibration/ELSA_SHARED/S2_S3/ARMSA.png,figure,no_generated_output
analysis/ELSA/figures/calibration/ELSA_SHARED/S2_S3/ARTHRE.png,figure,no_generated_output
analysis/ELSA/figures/calibration/ELSA_SHARED/S2_S3/BATHA.png,figure,no_generated_output
analysis/ELSA/figures/calibration/ELSA_SHARED/S2_S3/BEDA.png,figure,no_generated_output
analysis/ELSA/figures/calibration/ELSA_SHARED/S2_S3/CANCRE.png,figure,no_generated_output
analysis/ELSA/figures/calibration/ELSA_SHARED/S2_S3/CHAIRA.png,figure,no_generated_output
analysis/ELSA/figures/calibration/ELSA_SHARED/S2_S3/CLIM1A.png,figure,no_generated_output
analysis/ELSA/figures/calibration/ELSA_SHARED/S2_S3/CLIMSA.png,figure,no_generated_output
analysis/ELSA/figures/calibration/ELSA_SHARED/S2_S3/DIABE.png,figure,no_generated_output
analysis/ELSA/figures/calibration/ELSA_SHARED/S2_S3/DIMEA.png,figure,no_generated_output
analysis/ELSA/figures/calibration/ELSA_SHARED/S2_S3/DRESSA.png,figure,no_generated_output
analysis/ELSA/figures/calibration/ELSA_SHARED/S2_S3/EATA.png,figure,no_generated_output
analysis/ELSA/figures/calibration/ELSA_SHARED/S2_S3/HEARTE.png,figure,no_generated_output
analysis/ELSA/figures/calibration/ELSA_SHARED/S2_S3/HIBPE.png,figure,no_generated_output
analysis/ELSA/figures/calibration/ELSA_SHARED/S2_S3/LIFTA.png,figure,no_generated_output
analysis/ELSA/figures/calibration/ELSA_SHARED/S2_S3/LUNGE.png,figure,no_generated_output
analysis/ELSA/figures/calibration/ELSA_SHARED/S2_S3/MONEYA.png,figure,no_generated_output
analysis/ELSA/figures/calibration/ELSA_SHARED/S2_S3/PHONEA.png,figure,no_generated_output
analysis/ELSA/figures/calibration/ELSA_SHARED/S2_S3/POOLED_adl.png,figure,no_generated_output
analysis/ELSA/figures/calibration/ELSA_SHARED/S2_S3/POOLED_all.png,figure,no_generated_output
analysis/ELSA/figures/calibration/ELSA_SHARED/S2_S3/POOLED_disease.png,figure,no_generated_output
analysis/ELSA/figures/calibration/ELSA_SHARED/S2_S3/PUSHA.png,figure,no_generated_output
analysis/ELSA/figures/calibration/ELSA_SHARED/S2_S3/SHOPA.png,figure,no_generated_output
analysis/ELSA/figures/calibration/ELSA_SHARED/S2_S3/STOOPA.png,figure,no_generated_output
analysis/ELSA/figures/calibration/ELSA_SHARED/S2_S3/STROKE.png,figure,no_generated_output
analysis/ELSA/figures/calibration/ELSA_SHARED/S2_S3/TOILTA.png,figure,no_generated_output
analysis/ELSA/figures/calibration/ELSA_SHARED/S2_S3/WALKRA.png,figure,no_generated_output
analysis/ELSA/figures/calibration/ELSA_SHARED/S3_S4/ARMSA.png,figure,no_generated_output
analysis/ELSA/figures/calibration/ELSA_SHARED/S3_S4/ARTHRE.png,figure,no_generated_output
analysis/ELSA/figures/calibration/ELSA_SHARED/S3_S4/BATHA.png,figure,no_generated_output
analysis/ELSA/figures/calibration/ELSA_SHARED/S3_S4/BEDA.png,figure,no_generated_output
analysis/ELSA/figures/calibration/ELSA_SHARED/S3_S4/CANCRE.png,figure,no_generated_output
analysis/ELSA/figures/calibration/ELSA_SHARED/S3_S4/CHAIRA.png,figure,no_generated_output
analysis/ELSA/figures/calibration/ELSA_SHARED/S3_S4/CLIM1A.png,figure,no_generated_output
analysis/ELSA/figures/calibration/ELSA_SHARED/S3_S4/CLIMSA.png,figure,no_generated_output
analysis/ELSA/figures/calibration/ELSA_SHARED/S3_S4/DIABE.png,figure,no_generated_output
analysis/ELSA/figures/calibration/ELSA_SHARED/S3_S4/DIMEA.png,figure,no_generated_output
analysis/ELSA/figures/calibration/ELSA_SHARED/S3_S4/DRESSA.png,figure,no_generated_output
analysis/ELSA/figures/calibration/ELSA_SHARED/S3_S4/EATA.png,figure,no_generated_output
analysis/ELSA/figures/calibration/ELSA_SHARED/S3_S4/HEARTE.png,figure,no_generated_output
analysis/ELSA/figures/calibration/ELSA_SHARED/S3_S4/HIBPE.png,figure,no_generated_output
analysis/ELSA/figures/calibration/ELSA_SHARED/S3_S4/LIFTA.png,figure,no_generated_output
analysis/ELSA/figures/calibration/ELSA_SHARED/S3_S4/LUNGE.png,figure,no_generated_output
analysis/ELSA/figures/calibration/ELSA_SHARED/S3_S4/MONEYA.png,figure,no_generated_output
analysis/ELSA/figures/calibration/ELSA_SHARED/S3_S4/PHONEA.png,figure,no_generated_output
analysis/ELSA/figures/calibration/ELSA_SHARED/S3_S4/POOLED_adl.png,figure,no_generated_output
analysis/ELSA/figures/calibration/ELSA_SHARED/S3_S4/POOLED_all.png,figure,no_generated_output
analysis/ELSA/figures/calibration/ELSA_SHARED/S3_S4/POOLED_disease.png,figure,no_generated_output
analysis/ELSA/figures/calibration/ELSA_SHARED/S3_S4/PUSHA.png,figure,no_generated_output
analysis/ELSA/figures/calibration/ELSA_SHARED/S3_S4/SHOPA.png,figure,no_generated_output
analysis/ELSA/figures/calibration/ELSA_SHARED/S3_S4/STOOPA.png,figure,no_generated_output
analysis/ELSA/figures/calibration/ELSA_SHARED/S3_S4/STROKE.png,figure,no_generated_output
analysis/ELSA/figures/calibration/ELSA_SHARED/S3_S4/TOILTA.png,figure,no_generated_output
analysis/ELSA/figures/calibration/ELSA_SHARED/S3_S4/WALKRA.png,figure,no_generated_output
analysis/ELSA/figures/calibration/ELSA_SHARED/S4_S5/ARMSA.png,figure,no_generated_output
analysis/ELSA/figures/calibration/ELSA_SHARED/S4_S5/ARTHRE.png,figure,no_generated_output
analysis/ELSA/figures/calibration/ELSA_SHARED/S4_S5/BATHA.png,figure,no_generated_output
analysis/ELSA/figures/calibration/ELSA_SHARED/S4_S5/BEDA.png,figure,no_generated_output
analysis/ELSA/figures/calibration/ELSA_SHARED/S4_S5/CANCRE.png,figure,no_generated_output
analysis/ELSA/figures/calibration/ELSA_SHARED/S4_S5/CHAIRA.png,figure,no_generated_output
analysis/ELSA/figures/calibration/ELSA_SHARED/S4_S5/CLIM1A.png,figure,no_generated_output
analysis/ELSA/figures/calibration/ELSA_SHARED/S4_S5/CLIMSA.png,figure,no_generated_output
analysis/ELSA/figures/calibration/ELSA_SHARED/S4_S5/DIABE.png,figure,no_generated_output
analysis/ELSA/figures/calibration/ELSA_SHARED/S4_S5/DIMEA.png,figure,no_generated_output
analysis/ELSA/figures/calibration/ELSA_SHARED/S4_S5/DRESSA.png,figure,no_generated_output
analysis/ELSA/figures/calibration/ELSA_SHARED/S4_S5/EATA.png,figure,no_generated_output
analysis/ELSA/figures/calibration/ELSA_SHARED/S4_S5/HEARTE.png,figure,no_generated_output
analysis/ELSA/figures/calibration/ELSA_SHARED/S4_S5/HIBPE.png,figure,no_generated_output
analysis/ELSA/figures/calibration/ELSA_SHARED/S4_S5/LIFTA.png,figure,no_generated_output
analysis/ELSA/figures/calibration/ELSA_SHARED/S4_S5/LUNGE.png,figure,no_generated_output
analysis/ELSA/figures/calibration/ELSA_SHARED/S4_S5/MONEYA.png,figure,no_generated_output
analysis/ELSA/figures/calibration/ELSA_SHARED/S4_S5/PHONEA.png,figure,no_generated_output
analysis/ELSA/figures/calibration/ELSA_SHARED/S4_S5/POOLED_adl.png,figure,no_generated_output
analysis/ELSA/figures/calibration/ELSA_SHARED/S4_S5/POOLED_all.png,figure,no_generated_output
analysis/ELSA/figures/calibration/ELSA_SHARED/S4_S5/POOLED_disease.png,figure,no_generated_output
analysis/ELSA/figures/calibration/ELSA_SHARED/S4_S5/PUSHA.png,figure,no_generated_output
analysis/ELSA/figures/calibration/ELSA_SHARED/S4_S5/SHOPA.png,figure,no_generated_output
analysis/ELSA/figures/calibration/ELSA_SHARED/S4_S5/STOOPA.png,figure,no_generated_output
analysis/ELSA/figures/calibration/ELSA_SHARED/S4_S5/STROKE.png,figure,no_generated_output
analysis/ELSA/figures/calibration/ELSA_SHARED/S4_S5/TOILTA.png,figure,no_generated_output
analysis/ELSA/figures/calibration/ELSA_SHARED/S4_S5/WALKRA.png,figure,no_generated_output
analysis/ELSA/figures/calibration/ELSA_SHARED/S5_S6/ARMSA.png,figure,no_generated_output
analysis/ELSA/figures/calibration/ELSA_SHARED/S5_S6/ARTHRE.png,figure,no_generated_output
analysis/ELSA/figures/calibration/ELSA_SHARED/S5_S6/BATHA.png,figure,no_generated_output
analysis/ELSA/figures/calibration/ELSA_SHARED/S5_S6/BEDA.png,figure,no_generated_output
analysis/ELSA/figures/calibration/ELSA_SHARED/S5_S6/CANCRE.png,figure,no_generated_output
analysis/ELSA/figures/calibration/ELSA_SHARED/S5_S6/CHAIRA.png,figure,no_generated_output
analysis/ELSA/figures/calibration/ELSA_SHARED/S5_S6/CLIM1A.png,figure,no_generated_output
analysis/ELSA/figures/calibration/ELSA_SHARED/S5_S6/CLIMSA.png,figure,no_generated_output
analysis/ELSA/figures/calibration/ELSA_SHARED/S5_S6/DIABE.png,figure,no_generated_output
analysis/ELSA/figures/calibration/ELSA_SHARED/S5_S6/DIMEA.png,figure,no_generated_output
analysis/ELSA/figures/calibration/ELSA_SHARED/S5_S6/DRESSA.png,figure,no_generated_output
analysis/ELSA/figures/calibration/ELSA_SHARED/S5_S6/EATA.png,figure,no_generated_output
analysis/ELSA/figures/calibration/ELSA_SHARED/S5_S6/HEARTE.png,figure,no_generated_output
analysis/ELSA/figures/calibration/ELSA_SHARED/S5_S6/HIBPE.png,figure,no_generated_output
analysis/ELSA/figures/calibration/ELSA_SHARED/S5_S6/LIFTA.png,figure,no_generated_output
analysis/ELSA/figures/calibration/ELSA_SHARED/S5_S6/LUNGE.png,figure,no_generated_output
analysis/ELSA/figures/calibration/ELSA_SHARED/S5_S6/MONEYA.png,figure,no_generated_output
analysis/ELSA/figures/calibration/ELSA_SHARED/S5_S6/PHONEA.png,figure,no_generated_output
analysis/ELSA/figures/calibration/ELSA_SHARED/S5_S6/POOLED_adl.png,figure,no_generated_output
analysis/ELSA/figures/calibration/ELSA_SHARED/S5_S6/POOLED_all.png,figure,no_generated_output
analysis/ELSA/figures/calibration/ELSA_SHARED/S5_S6/POOLED_disease.png,figure,no_generated_output
analysis/ELSA/figures/calibration/ELSA_SHARED/S5_S6/PUSHA.png,figure,no_generated_output
analysis/ELSA/figures/calibration/ELSA_SHARED/S5_S6/SHOPA.png,figure,no_generated_output
analysis/ELSA/figures/calibration/ELSA_SHARED/S5_S6/STOOPA.png,figure,no_generated_output
analysis/ELSA/figures/calibration/ELSA_SHARED/S5_S6/STROKE.png,figure,no_generated_output
analysis/ELSA/figures/calibration/ELSA_SHARED/S5_S6/TOILTA.png,figure,no_generated_output
analysis/ELSA/figures/calibration/ELSA_SHARED/S5_S6/WALKRA.png,figure,no_generated_output
analysis/ELSA/figures/calibration/ELSA_SHARED/S6_S7/ARMSA.png,figure,no_generated_output
analysis/ELSA/figures/calibration/ELSA_SHARED/S6_S7/ARTHRE.png,figure,no_generated_output
analysis/ELSA/figures/calibration/ELSA_SHARED/S6_S7/BATHA.png,figure,no_generated_output
analysis/ELSA/figures/calibration/ELSA_SHARED/S6_S7/BEDA.png,figure,no_generated_output
analysis/ELSA/figures/calibration/ELSA_SHARED/S6_S7/CANCRE.png,figure,no_generated_output
analysis/ELSA/figures/calibration/ELSA_SHARED/S6_S7/CHAIRA.png,figure,no_generated_output
analysis/ELSA/figures/calibration/ELSA_SHARED/S6_S7/CLIM1A.png,figure,no_generated_output
analysis/ELSA/figures/calibration/ELSA_SHARED/S6_S7/CLIMSA.png,figure,no_generated_output
analysis/ELSA/figures/calibration/ELSA_SHARED/S6_S7/DIABE.png,figure,no_generated_output
analysis/ELSA/figures/calibration/ELSA_SHARED/S6_S7/DIMEA.png,figure,no_generated_output
analysis/ELSA/figures/calibration/ELSA_SHARED/S6_S7/DRESSA.png,figure,no_generated_output
analysis/ELSA/figures/calibration/ELSA_SHARED/S6_S7/EATA.png,figure,no_generated_output
analysis/ELSA/figures/calibration/ELSA_SHARED/S6_S7/HEARTE.png,figure,no_generated_output
analysis/ELSA/figures/calibration/ELSA_SHARED/S6_S7/HIBPE.png,figure,no_generated_output
analysis/ELSA/figures/calibration/ELSA_SHARED/S6_S7/LIFTA.png,figure,no_generated_output
analysis/ELSA/figures/calibration/ELSA_SHARED/S6_S7/LUNGE.png,figure,no_generated_output
analysis/ELSA/figures/calibration/ELSA_SHARED/S6_S7/MONEYA.png,figure,no_generated_output
analysis/ELSA/figures/calibration/ELSA_SHARED/S6_S7/PHONEA.png,figure,no_generated_output
analysis/ELSA/figures/calibration/ELSA_SHARED/S6_S7/POOLED_adl.png,figure,no_generated_output
analysis/ELSA/figures/calibration/ELSA_SHARED/S6_S7/POOLED_all.png,figure,no_generated_output
analysis/ELSA/figures/calibration/ELSA_SHARED/S6_S7/POOLED_disease.png,figure,no_generated_output
analysis/ELSA/figures/calibration/ELSA_SHARED/S6_S7/PUSHA.png,figure,no_generated_output
analysis/ELSA/figures/calibration/ELSA_SHARED/S6_S7/SHOPA.png,figure,no_generated_output
analysis/ELSA/figures/calibration/ELSA_SHARED/S6_S7/STOOPA.png,figure,no_generated_output
analysis/ELSA/figures/calibration/ELSA_SHARED/S6_S7/STROKE.png,figure,no_generated_output
analysis/ELSA/figures/calibration/ELSA_SHARED/S6_S7/TOILTA.png,figure,no_generated_output
analysis/ELSA/figures/calibration/ELSA_SHARED/S6_S7/WALKRA.png,figure,no_generated_output
analysis/ELSA/figures/calibration/ELSA_SHARED/S7_S8/ARMSA.png,figure,no_generated_output
analysis/ELSA/figures/calibration/ELSA_SHARED/S7_S8/ARTHRE.png,figure,no_generated_output
analysis/ELSA/figures/calibration/ELSA_SHARED/S7_S8/BATHA.png,figure,no_generated_output
analysis/ELSA/figures/calibration/ELSA_SHARED/S7_S8/BEDA.png,figure,no_generated_output
analysis/ELSA/figures/calibration/ELSA_SHARED/S7_S8/CANCRE.png,figure,no_generated_output
analysis/ELSA/figures/calibration/ELSA_SHARED/S7_S8/CHAIRA.png,figure,no_generated_output
analysis/ELSA/figures/calibration/ELSA_SHARED/S7_S8/CLIM1A.png,figure,no_generated_output
analysis/ELSA/figures/calibration/ELSA_SHARED/S7_S8/CLIMSA.png,figure,no_generated_output
analysis/ELSA/figures/calibration/ELSA_SHARED/S7_S8/DIABE.png,figure,no_generated_output
analysis/ELSA/figures/calibration/ELSA_SHARED/S7_S8/DIMEA.png,figure,no_generated_output
analysis/ELSA/figures/calibration/ELSA_SHARED/S7_S8/DRESSA.png,figure,no_generated_output
analysis/ELSA/figures/calibration/ELSA_SHARED/S7_S8/EATA.png,figure,no_generated_output
analysis/ELSA/figures/calibration/ELSA_SHARED/S7_S8/HEARTE.png,figure,no_generated_output
analysis/ELSA/figures/calibration/ELSA_SHARED/S7_S8/HIBPE.png,figure,no_generated_output
analysis/ELSA/figures/calibration/ELSA_SHARED/S7_S8/LIFTA.png,figure,no_generated_output
analysis/ELSA/figures/calibration/ELSA_SHARED/S7_S8/LUNGE.png,figure,no_generated_output
analysis/ELSA/figures/calibration/ELSA_SHARED/S7_S8/MONEYA.png,figure,no_generated_output
analysis/ELSA/figures/calibration/ELSA_SHARED/S7_S8/PHONEA.png,figure,no_generated_output
analysis/ELSA/figures/calibration/ELSA_SHARED/S7_S8/POOLED_adl.png,figure,no_generated_output
analysis/ELSA/figures/calibration/ELSA_SHARED/S7_S8/POOLED_all.png,figure,no_generated_output
analysis/ELSA/figures/calibration/ELSA_SHARED/S7_S8/POOLED_disease.png,figure,no_generated_output
analysis/ELSA/figures/calibration/ELSA_SHARED/S7_S8/PUSHA.png,figure,no_generated_output
analysis/ELSA/figures/calibration/ELSA_SHARED/S7_S8/SHOPA.png,figure,no_generated_output
analysis/ELSA/figures/calibration/ELSA_SHARED/S7_S8/STOOPA.png,figure,no_generated_output
analysis/ELSA/figures/calibration/ELSA_SHARED/S7_S8/STROKE.png,figure,no_generated_output
analysis/ELSA/figures/calibration/ELSA_SHARED/S7_S8/TOILTA.png,figure,no_generated_output
analysis/ELSA/figures/calibration/ELSA_SHARED/S7_S8/WALKRA.png,figure,no_generated_output
analysis/ELSA/figures/calibration/ELSA_SHARED/S8_S9/ARMSA.png,figure,no_generated_output
analysis/ELSA/figures/calibration/ELSA_SHARED/S8_S9/ARTHRE.png,figure,no_generated_output
analysis/ELSA/figures/calibration/ELSA_SHARED/S8_S9/BATHA.png,figure,no_generated_output
analysis/ELSA/figures/calibration/ELSA_SHARED/S8_S9/BEDA.png,figure,no_generated_output
analysis/ELSA/figures/calibration/ELSA_SHARED/S8_S9/CANCRE.png,figure,no_generated_output
analysis/ELSA/figures/calibration/ELSA_SHARED/S8_S9/CHAIRA.png,figure,no_generated_output
analysis/ELSA/figures/calibration/ELSA_SHARED/S8_S9/CLIM1A.png,figure,no_generated_output
analysis/ELSA/figures/calibration/ELSA_SHARED/S8_S9/CLIMSA.png,figure,no_generated_output
analysis/ELSA/figures/calibration/ELSA_SHARED/S8_S9/DIABE.png,figure,no_generated_output
analysis/ELSA/figures/calibration/ELSA_SHARED/S8_S9/DIMEA.png,figure,no_generated_output
analysis/ELSA/figures/calibration/ELSA_SHARED/S8_S9/DRESSA.png,figure,no_generated_output
analysis/ELSA/figures/calibration/ELSA_SHARED/S8_S9/EATA.png,figure,no_generated_output
analysis/ELSA/figures/calibration/ELSA_SHARED/S8_S9/HEARTE.png,figure,no_generated_output
analysis/ELSA/figures/calibration/ELSA_SHARED/S8_S9/HIBPE.png,figure,no_generated_output
analysis/ELSA/figures/calibration/ELSA_SHARED/S8_S9/LIFTA.png,figure,no_generated_output
analysis/ELSA/figures/calibration/ELSA_SHARED/S8_S9/LUNGE.png,figure,no_generated_output
analysis/ELSA/figures/calibration/ELSA_SHARED/S8_S9/MONEYA.png,figure,no_generated_output
analysis/ELSA/figures/calibration/ELSA_SHARED/S8_S9/PHONEA.png,figure,no_generated_output
analysis/ELSA/figures/calibration/ELSA_SHARED/S8_S9/POOLED_adl.png,figure,no_generated_output
analysis/ELSA/figures/calibration/ELSA_SHARED/S8_S9/POOLED_all.png,figure,no_generated_output
analysis/ELSA/figures/calibration/ELSA_SHARED/S8_S9/POOLED_disease.png,figure,no_generated_output
analysis/ELSA/figures/calibration/ELSA_SHARED/S8_S9/PUSHA.png,figure,no_generated_output
analysis/ELSA/figures/calibration/ELSA_SHARED/S8_S9/SHOPA.png,figure,no_generated_output
analysis/ELSA/figures/calibration/ELSA_SHARED/S8_S9/STOOPA.png,figure,no_generated_output
analysis/ELSA/figures/calibration/ELSA_SHARED/S8_S9/STROKE.png,figure,no_generated_output
analysis/ELSA/figures/calibration/ELSA_SHARED/S8_S9/TOILTA.png,figure,no_generated_output
analysis/ELSA/figures/calibration/ELSA_SHARED/S8_S9/WALKRA.png,figure,no_generated_output
analysis/ELSA/figures/calibration/MNAR_Pmm/S1_S2/ANGINE.png,figure,no_generated_output
analysis/ELSA/figures/calibration/MNAR_Pmm/S1_S2/ARMSA.png,figure,no_generated_output
analysis/ELSA/figures/calibration/MNAR_Pmm/S1_S2/ARTHRE.png,figure,no_generated_output
analysis/ELSA/figures/calibration/MNAR_Pmm/S1_S2/ASTHMAE.png,figure,no_generated_output
analysis/ELSA/figures/calibration/MNAR_Pmm/S1_S2/BATHA.png,figure,no_generated_output
analysis/ELSA/figures/calibration/MNAR_Pmm/S1_S2/BEDA.png,figure,no_generated_output
analysis/ELSA/figures/calibration/MNAR_Pmm/S1_S2/CANCRE.png,figure,no_generated_output
analysis/ELSA/figures/calibration/MNAR_Pmm/S1_S2/CATRACTE.png,figure,no_generated_output
analysis/ELSA/figures/calibration/MNAR_Pmm/S1_S2/CHAIRA.png,figure,no_generated_output
analysis/ELSA/figures/calibration/MNAR_Pmm/S1_S2/CLIM1A.png,figure,no_generated_output
analysis/ELSA/figures/calibration/MNAR_Pmm/S1_S2/CLIMSA.png,figure,no_generated_output
analysis/ELSA/figures/calibration/MNAR_Pmm/S1_S2/COMMUNA.png,figure,no_generated_output
analysis/ELSA/figures/calibration/MNAR_Pmm/S1_S2/CONHRTFE.png,figure,no_generated_output
analysis/ELSA/figures/calibration/MNAR_Pmm/S1_S2/DIABE.png,figure,no_generated_output
analysis/ELSA/figures/calibration/MNAR_Pmm/S1_S2/DIMEA.png,figure,no_generated_output
analysis/ELSA/figures/calibration/MNAR_Pmm/S1_S2/DRESSA.png,figure,no_generated_output
analysis/ELSA/figures/calibration/MNAR_Pmm/S1_S2/EATA.png,figure,no_generated_output
analysis/ELSA/figures/calibration/MNAR_Pmm/S1_S2/HCHOLE.png,figure,no_generated_output
analysis/ELSA/figures/calibration/MNAR_Pmm/S1_S2/HEARTE.png,figure,no_generated_output
analysis/ELSA/figures/calibration/MNAR_Pmm/S1_S2/HIBPE.png,figure,no_generated_output
analysis/ELSA/figures/calibration/MNAR_Pmm/S1_S2/HIPE.png,figure,no_generated_output
analysis/ELSA/figures/calibration/MNAR_Pmm/S1_S2/HOUSEWKA.png,figure,no_generated_output
analysis/ELSA/figures/calibration/MNAR_Pmm/S1_S2/HRTATTE.png,figure,no_generated_output
analysis/ELSA/figures/calibration/MNAR_Pmm/S1_S2/HRTMRE.png,figure,no_generated_output
analysis/ELSA/figures/calibration/MNAR_Pmm/S1_S2/HRTRHME.png,figure,no_generated_output
analysis/ELSA/figures/calibration/MNAR_Pmm/S1_S2/LIFTA.png,figure,no_generated_output
analysis/ELSA/figures/calibration/MNAR_Pmm/S1_S2/LUNGE.png,figure,no_generated_output
analysis/ELSA/figures/calibration/MNAR_Pmm/S1_S2/MAPA.png,figure,no_generated_output
analysis/ELSA/figures/calibration/MNAR_Pmm/S1_S2/MEALSA.png,figure,no_generated_output
analysis/ELSA/figures/calibration/MNAR_Pmm/S1_S2/MEDSA.png,figure,no_generated_output
analysis/ELSA/figures/calibration/MNAR_Pmm/S1_S2/MONEYA.png,figure,no_generated_output
analysis/ELSA/figures/calibration/MNAR_Pmm/S1_S2/OSTEOE.png,figure,no_generated_output
analysis/ELSA/figures/calibration/MNAR_Pmm/S1_S2/PARKINE.png,figure,no_generated_output
analysis/ELSA/figures/calibration/MNAR_Pmm/S1_S2/PHONEA.png,figure,no_generated_output
analysis/ELSA/figures/calibration/MNAR_Pmm/S1_S2/POOLED_adl.png,figure,no_generated_output
analysis/ELSA/figures/calibration/MNAR_Pmm/S1_S2/POOLED_all.png,figure,no_generated_output
analysis/ELSA/figures/calibration/MNAR_Pmm/S1_S2/POOLED_disease.png,figure,no_generated_output
analysis/ELSA/figures/calibration/MNAR_Pmm/S1_S2/PSYCHE.png,figure,no_generated_output
analysis/ELSA/figures/calibration/MNAR_Pmm/S1_S2/PUSHA.png,figure,no_generated_output
analysis/ELSA/figures/calibration/MNAR_Pmm/S1_S2/SHOPA.png,figure,no_generated_output
analysis/ELSA/figures/calibration/MNAR_Pmm/S1_S2/SITA.png,figure,no_generated_output
analysis/ELSA/figures/calibration/MNAR_Pmm/S1_S2/STOOPA.png,figure,no_generated_output
analysis/ELSA/figures/calibration/MNAR_Pmm/S1_S2/STROKE.png,figure,no_generated_output
analysis/ELSA/figures/calibration/MNAR_Pmm/S1_S2/TOILTA.png,figure,no_generated_output
analysis/ELSA/figures/calibration/MNAR_Pmm/S1_S2/WALK100A.png,figure,no_generated_output
analysis/ELSA/figures/calibration/MNAR_Pmm/S1_S2/WALKRA.png,figure,no_generated_output
analysis/ELSA/figures/calibration/MNAR_Pmm/S2_S3/ANGINE.png,figure,no_generated_output
analysis/ELSA/figures/calibration/MNAR_Pmm/S2_S3/ARMSA.png,figure,no_generated_output
analysis/ELSA/figures/calibration/MNAR_Pmm/S2_S3/ARTHRE.png,figure,no_generated_output
analysis/ELSA/figures/calibration/MNAR_Pmm/S2_S3/ASTHMAE.png,figure,no_generated_output
analysis/ELSA/figures/calibration/MNAR_Pmm/S2_S3/BATHA.png,figure,no_generated_output
analysis/ELSA/figures/calibration/MNAR_Pmm/S2_S3/BEDA.png,figure,no_generated_output
analysis/ELSA/figures/calibration/MNAR_Pmm/S2_S3/CANCRE.png,figure,no_generated_output
analysis/ELSA/figures/calibration/MNAR_Pmm/S2_S3/CATRACTE.png,figure,no_generated_output
analysis/ELSA/figures/calibration/MNAR_Pmm/S2_S3/CHAIRA.png,figure,no_generated_output
analysis/ELSA/figures/calibration/MNAR_Pmm/S2_S3/CLIM1A.png,figure,no_generated_output
analysis/ELSA/figures/calibration/MNAR_Pmm/S2_S3/CLIMSA.png,figure,no_generated_output
analysis/ELSA/figures/calibration/MNAR_Pmm/S2_S3/CONHRTFE.png,figure,no_generated_output
analysis/ELSA/figures/calibration/MNAR_Pmm/S2_S3/DIABE.png,figure,no_generated_output
analysis/ELSA/figures/calibration/MNAR_Pmm/S2_S3/DIMEA.png,figure,no_generated_output
analysis/ELSA/figures/calibration/MNAR_Pmm/S2_S3/DRESSA.png,figure,no_generated_output
analysis/ELSA/figures/calibration/MNAR_Pmm/S2_S3/EATA.png,figure,no_generated_output
analysis/ELSA/figures/calibration/MNAR_Pmm/S2_S3/HCHOLE.png,figure,no_generated_output
analysis/ELSA/figures/calibration/MNAR_Pmm/S2_S3/HEARTE.png,figure,no_generated_output
analysis/ELSA/figures/calibration/MNAR_Pmm/S2_S3/HIBPE.png,figure,no_generated_output
analysis/ELSA/figures/calibration/MNAR_Pmm/S2_S3/HIPE.png,figure,no_generated_output
analysis/ELSA/figures/calibration/MNAR_Pmm/S2_S3/HOUSEWKA.png,figure,no_generated_output
analysis/ELSA/figures/calibration/MNAR_Pmm/S2_S3/HRTATTE.png,figure,no_generated_output
analysis/ELSA/figures/calibration/MNAR_Pmm/S2_S3/HRTMRE.png,figure,no_generated_output
analysis/ELSA/figures/calibration/MNAR_Pmm/S2_S3/HRTRHME.png,figure,no_generated_output
analysis/ELSA/figures/calibration/MNAR_Pmm/S2_S3/LIFTA.png,figure,no_generated_output
analysis/ELSA/figures/calibration/MNAR_Pmm/S2_S3/LUNGE.png,figure,no_generated_output
analysis/ELSA/figures/calibration/MNAR_Pmm/S2_S3/MAPA.png,figure,no_generated_output
analysis/ELSA/figures/calibration/MNAR_Pmm/S2_S3/MEALSA.png,figure,no_generated_output
analysis/ELSA/figures/calibration/MNAR_Pmm/S2_S3/MEDSA.png,figure,no_generated_output
analysis/ELSA/figures/calibration/MNAR_Pmm/S2_S3/MONEYA.png,figure,no_generated_output
analysis/ELSA/figures/calibration/MNAR_Pmm/S2_S3/OSTEOE.png,figure,no_generated_output
analysis/ELSA/figures/calibration/MNAR_Pmm/S2_S3/PARKINE.png,figure,no_generated_output
analysis/ELSA/figures/calibration/MNAR_Pmm/S2_S3/PHONEA.png,figure,no_generated_output
analysis/ELSA/figures/calibration/MNAR_Pmm/S2_S3/POOLED_adl.png,figure,no_generated_output
analysis/ELSA/figures/calibration/MNAR_Pmm/S2_S3/POOLED_all.png,figure,no_generated_output
analysis/ELSA/figures/calibration/MNAR_Pmm/S2_S3/POOLED_disease.png,figure,no_generated_output
analysis/ELSA/figures/calibration/MNAR_Pmm/S2_S3/PSYCHE.png,figure,no_generated_output
analysis/ELSA/figures/calibration/MNAR_Pmm/S2_S3/PUSHA.png,figure,no_generated_output
analysis/ELSA/figures/calibration/MNAR_Pmm/S2_S3/SHOPA.png,figure,no_generated_output
analysis/ELSA/figures/calibration/MNAR_Pmm/S2_S3/SITA.png,figure,no_generated_output
analysis/ELSA/figures/calibration/MNAR_Pmm/S2_S3/STOOPA.png,figure,no_generated_output
analysis/ELSA/figures/calibration/MNAR_Pmm/S2_S3/STROKE.png,figure,no_generated_output
analysis/ELSA/figures/calibration/MNAR_Pmm/S2_S3/TOILTA.png,figure,no_generated_output
analysis/ELSA/figures/calibration/MNAR_Pmm/S2_S3/WALK100A.png,figure,no_generated_output
analysis/ELSA/figures/calibration/MNAR_Pmm/S2_S3/WALKRA.png,figure,no_generated_output
analysis/ELSA/figures/calibration/MNAR_Pmm/S3_S4/ANGINE.png,figure,no_generated_output
analysis/ELSA/figures/calibration/MNAR_Pmm/S3_S4/ARMSA.png,figure,no_generated_output
analysis/ELSA/figures/calibration/MNAR_Pmm/S3_S4/ARTHRE.png,figure,no_generated_output
analysis/ELSA/figures/calibration/MNAR_Pmm/S3_S4/ASTHMAE.png,figure,no_generated_output
analysis/ELSA/figures/calibration/MNAR_Pmm/S3_S4/BATHA.png,figure,no_generated_output
analysis/ELSA/figures/calibration/MNAR_Pmm/S3_S4/BEDA.png,figure,no_generated_output
analysis/ELSA/figures/calibration/MNAR_Pmm/S3_S4/CANCRE.png,figure,no_generated_output
analysis/ELSA/figures/calibration/MNAR_Pmm/S3_S4/CATRACTE.png,figure,no_generated_output
analysis/ELSA/figures/calibration/MNAR_Pmm/S3_S4/CHAIRA.png,figure,no_generated_output
analysis/ELSA/figures/calibration/MNAR_Pmm/S3_S4/CLIM1A.png,figure,no_generated_output
analysis/ELSA/figures/calibration/MNAR_Pmm/S3_S4/CLIMSA.png,figure,no_generated_output
analysis/ELSA/figures/calibration/MNAR_Pmm/S3_S4/COMMUNA.png,figure,no_generated_output
analysis/ELSA/figures/calibration/MNAR_Pmm/S3_S4/CONHRTFE.png,figure,no_generated_output
analysis/ELSA/figures/calibration/MNAR_Pmm/S3_S4/DANGERA.png,figure,no_generated_output
analysis/ELSA/figures/calibration/MNAR_Pmm/S3_S4/DIABE.png,figure,no_generated_output
analysis/ELSA/figures/calibration/MNAR_Pmm/S3_S4/DIMEA.png,figure,no_generated_output
analysis/ELSA/figures/calibration/MNAR_Pmm/S3_S4/DRESSA.png,figure,no_generated_output
analysis/ELSA/figures/calibration/MNAR_Pmm/S3_S4/EATA.png,figure,no_generated_output
analysis/ELSA/figures/calibration/MNAR_Pmm/S3_S4/HCHOLE.png,figure,no_generated_output
analysis/ELSA/figures/calibration/MNAR_Pmm/S3_S4/HEARTE.png,figure,no_generated_output
analysis/ELSA/figures/calibration/MNAR_Pmm/S3_S4/HIBPE.png,figure,no_generated_output
analysis/ELSA/figures/calibration/MNAR_Pmm/S3_S4/HIPE.png,figure,no_generated_output
analysis/ELSA/figures/calibration/MNAR_Pmm/S3_S4/HOUSEWKA.png,figure,no_generated_output
analysis/ELSA/figures/calibration/MNAR_Pmm/S3_S4/HRTATTE.png,figure,no_generated_output
analysis/ELSA/figures/calibration/MNAR_Pmm/S3_S4/HRTMRE.png,figure,no_generated_output
analysis/ELSA/figures/calibration/MNAR_Pmm/S3_S4/HRTRHME.png,figure,no_generated_output
analysis/ELSA/figures/calibration/MNAR_Pmm/S3_S4/LIFTA.png,figure,no_generated_output
analysis/ELSA/figures/calibration/MNAR_Pmm/S3_S4/LUNGE.png,figure,no_generated_output
analysis/ELSA/figures/calibration/MNAR_Pmm/S3_S4/MAPA.png,figure,no_generated_output
analysis/ELSA/figures/calibration/MNAR_Pmm/S3_S4/MEALSA.png,figure,no_generated_output
analysis/ELSA/figures/calibration/MNAR_Pmm/S3_S4/MEDSA.png,figure,no_generated_output
analysis/ELSA/figures/calibration/MNAR_Pmm/S3_S4/MONEYA.png,figure,no_generated_output
analysis/ELSA/figures/calibration/MNAR_Pmm/S3_S4/OSTEOE.png,figure,no_generated_output
analysis/ELSA/figures/calibration/MNAR_Pmm/S3_S4/PARKINE.png,figure,no_generated_output
analysis/ELSA/figures/calibration/MNAR_Pmm/S3_S4/PHONEA.png,figure,no_generated_output
analysis/ELSA/figures/calibration/MNAR_Pmm/S3_S4/POOLED_adl.png,figure,no_generated_output
analysis/ELSA/figures/calibration/MNAR_Pmm/S3_S4/POOLED_all.png,figure,no_generated_output
analysis/ELSA/figures/calibration/MNAR_Pmm/S3_S4/POOLED_disease.png,figure,no_generated_output
analysis/ELSA/figures/calibration/MNAR_Pmm/S3_S4/PSYCHE.png,figure,no_generated_output
analysis/ELSA/figures/calibration/MNAR_Pmm/S3_S4/PUSHA.png,figure,no_generated_output
analysis/ELSA/figures/calibration/MNAR_Pmm/S3_S4/SHOPA.png,figure,no_generated_output
analysis/ELSA/figures/calibration/MNAR_Pmm/S3_S4/SITA.png,figure,no_generated_output
analysis/ELSA/figures/calibration/MNAR_Pmm/S3_S4/STOOPA.png,figure,no_generated_output
analysis/ELSA/figures/calibration/MNAR_Pmm/S3_S4/STROKE.png,figure,no_generated_output
analysis/ELSA/figures/calibration/MNAR_Pmm/S3_S4/TOILTA.png,figure,no_generated_output
analysis/ELSA/figures/calibration/MNAR_Pmm/S3_S4/WALK100A.png,figure,no_generated_output
analysis/ELSA/figures/calibration/MNAR_Pmm/S3_S4/WALKRA.png,figure,no_generated_output
analysis/ELSA/figures/calibration/MNAR_Pmm/S4_S5/ANGINE.png,figure,no_generated_output
analysis/ELSA/figures/calibration/MNAR_Pmm/S4_S5/ARMSA.png,figure,no_generated_output
analysis/ELSA/figures/calibration/MNAR_Pmm/S4_S5/ARTHRE.png,figure,no_generated_output
analysis/ELSA/figures/calibration/MNAR_Pmm/S4_S5/ASTHMAE.png,figure,no_generated_output
analysis/ELSA/figures/calibration/MNAR_Pmm/S4_S5/BATHA.png,figure,no_generated_output
analysis/ELSA/figures/calibration/MNAR_Pmm/S4_S5/BEDA.png,figure,no_generated_output
analysis/ELSA/figures/calibration/MNAR_Pmm/S4_S5/CANCRE.png,figure,no_generated_output
analysis/ELSA/figures/calibration/MNAR_Pmm/S4_S5/CATRACTE.png,figure,no_generated_output
analysis/ELSA/figures/calibration/MNAR_Pmm/S4_S5/CHAIRA.png,figure,no_generated_output
analysis/ELSA/figures/calibration/MNAR_Pmm/S4_S5/CLIM1A.png,figure,no_generated_output
analysis/ELSA/figures/calibration/MNAR_Pmm/S4_S5/CLIMSA.png,figure,no_generated_output
analysis/ELSA/figures/calibration/MNAR_Pmm/S4_S5/COMMUNA.png,figure,no_generated_output
analysis/ELSA/figures/calibration/MNAR_Pmm/S4_S5/CONHRTFE.png,figure,no_generated_output
analysis/ELSA/figures/calibration/MNAR_Pmm/S4_S5/DANGERA.png,figure,no_generated_output
analysis/ELSA/figures/calibration/MNAR_Pmm/S4_S5/DIABE.png,figure,no_generated_output
analysis/ELSA/figures/calibration/MNAR_Pmm/S4_S5/DIMEA.png,figure,no_generated_output
analysis/ELSA/figures/calibration/MNAR_Pmm/S4_S5/DRESSA.png,figure,no_generated_output
analysis/ELSA/figures/calibration/MNAR_Pmm/S4_S5/EATA.png,figure,no_generated_output
analysis/ELSA/figures/calibration/MNAR_Pmm/S4_S5/HCHOLE.png,figure,no_generated_output
analysis/ELSA/figures/calibration/MNAR_Pmm/S4_S5/HEARTE.png,figure,no_generated_output
analysis/ELSA/figures/calibration/MNAR_Pmm/S4_S5/HIBPE.png,figure,no_generated_output
analysis/ELSA/figures/calibration/MNAR_Pmm/S4_S5/HIPE.png,figure,no_generated_output
analysis/ELSA/figures/calibration/MNAR_Pmm/S4_S5/HOUSEWKA.png,figure,no_generated_output
analysis/ELSA/figures/calibration/MNAR_Pmm/S4_S5/HRTATTE.png,figure,no_generated_output
analysis/ELSA/figures/calibration/MNAR_Pmm/S4_S5/HRTMRE.png,figure,no_generated_output
analysis/ELSA/figures/calibration/MNAR_Pmm/S4_S5/HRTRHME.png,figure,no_generated_output
analysis/ELSA/figures/calibration/MNAR_Pmm/S4_S5/LIFTA.png,figure,no_generated_output
analysis/ELSA/figures/calibration/MNAR_Pmm/S4_S5/LUNGE.png,figure,no_generated_output
analysis/ELSA/figures/calibration/MNAR_Pmm/S4_S5/MAPA.png,figure,no_generated_output
analysis/ELSA/figures/calibration/MNAR_Pmm/S4_S5/MEALSA.png,figure,no_generated_output
analysis/ELSA/figures/calibration/MNAR_Pmm/S4_S5/MEDSA.png,figure,no_generated_output
analysis/ELSA/figures/calibration/MNAR_Pmm/S4_S5/MONEYA.png,figure,no_generated_output
analysis/ELSA/figures/calibration/MNAR_Pmm/S4_S5/OSTEOE.png,figure,no_generated_output
analysis/ELSA/figures/calibration/MNAR_Pmm/S4_S5/PARKINE.png,figure,no_generated_output
analysis/ELSA/figures/calibration/MNAR_Pmm/S4_S5/PHONEA.png,figure,no_generated_output
analysis/ELSA/figures/calibration/MNAR_Pmm/S4_S5/POOLED_adl.png,figure,no_generated_output
analysis/ELSA/figures/calibration/MNAR_Pmm/S4_S5/POOLED_all.png,figure,no_generated_output
analysis/ELSA/figures/calibration/MNAR_Pmm/S4_S5/POOLED_disease.png,figure,no_generated_output
analysis/ELSA/figures/calibration/MNAR_Pmm/S4_S5/PSYCHE.png,figure,no_generated_output
analysis/ELSA/figures/calibration/MNAR_Pmm/S4_S5/PUSHA.png,figure,no_generated_output
analysis/ELSA/figures/calibration/MNAR_Pmm/S4_S5/SHOPA.png,figure,no_generated_output
analysis/ELSA/figures/calibration/MNAR_Pmm/S4_S5/SITA.png,figure,no_generated_output
analysis/ELSA/figures/calibration/MNAR_Pmm/S4_S5/STOOPA.png,figure,no_generated_output
analysis/ELSA/figures/calibration/MNAR_Pmm/S4_S5/STROKE.png,figure,no_generated_output
analysis/ELSA/figures/calibration/MNAR_Pmm/S4_S5/TOILTA.png,figure,no_generated_output
analysis/ELSA/figures/calibration/MNAR_Pmm/S4_S5/WALK100A.png,figure,no_generated_output
analysis/ELSA/figures/calibration/MNAR_Pmm/S4_S5/WALKRA.png,figure,no_generated_output
analysis/ELSA/figures/calibration/MNAR_Pmm/S5_S6/ANGINE.png,figure,no_generated_output
analysis/ELSA/figures/calibration/MNAR_Pmm/S5_S6/ARMSA.png,figure,no_generated_output
analysis/ELSA/figures/calibration/MNAR_Pmm/S5_S6/ARTHRE.png,figure,no_generated_output
analysis/ELSA/figures/calibration/MNAR_Pmm/S5_S6/ASTHMAE.png,figure,no_generated_output
analysis/ELSA/figures/calibration/MNAR_Pmm/S5_S6/BATHA.png,figure,no_generated_output
analysis/ELSA/figures/calibration/MNAR_Pmm/S5_S6/BEDA.png,figure,no_generated_output
analysis/ELSA/figures/calibration/MNAR_Pmm/S5_S6/CANCRE.png,figure,no_generated_output
analysis/ELSA/figures/calibration/MNAR_Pmm/S5_S6/CATRACTE.png,figure,no_generated_output
analysis/ELSA/figures/calibration/MNAR_Pmm/S5_S6/CHAIRA.png,figure,no_generated_output
analysis/ELSA/figures/calibration/MNAR_Pmm/S5_S6/CLIM1A.png,figure,no_generated_output
analysis/ELSA/figures/calibration/MNAR_Pmm/S5_S6/CLIMSA.png,figure,no_generated_output
analysis/ELSA/figures/calibration/MNAR_Pmm/S5_S6/COMMUNA.png,figure,no_generated_output
analysis/ELSA/figures/calibration/MNAR_Pmm/S5_S6/CONHRTFE.png,figure,no_generated_output
analysis/ELSA/figures/calibration/MNAR_Pmm/S5_S6/DANGERA.png,figure,no_generated_output
analysis/ELSA/figures/calibration/MNAR_Pmm/S5_S6/DIABE.png,figure,no_generated_output
analysis/ELSA/figures/calibration/MNAR_Pmm/S5_S6/DIMEA.png,figure,no_generated_output
analysis/ELSA/figures/calibration/MNAR_Pmm/S5_S6/DRESSA.png,figure,no_generated_output
analysis/ELSA/figures/calibration/MNAR_Pmm/S5_S6/EATA.png,figure,no_generated_output
analysis/ELSA/figures/calibration/MNAR_Pmm/S5_S6/HCHOLE.png,figure,no_generated_output
analysis/ELSA/figures/calibration/MNAR_Pmm/S5_S6/HEARTE.png,figure,no_generated_output
analysis/ELSA/figures/calibration/MNAR_Pmm/S5_S6/HIBPE.png,figure,no_generated_output
analysis/ELSA/figures/calibration/MNAR_Pmm/S5_S6/HIPE.png,figure,no_generated_output
analysis/ELSA/figures/calibration/MNAR_Pmm/S5_S6/HOUSEWKA.png,figure,no_generated_output
analysis/ELSA/figures/calibration/MNAR_Pmm/S5_S6/HRTATTE.png,figure,no_generated_output
analysis/ELSA/figures/calibration/MNAR_Pmm/S5_S6/HRTMRE.png,figure,no_generated_output
analysis/ELSA/figures/calibration/MNAR_Pmm/S5_S6/HRTRHME.png,figure,no_generated_output
analysis/ELSA/figures/calibration/MNAR_Pmm/S5_S6/LIFTA.png,figure,no_generated_output
analysis/ELSA/figures/calibration/MNAR_Pmm/S5_S6/LUNGE.png,figure,no_generated_output
analysis/ELSA/figures/calibration/MNAR_Pmm/S5_S6/MAPA.png,figure,no_generated_output
analysis/ELSA/figures/calibration/MNAR_Pmm/S5_S6/MEALSA.png,figure,no_generated_output
analysis/ELSA/figures/calibration/MNAR_Pmm/S5_S6/MEDSA.png,figure,no_generated_output
analysis/ELSA/figures/calibration/MNAR_Pmm/S5_S6/MONEYA.png,figure,no_generated_output
analysis/ELSA/figures/calibration/MNAR_Pmm/S5_S6/OSTEOE.png,figure,no_generated_output
analysis/ELSA/figures/calibration/MNAR_Pmm/S5_S6/PARKINE.png,figure,no_generated_output
analysis/ELSA/figures/calibration/MNAR_Pmm/S5_S6/PHONEA.png,figure,no_generated_output
analysis/ELSA/figures/calibration/MNAR_Pmm/S5_S6/POOLED_adl.png,figure,no_generated_output
analysis/ELSA/figures/calibration/MNAR_Pmm/S5_S6/POOLED_all.png,figure,no_generated_output
analysis/ELSA/figures/calibration/MNAR_Pmm/S5_S6/POOLED_disease.png,figure,no_generated_output
analysis/ELSA/figures/calibration/MNAR_Pmm/S5_S6/PSYCHE.png,figure,no_generated_output
analysis/ELSA/figures/calibration/MNAR_Pmm/S5_S6/PUSHA.png,figure,no_generated_output
analysis/ELSA/figures/calibration/MNAR_Pmm/S5_S6/SHOPA.png,figure,no_generated_output
analysis/ELSA/figures/calibration/MNAR_Pmm/S5_S6/SITA.png,figure,no_generated_output
analysis/ELSA/figures/calibration/MNAR_Pmm/S5_S6/STOOPA.png,figure,no_generated_output
analysis/ELSA/figures/calibration/MNAR_Pmm/S5_S6/STROKE.png,figure,no_generated_output
analysis/ELSA/figures/calibration/MNAR_Pmm/S5_S6/TOILTA.png,figure,no_generated_output
analysis/ELSA/figures/calibration/MNAR_Pmm/S5_S6/WALK100A.png,figure,no_generated_output
analysis/ELSA/figures/calibration/MNAR_Pmm/S5_S6/WALKRA.png,figure,no_generated_output
analysis/ELSA/figures/calibration/MNAR_Pmm/S6_S7/ANGINE.png,figure,no_generated_output
analysis/ELSA/figures/calibration/MNAR_Pmm/S6_S7/ARMSA.png,figure,no_generated_output
analysis/ELSA/figures/calibration/MNAR_Pmm/S6_S7/ARTHRE.png,figure,no_generated_output
analysis/ELSA/figures/calibration/MNAR_Pmm/S6_S7/ASTHMAE.png,figure,no_generated_output
analysis/ELSA/figures/calibration/MNAR_Pmm/S6_S7/BATHA.png,figure,no_generated_output
analysis/ELSA/figures/calibration/MNAR_Pmm/S6_S7/BEDA.png,figure,no_generated_output
analysis/ELSA/figures/calibration/MNAR_Pmm/S6_S7/CANCRE.png,figure,no_generated_output
analysis/ELSA/figures/calibration/MNAR_Pmm/S6_S7/CATRACTE.png,figure,no_generated_output
analysis/ELSA/figures/calibration/MNAR_Pmm/S6_S7/CHAIRA.png,figure,no_generated_output
analysis/ELSA/figures/calibration/MNAR_Pmm/S6_S7/CLIM1A.png,figure,no_generated_output
analysis/ELSA/figures/calibration/MNAR_Pmm/S6_S7/CLIMSA.png,figure,no_generated_output
analysis/ELSA/figures/calibration/MNAR_Pmm/S6_S7/COMMUNA.png,figure,no_generated_output
analysis/ELSA/figures/calibration/MNAR_Pmm/S6_S7/CONHRTFE.png,figure,no_generated_output
analysis/ELSA/figures/calibration/MNAR_Pmm/S6_S7/DANGERA.png,figure,no_generated_output
analysis/ELSA/figures/calibration/MNAR_Pmm/S6_S7/DIABE.png,figure,no_generated_output
analysis/ELSA/figures/calibration/MNAR_Pmm/S6_S7/DIMEA.png,figure,no_generated_output
analysis/ELSA/figures/calibration/MNAR_Pmm/S6_S7/DRESSA.png,figure,no_generated_output
analysis/ELSA/figures/calibration/MNAR_Pmm/S6_S7/EATA.png,figure,no_generated_output
analysis/ELSA/figures/calibration/MNAR_Pmm/S6_S7/HCHOLE.png,figure,no_generated_output
analysis/ELSA/figures/calibration/MNAR_Pmm/S6_S7/HEARTE.png,figure,no_generated_output
analysis/ELSA/figures/calibration/MNAR_Pmm/S6_S7/HIBPE.png,figure,no_generated_output
analysis/ELSA/figures/calibration/MNAR_Pmm/S6_S7/HIPE.png,figure,no_generated_output
analysis/ELSA/figures/calibration/MNAR_Pmm/S6_S7/HOUSEWKA.png,figure,no_generated_output
analysis/ELSA/figures/calibration/MNAR_Pmm/S6_S7/HRTATTE.png,figure,no_generated_output
analysis/ELSA/figures/calibration/MNAR_Pmm/S6_S7/HRTMRE.png,figure,no_generated_output
analysis/ELSA/figures/calibration/MNAR_Pmm/S6_S7/HRTRHME.png,figure,no_generated_output
analysis/ELSA/figures/calibration/MNAR_Pmm/S6_S7/LIFTA.png,figure,no_generated_output
analysis/ELSA/figures/calibration/MNAR_Pmm/S6_S7/LUNGE.png,figure,no_generated_output
analysis/ELSA/figures/calibration/MNAR_Pmm/S6_S7/MAPA.png,figure,no_generated_output
analysis/ELSA/figures/calibration/MNAR_Pmm/S6_S7/MEALSA.png,figure,no_generated_output
analysis/ELSA/figures/calibration/MNAR_Pmm/S6_S7/MEDSA.png,figure,no_generated_output
analysis/ELSA/figures/calibration/MNAR_Pmm/S6_S7/MONEYA.png,figure,no_generated_output
analysis/ELSA/figures/calibration/MNAR_Pmm/S6_S7/OSTEOE.png,figure,no_generated_output
analysis/ELSA/figures/calibration/MNAR_Pmm/S6_S7/PARKINE.png,figure,no_generated_output
analysis/ELSA/figures/calibration/MNAR_Pmm/S6_S7/PHONEA.png,figure,no_generated_output
analysis/ELSA/figures/calibration/MNAR_Pmm/S6_S7/POOLED_adl.png,figure,no_generated_output
analysis/ELSA/figures/calibration/MNAR_Pmm/S6_S7/POOLED_all.png,figure,no_generated_output
analysis/ELSA/figures/calibration/MNAR_Pmm/S6_S7/POOLED_disease.png,figure,no_generated_output
analysis/ELSA/figures/calibration/MNAR_Pmm/S6_S7/PSYCHE.png,figure,no_generated_output
analysis/ELSA/figures/calibration/MNAR_Pmm/S6_S7/PUSHA.png,figure,no_generated_output
analysis/ELSA/figures/calibration/MNAR_Pmm/S6_S7/SHOPA.png,figure,no_generated_output
analysis/ELSA/figures/calibration/MNAR_Pmm/S6_S7/SITA.png,figure,no_generated_output
analysis/ELSA/figures/calibration/MNAR_Pmm/S6_S7/STOOPA.png,figure,no_generated_output
analysis/ELSA/figures/calibration/MNAR_Pmm/S6_S7/STROKE.png,figure,no_generated_output
analysis/ELSA/figures/calibration/MNAR_Pmm/S6_S7/TOILTA.png,figure,no_generated_output
analysis/ELSA/figures/calibration/MNAR_Pmm/S6_S7/WALK100A.png,figure,no_generated_output
analysis/ELSA/figures/calibration/MNAR_Pmm/S6_S7/WALKRA.png,figure,no_generated_output
analysis/ELSA/figures/calibration/MNAR_Pmm/S7_S8/ANGINE.png,figure,no_generated_output
analysis/ELSA/figures/calibration/MNAR_Pmm/S7_S8/ARMSA.png,figure,no_generated_output
analysis/ELSA/figures/calibration/MNAR_Pmm/S7_S8/ARTHRE.png,figure,no_generated_output
analysis/ELSA/figures/calibration/MNAR_Pmm/S7_S8/ASTHMAE.png,figure,no_generated_output
analysis/ELSA/figures/calibration/MNAR_Pmm/S7_S8/BATHA.png,figure,no_generated_output
analysis/ELSA/figures/calibration/MNAR_Pmm/S7_S8/BEDA.png,figure,no_generated_output
analysis/ELSA/figures/calibration/MNAR_Pmm/S7_S8/CANCRE.png,figure,no_generated_output
analysis/ELSA/figures/calibration/MNAR_Pmm/S7_S8/CATRACTE.png,figure,no_generated_output
analysis/ELSA/figures/calibration/MNAR_Pmm/S7_S8/CHAIRA.png,figure,no_generated_output
analysis/ELSA/figures/calibration/MNAR_Pmm/S7_S8/CLIM1A.png,figure,no_generated_output
analysis/ELSA/figures/calibration/MNAR_Pmm/S7_S8/CLIMSA.png,figure,no_generated_output
analysis/ELSA/figures/calibration/MNAR_Pmm/S7_S8/COMMUNA.png,figure,no_generated_output
analysis/ELSA/figures/calibration/MNAR_Pmm/S7_S8/CONHRTFE.png,figure,no_generated_output
analysis/ELSA/figures/calibration/MNAR_Pmm/S7_S8/DANGERA.png,figure,no_generated_output
analysis/ELSA/figures/calibration/MNAR_Pmm/S7_S8/DIABE.png,figure,no_generated_output
analysis/ELSA/figures/calibration/MNAR_Pmm/S7_S8/DIMEA.png,figure,no_generated_output
analysis/ELSA/figures/calibration/MNAR_Pmm/S7_S8/DRESSA.png,figure,no_generated_output
analysis/ELSA/figures/calibration/MNAR_Pmm/S7_S8/EATA.png,figure,no_generated_output
analysis/ELSA/figures/calibration/MNAR_Pmm/S7_S8/HCHOLE.png,figure,no_generated_output
analysis/ELSA/figures/calibration/MNAR_Pmm/S7_S8/HEARTE.png,figure,no_generated_output
analysis/ELSA/figures/calibration/MNAR_Pmm/S7_S8/HIBPE.png,figure,no_generated_output
analysis/ELSA/figures/calibration/MNAR_Pmm/S7_S8/HIPE.png,figure,no_generated_output
analysis/ELSA/figures/calibration/MNAR_Pmm/S7_S8/HOUSEWKA.png,figure,no_generated_output
analysis/ELSA/figures/calibration/MNAR_Pmm/S7_S8/HRTATTE.png,figure,no_generated_output
analysis/ELSA/figures/calibration/MNAR_Pmm/S7_S8/HRTMRE.png,figure,no_generated_output
analysis/ELSA/figures/calibration/MNAR_Pmm/S7_S8/HRTRHME.png,figure,no_generated_output
analysis/ELSA/figures/calibration/MNAR_Pmm/S7_S8/LIFTA.png,figure,no_generated_output
analysis/ELSA/figures/calibration/MNAR_Pmm/S7_S8/LUNGE.png,figure,no_generated_output
analysis/ELSA/figures/calibration/MNAR_Pmm/S7_S8/MAPA.png,figure,no_generated_output
analysis/ELSA/figures/calibration/MNAR_Pmm/S7_S8/MEALSA.png,figure,no_generated_output
analysis/ELSA/figures/calibration/MNAR_Pmm/S7_S8/MEDSA.png,figure,no_generated_output
analysis/ELSA/figures/calibration/MNAR_Pmm/S7_S8/MONEYA.png,figure,no_generated_output
analysis/ELSA/figures/calibration/MNAR_Pmm/S7_S8/OSTEOE.png,figure,no_generated_output
analysis/ELSA/figures/calibration/MNAR_Pmm/S7_S8/PARKINE.png,figure,no_generated_output
analysis/ELSA/figures/calibration/MNAR_Pmm/S7_S8/PHONEA.png,figure,no_generated_output
analysis/ELSA/figures/calibration/MNAR_Pmm/S7_S8/POOLED_adl.png,figure,no_generated_output
analysis/ELSA/figures/calibration/MNAR_Pmm/S7_S8/POOLED_all.png,figure,no_generated_output
analysis/ELSA/figures/calibration/MNAR_Pmm/S7_S8/POOLED_disease.png,figure,no_generated_output
analysis/ELSA/figures/calibration/MNAR_Pmm/S7_S8/PSYCHE.png,figure,no_generated_output
analysis/ELSA/figures/calibration/MNAR_Pmm/S7_S8/PUSHA.png,figure,no_generated_output
analysis/ELSA/figures/calibration/MNAR_Pmm/S7_S8/SHOPA.png,figure,no_generated_output
analysis/ELSA/figures/calibration/MNAR_Pmm/S7_S8/SITA.png,figure,no_generated_output
analysis/ELSA/figures/calibration/MNAR_Pmm/S7_S8/STOOPA.png,figure,no_generated_output
analysis/ELSA/figures/calibration/MNAR_Pmm/S7_S8/STROKE.png,figure,no_generated_output
analysis/ELSA/figures/calibration/MNAR_Pmm/S7_S8/TOILTA.png,figure,no_generated_output
analysis/ELSA/figures/calibration/MNAR_Pmm/S7_S8/WALK100A.png,figure,no_generated_output
analysis/ELSA/figures/calibration/MNAR_Pmm/S7_S8/WALKRA.png,figure,no_generated_output
analysis/ELSA/figures/calibration/MNAR_Pmm/S8_S9/ANGINE.png,figure,no_generated_output
analysis/ELSA/figures/calibration/MNAR_Pmm/S8_S9/ARMSA.png,figure,no_generated_output
analysis/ELSA/figures/calibration/MNAR_Pmm/S8_S9/ARTHRE.png,figure,no_generated_output
analysis/ELSA/figures/calibration/MNAR_Pmm/S8_S9/ASTHMAE.png,figure,no_generated_output
analysis/ELSA/figures/calibration/MNAR_Pmm/S8_S9/BATHA.png,figure,no_generated_output
analysis/ELSA/figures/calibration/MNAR_Pmm/S8_S9/BEDA.png,figure,no_generated_output
analysis/ELSA/figures/calibration/MNAR_Pmm/S8_S9/CANCRE.png,figure,no_generated_output
analysis/ELSA/figures/calibration/MNAR_Pmm/S8_S9/CATRACTE.png,figure,no_generated_output
analysis/ELSA/figures/calibration/MNAR_Pmm/S8_S9/CHAIRA.png,figure,no_generated_output
analysis/ELSA/figures/calibration/MNAR_Pmm/S8_S9/CLIM1A.png,figure,no_generated_output
analysis/ELSA/figures/calibration/MNAR_Pmm/S8_S9/CLIMSA.png,figure,no_generated_output
analysis/ELSA/figures/calibration/MNAR_Pmm/S8_S9/COMMUNA.png,figure,no_generated_output
analysis/ELSA/figures/calibration/MNAR_Pmm/S8_S9/CONHRTFE.png,figure,no_generated_output
analysis/ELSA/figures/calibration/MNAR_Pmm/S8_S9/DANGERA.png,figure,no_generated_output
analysis/ELSA/figures/calibration/MNAR_Pmm/S8_S9/DIABE.png,figure,no_generated_output
analysis/ELSA/figures/calibration/MNAR_Pmm/S8_S9/DIMEA.png,figure,no_generated_output
analysis/ELSA/figures/calibration/MNAR_Pmm/S8_S9/DRESSA.png,figure,no_generated_output
analysis/ELSA/figures/calibration/MNAR_Pmm/S8_S9/EATA.png,figure,no_generated_output
analysis/ELSA/figures/calibration/MNAR_Pmm/S8_S9/HCHOLE.png,figure,no_generated_output
analysis/ELSA/figures/calibration/MNAR_Pmm/S8_S9/HEARTE.png,figure,no_generated_output
analysis/ELSA/figures/calibration/MNAR_Pmm/S8_S9/HIBPE.png,figure,no_generated_output
analysis/ELSA/figures/calibration/MNAR_Pmm/S8_S9/HIPE.png,figure,no_generated_output
analysis/ELSA/figures/calibration/MNAR_Pmm/S8_S9/HOUSEWKA.png,figure,no_generated_output
analysis/ELSA/figures/calibration/MNAR_Pmm/S8_S9/HRTATTE.png,figure,no_generated_output
analysis/ELSA/figures/calibration/MNAR_Pmm/S8_S9/HRTMRE.png,figure,no_generated_output
analysis/ELSA/figures/calibration/MNAR_Pmm/S8_S9/HRTRHME.png,figure,no_generated_output
analysis/ELSA/figures/calibration/MNAR_Pmm/S8_S9/LIFTA.png,figure,no_generated_output
analysis/ELSA/figures/calibration/MNAR_Pmm/S8_S9/LUNGE.png,figure,no_generated_output
analysis/ELSA/figures/calibration/MNAR_Pmm/S8_S9/MAPA.png,figure,no_generated_output
analysis/ELSA/figures/calibration/MNAR_Pmm/S8_S9/MEALSA.png,figure,no_generated_output
analysis/ELSA/figures/calibration/MNAR_Pmm/S8_S9/MEDSA.png,figure,no_generated_output
analysis/ELSA/figures/calibration/MNAR_Pmm/S8_S9/MONEYA.png,figure,no_generated_output
analysis/ELSA/figures/calibration/MNAR_Pmm/S8_S9/OSTEOE.png,figure,no_generated_output
analysis/ELSA/figures/calibration/MNAR_Pmm/S8_S9/PARKINE.png,figure,no_generated_output
analysis/ELSA/figures/calibration/MNAR_Pmm/S8_S9/PHONEA.png,figure,no_generated_output
analysis/ELSA/figures/calibration/MNAR_Pmm/S8_S9/POOLED_adl.png,figure,no_generated_output
analysis/ELSA/figures/calibration/MNAR_Pmm/S8_S9/POOLED_all.png,figure,no_generated_output
analysis/ELSA/figures/calibration/MNAR_Pmm/S8_S9/POOLED_disease.png,figure,no_generated_output
analysis/ELSA/figures/calibration/MNAR_Pmm/S8_S9/PSYCHE.png,figure,no_generated_output
analysis/ELSA/figures/calibration/MNAR_Pmm/S8_S9/PUSHA.png,figure,no_generated_output
analysis/ELSA/figures/calibration/MNAR_Pmm/S8_S9/SHOPA.png,figure,no_generated_output
analysis/ELSA/figures/calibration/MNAR_Pmm/S8_S9/SITA.png,figure,no_generated_output
analysis/ELSA/figures/calibration/MNAR_Pmm/S8_S9/STOOPA.png,figure,no_generated_output
analysis/ELSA/figures/calibration/MNAR_Pmm/S8_S9/STROKE.png,figure,no_generated_output
analysis/ELSA/figures/calibration/MNAR_Pmm/S8_S9/TOILTA.png,figure,no_generated_output
analysis/ELSA/figures/calibration/MNAR_Pmm/S8_S9/WALK100A.png,figure,no_generated_output
analysis/ELSA/figures/calibration/MNAR_Pmm/S8_S9/WALKRA.png,figure,no_generated_output
analysis/ELSA/figures/calibration_loglog/ELSA_SHARED/S1_S2/ARMSA.png,figure,no_generated_output
analysis/ELSA/figures/calibration_loglog/ELSA_SHARED/S1_S2/ARTHRE.png,figure,no_generated_output
analysis/ELSA/figures/calibration_loglog/ELSA_SHARED/S1_S2/BATHA.png,figure,no_generated_output
analysis/ELSA/figures/calibration_loglog/ELSA_SHARED/S1_S2/BEDA.png,figure,no_generated_output
analysis/ELSA/figures/calibration_loglog/ELSA_SHARED/S1_S2/CANCRE.png,figure,no_generated_output
analysis/ELSA/figures/calibration_loglog/ELSA_SHARED/S1_S2/CHAIRA.png,figure,no_generated_output
analysis/ELSA/figures/calibration_loglog/ELSA_SHARED/S1_S2/CLIM1A.png,figure,no_generated_output
analysis/ELSA/figures/calibration_loglog/ELSA_SHARED/S1_S2/CLIMSA.png,figure,no_generated_output
analysis/ELSA/figures/calibration_loglog/ELSA_SHARED/S1_S2/DIABE.png,figure,no_generated_output
analysis/ELSA/figures/calibration_loglog/ELSA_SHARED/S1_S2/DIMEA.png,figure,no_generated_output
analysis/ELSA/figures/calibration_loglog/ELSA_SHARED/S1_S2/DRESSA.png,figure,no_generated_output
analysis/ELSA/figures/calibration_loglog/ELSA_SHARED/S1_S2/EATA.png,figure,no_generated_output
analysis/ELSA/figures/calibration_loglog/ELSA_SHARED/S1_S2/HEARTE.png,figure,no_generated_output
analysis/ELSA/figures/calibration_loglog/ELSA_SHARED/S1_S2/HIBPE.png,figure,no_generated_output
analysis/ELSA/figures/calibration_loglog/ELSA_SHARED/S1_S2/LIFTA.png,figure,no_generated_output
analysis/ELSA/figures/calibration_loglog/ELSA_SHARED/S1_S2/LUNGE.png,figure,no_generated_output
analysis/ELSA/figures/calibration_loglog/ELSA_SHARED/S1_S2/MONEYA.png,figure,no_generated_output
analysis/ELSA/figures/calibration_loglog/ELSA_SHARED/S1_S2/PHONEA.png,figure,no_generated_output
analysis/ELSA/figures/calibration_loglog/ELSA_SHARED/S1_S2/POOLED_adl.png,figure,no_generated_output
analysis/ELSA/figures/calibration_loglog/ELSA_SHARED/S1_S2/POOLED_all.png,figure,no_generated_output
analysis/ELSA/figures/calibration_loglog/ELSA_SHARED/S1_S2/POOLED_disease.png,figure,no_generated_output
analysis/ELSA/figures/calibration_loglog/ELSA_SHARED/S1_S2/PUSHA.png,figure,no_generated_output
analysis/ELSA/figures/calibration_loglog/ELSA_SHARED/S1_S2/SHOPA.png,figure,no_generated_output
analysis/ELSA/figures/calibration_loglog/ELSA_SHARED/S1_S2/STOOPA.png,figure,no_generated_output
analysis/ELSA/figures/calibration_loglog/ELSA_SHARED/S1_S2/STROKE.png,figure,no_generated_output
analysis/ELSA/figures/calibration_loglog/ELSA_SHARED/S1_S2/TOILTA.png,figure,no_generated_output
analysis/ELSA/figures/calibration_loglog/ELSA_SHARED/S1_S2/WALKRA.png,figure,no_generated_output
analysis/ELSA/figures/calibration_loglog/ELSA_SHARED/S2_S3/ARMSA.png,figure,no_generated_output
analysis/ELSA/figures/calibration_loglog/ELSA_SHARED/S2_S3/ARTHRE.png,figure,no_generated_output
analysis/ELSA/figures/calibration_loglog/ELSA_SHARED/S2_S3/BATHA.png,figure,no_generated_output
analysis/ELSA/figures/calibration_loglog/ELSA_SHARED/S2_S3/BEDA.png,figure,no_generated_output
analysis/ELSA/figures/calibration_loglog/ELSA_SHARED/S2_S3/CANCRE.png,figure,no_generated_output
analysis/ELSA/figures/calibration_loglog/ELSA_SHARED/S2_S3/CHAIRA.png,figure,no_generated_output
analysis/ELSA/figures/calibration_loglog/ELSA_SHARED/S2_S3/CLIM1A.png,figure,no_generated_output
analysis/ELSA/figures/calibration_loglog/ELSA_SHARED/S2_S3/CLIMSA.png,figure,no_generated_output
analysis/ELSA/figures/calibration_loglog/ELSA_SHARED/S2_S3/DIABE.png,figure,no_generated_output
analysis/ELSA/figures/calibration_loglog/ELSA_SHARED/S2_S3/DIMEA.png,figure,no_generated_output
analysis/ELSA/figures/calibration_loglog/ELSA_SHARED/S2_S3/DRESSA.png,figure,no_generated_output
analysis/ELSA/figures/calibration_loglog/ELSA_SHARED/S2_S3/EATA.png,figure,no_generated_output
analysis/ELSA/figures/calibration_loglog/ELSA_SHARED/S2_S3/HEARTE.png,figure,no_generated_output
analysis/ELSA/figures/calibration_loglog/ELSA_SHARED/S2_S3/HIBPE.png,figure,no_generated_output
analysis/ELSA/figures/calibration_loglog/ELSA_SHARED/S2_S3/LIFTA.png,figure,no_generated_output
analysis/ELSA/figures/calibration_loglog/ELSA_SHARED/S2_S3/LUNGE.png,figure,no_generated_output
analysis/ELSA/figures/calibration_loglog/ELSA_SHARED/S2_S3/MONEYA.png,figure,no_generated_output
analysis/ELSA/figures/calibration_loglog/ELSA_SHARED/S2_S3/PHONEA.png,figure,no_generated_output
analysis/ELSA/figures/calibration_loglog/ELSA_SHARED/S2_S3/POOLED_adl.png,figure,no_generated_output
analysis/ELSA/figures/calibration_loglog/ELSA_SHARED/S2_S3/POOLED_all.png,figure,no_generated_output
analysis/ELSA/figures/calibration_loglog/ELSA_SHARED/S2_S3/POOLED_disease.png,figure,no_generated_output
analysis/ELSA/figures/calibration_loglog/ELSA_SHARED/S2_S3/PUSHA.png,figure,no_generated_output
analysis/ELSA/figures/calibration_loglog/ELSA_SHARED/S2_S3/SHOPA.png,figure,no_generated_output
analysis/ELSA/figures/calibration_loglog/ELSA_SHARED/S2_S3/STOOPA.png,figure,no_generated_output
analysis/ELSA/figures/calibration_loglog/ELSA_SHARED/S2_S3/STROKE.png,figure,no_generated_output
analysis/ELSA/figures/calibration_loglog/ELSA_SHARED/S2_S3/TOILTA.png,figure,no_generated_output
analysis/ELSA/figures/calibration_loglog/ELSA_SHARED/S2_S3/WALKRA.png,figure,no_generated_output
analysis/ELSA/figures/calibration_loglog/ELSA_SHARED/S3_S4/ARMSA.png,figure,no_generated_output
analysis/ELSA/figures/calibration_loglog/ELSA_SHARED/S3_S4/ARTHRE.png,figure,no_generated_output
analysis/ELSA/figures/calibration_loglog/ELSA_SHARED/S3_S4/BATHA.png,figure,no_generated_output
analysis/ELSA/figures/calibration_loglog/ELSA_SHARED/S3_S4/BEDA.png,figure,no_generated_output
analysis/ELSA/figures/calibration_loglog/ELSA_SHARED/S3_S4/CANCRE.png,figure,no_generated_output
analysis/ELSA/figures/calibration_loglog/ELSA_SHARED/S3_S4/CHAIRA.png,figure,no_generated_output
analysis/ELSA/figures/calibration_loglog/ELSA_SHARED/S3_S4/CLIM1A.png,figure,no_generated_output
analysis/ELSA/figures/calibration_loglog/ELSA_SHARED/S3_S4/CLIMSA.png,figure,no_generated_output
analysis/ELSA/figures/calibration_loglog/ELSA_SHARED/S3_S4/DIABE.png,figure,no_generated_output
analysis/ELSA/figures/calibration_loglog/ELSA_SHARED/S3_S4/DIMEA.png,figure,no_generated_output
analysis/ELSA/figures/calibration_loglog/ELSA_SHARED/S3_S4/DRESSA.png,figure,no_generated_output
analysis/ELSA/figures/calibration_loglog/ELSA_SHARED/S3_S4/EATA.png,figure,no_generated_output
analysis/ELSA/figures/calibration_loglog/ELSA_SHARED/S3_S4/HEARTE.png,figure,no_generated_output
analysis/ELSA/figures/calibration_loglog/ELSA_SHARED/S3_S4/HIBPE.png,figure,no_generated_output
analysis/ELSA/figures/calibration_loglog/ELSA_SHARED/S3_S4/LIFTA.png,figure,no_generated_output
analysis/ELSA/figures/calibration_loglog/ELSA_SHARED/S3_S4/LUNGE.png,figure,no_generated_output
analysis/ELSA/figures/calibration_loglog/ELSA_SHARED/S3_S4/MONEYA.png,figure,no_generated_output
analysis/ELSA/figures/calibration_loglog/ELSA_SHARED/S3_S4/PHONEA.png,figure,no_generated_output
analysis/ELSA/figures/calibration_loglog/ELSA_SHARED/S3_S4/POOLED_adl.png,figure,no_generated_output
analysis/ELSA/figures/calibration_loglog/ELSA_SHARED/S3_S4/POOLED_all.png,figure,no_generated_output
analysis/ELSA/figures/calibration_loglog/ELSA_SHARED/S3_S4/POOLED_disease.png,figure,no_generated_output
analysis/ELSA/figures/calibration_loglog/ELSA_SHARED/S3_S4/PUSHA.png,figure,no_generated_output
analysis/ELSA/figures/calibration_loglog/ELSA_SHARED/S3_S4/SHOPA.png,figure,no_generated_output
analysis/ELSA/figures/calibration_loglog/ELSA_SHARED/S3_S4/STOOPA.png,figure,no_generated_output
analysis/ELSA/figures/calibration_loglog/ELSA_SHARED/S3_S4/STROKE.png,figure,no_generated_output
analysis/ELSA/figures/calibration_loglog/ELSA_SHARED/S3_S4/TOILTA.png,figure,no_generated_output
analysis/ELSA/figures/calibration_loglog/ELSA_SHARED/S3_S4/WALKRA.png,figure,no_generated_output
analysis/ELSA/figures/calibration_loglog/ELSA_SHARED/S4_S5/ARMSA.png,figure,no_generated_output
analysis/ELSA/figures/calibration_loglog/ELSA_SHARED/S4_S5/ARTHRE.png,figure,no_generated_output
analysis/ELSA/figures/calibration_loglog/ELSA_SHARED/S4_S5/BATHA.png,figure,no_generated_output
analysis/ELSA/figures/calibration_loglog/ELSA_SHARED/S4_S5/BEDA.png,figure,no_generated_output
analysis/ELSA/figures/calibration_loglog/ELSA_SHARED/S4_S5/CANCRE.png,figure,no_generated_output
analysis/ELSA/figures/calibration_loglog/ELSA_SHARED/S4_S5/CHAIRA.png,figure,no_generated_output
analysis/ELSA/figures/calibration_loglog/ELSA_SHARED/S4_S5/CLIM1A.png,figure,no_generated_output
analysis/ELSA/figures/calibration_loglog/ELSA_SHARED/S4_S5/CLIMSA.png,figure,no_generated_output
analysis/ELSA/figures/calibration_loglog/ELSA_SHARED/S4_S5/DIABE.png,figure,no_generated_output
analysis/ELSA/figures/calibration_loglog/ELSA_SHARED/S4_S5/DIMEA.png,figure,no_generated_output
analysis/ELSA/figures/calibration_loglog/ELSA_SHARED/S4_S5/DRESSA.png,figure,no_generated_output
analysis/ELSA/figures/calibration_loglog/ELSA_SHARED/S4_S5/EATA.png,figure,no_generated_output
analysis/ELSA/figures/calibration_loglog/ELSA_SHARED/S4_S5/HEARTE.png,figure,no_generated_output
analysis/ELSA/figures/calibration_loglog/ELSA_SHARED/S4_S5/HIBPE.png,figure,no_generated_output
analysis/ELSA/figures/calibration_loglog/ELSA_SHARED/S4_S5/LIFTA.png,figure,no_generated_output
analysis/ELSA/figures/calibration_loglog/ELSA_SHARED/S4_S5/LUNGE.png,figure,no_generated_output
analysis/ELSA/figures/calibration_loglog/ELSA_SHARED/S4_S5/MONEYA.png,figure,no_generated_output
analysis/ELSA/figures/calibration_loglog/ELSA_SHARED/S4_S5/PHONEA.png,figure,no_generated_output
analysis/ELSA/figures/calibration_loglog/ELSA_SHARED/S4_S5/POOLED_adl.png,figure,no_generated_output
analysis/ELSA/figures/calibration_loglog/ELSA_SHARED/S4_S5/POOLED_all.png,figure,no_generated_output
analysis/ELSA/figures/calibration_loglog/ELSA_SHARED/S4_S5/POOLED_disease.png,figure,no_generated_output
analysis/ELSA/figures/calibration_loglog/ELSA_SHARED/S4_S5/PUSHA.png,figure,no_generated_output
analysis/ELSA/figures/calibration_loglog/ELSA_SHARED/S4_S5/SHOPA.png,figure,no_generated_output
analysis/ELSA/figures/calibration_loglog/ELSA_SHARED/S4_S5/STOOPA.png,figure,no_generated_output
analysis/ELSA/figures/calibration_loglog/ELSA_SHARED/S4_S5/STROKE.png,figure,no_generated_output
analysis/ELSA/figures/calibration_loglog/ELSA_SHARED/S4_S5/TOILTA.png,figure,no_generated_output
analysis/ELSA/figures/calibration_loglog/ELSA_SHARED/S4_S5/WALKRA.png,figure,no_generated_output
analysis/ELSA/figures/calibration_loglog/ELSA_SHARED/S5_S6/ARMSA.png,figure,no_generated_output
analysis/ELSA/figures/calibration_loglog/ELSA_SHARED/S5_S6/ARTHRE.png,figure,no_generated_output
analysis/ELSA/figures/calibration_loglog/ELSA_SHARED/S5_S6/BATHA.png,figure,no_generated_output
analysis/ELSA/figures/calibration_loglog/ELSA_SHARED/S5_S6/BEDA.png,figure,no_generated_output
analysis/ELSA/figures/calibration_loglog/ELSA_SHARED/S5_S6/CANCRE.png,figure,no_generated_output
analysis/ELSA/figures/calibration_loglog/ELSA_SHARED/S5_S6/CHAIRA.png,figure,no_generated_output
analysis/ELSA/figures/calibration_loglog/ELSA_SHARED/S5_S6/CLIM1A.png,figure,no_generated_output
analysis/ELSA/figures/calibration_loglog/ELSA_SHARED/S5_S6/CLIMSA.png,figure,no_generated_output
analysis/ELSA/figures/calibration_loglog/ELSA_SHARED/S5_S6/DIABE.png,figure,no_generated_output
analysis/ELSA/figures/calibration_loglog/ELSA_SHARED/S5_S6/DIMEA.png,figure,no_generated_output
analysis/ELSA/figures/calibration_loglog/ELSA_SHARED/S5_S6/DRESSA.png,figure,no_generated_output
analysis/ELSA/figures/calibration_loglog/ELSA_SHARED/S5_S6/EATA.png,figure,no_generated_output
analysis/ELSA/figures/calibration_loglog/ELSA_SHARED/S5_S6/HEARTE.png,figure,no_generated_output
analysis/ELSA/figures/calibration_loglog/ELSA_SHARED/S5_S6/HIBPE.png,figure,no_generated_output
analysis/ELSA/figures/calibration_loglog/ELSA_SHARED/S5_S6/LIFTA.png,figure,no_generated_output
analysis/ELSA/figures/calibration_loglog/ELSA_SHARED/S5_S6/LUNGE.png,figure,no_generated_output
analysis/ELSA/figures/calibration_loglog/ELSA_SHARED/S5_S6/MONEYA.png,figure,no_generated_output
analysis/ELSA/figures/calibration_loglog/ELSA_SHARED/S5_S6/PHONEA.png,figure,no_generated_output
analysis/ELSA/figures/calibration_loglog/ELSA_SHARED/S5_S6/POOLED_adl.png,figure,no_generated_output
analysis/ELSA/figures/calibration_loglog/ELSA_SHARED/S5_S6/POOLED_all.png,figure,no_generated_output
analysis/ELSA/figures/calibration_loglog/ELSA_SHARED/S5_S6/POOLED_disease.png,figure,no_generated_output
analysis/ELSA/figures/calibration_loglog/ELSA_SHARED/S5_S6/PUSHA.png,figure,no_generated_output
analysis/ELSA/figures/calibration_loglog/ELSA_SHARED/S5_S6/SHOPA.png,figure,no_generated_output
analysis/ELSA/figures/calibration_loglog/ELSA_SHARED/S5_S6/STOOPA.png,figure,no_generated_output
analysis/ELSA/figures/calibration_loglog/ELSA_SHARED/S5_S6/STROKE.png,figure,no_generated_output
analysis/ELSA/figures/calibration_loglog/ELSA_SHARED/S5_S6/TOILTA.png,figure,no_generated_output
analysis/ELSA/figures/calibration_loglog/ELSA_SHARED/S5_S6/WALKRA.png,figure,no_generated_output
analysis/ELSA/figures/calibration_loglog/ELSA_SHARED/S6_S7/ARMSA.png,figure,no_generated_output
analysis/ELSA/figures/calibration_loglog/ELSA_SHARED/S6_S7/ARTHRE.png,figure,no_generated_output
analysis/ELSA/figures/calibration_loglog/ELSA_SHARED/S6_S7/BATHA.png,figure,no_generated_output
analysis/ELSA/figures/calibration_loglog/ELSA_SHARED/S6_S7/BEDA.png,figure,no_generated_output
analysis/ELSA/figures/calibration_loglog/ELSA_SHARED/S6_S7/CANCRE.png,figure,no_generated_output
analysis/ELSA/figures/calibration_loglog/ELSA_SHARED/S6_S7/CHAIRA.png,figure,no_generated_output
analysis/ELSA/figures/calibration_loglog/ELSA_SHARED/S6_S7/CLIM1A.png,figure,no_generated_output
analysis/ELSA/figures/calibration_loglog/ELSA_SHARED/S6_S7/CLIMSA.png,figure,no_generated_output
analysis/ELSA/figures/calibration_loglog/ELSA_SHARED/S6_S7/DIABE.png,figure,no_generated_output
analysis/ELSA/figures/calibration_loglog/ELSA_SHARED/S6_S7/DIMEA.png,figure,no_generated_output
analysis/ELSA/figures/calibration_loglog/ELSA_SHARED/S6_S7/DRESSA.png,figure,no_generated_output
analysis/ELSA/figures/calibration_loglog/ELSA_SHARED/S6_S7/EATA.png,figure,no_generated_output
analysis/ELSA/figures/calibration_loglog/ELSA_SHARED/S6_S7/HEARTE.png,figure,no_generated_output
analysis/ELSA/figures/calibration_loglog/ELSA_SHARED/S6_S7/HIBPE.png,figure,no_generated_output
analysis/ELSA/figures/calibration_loglog/ELSA_SHARED/S6_S7/LIFTA.png,figure,no_generated_output
analysis/ELSA/figures/calibration_loglog/ELSA_SHARED/S6_S7/LUNGE.png,figure,no_generated_output
analysis/ELSA/figures/calibration_loglog/ELSA_SHARED/S6_S7/MONEYA.png,figure,no_generated_output
analysis/ELSA/figures/calibration_loglog/ELSA_SHARED/S6_S7/PHONEA.png,figure,no_generated_output
analysis/ELSA/figures/calibration_loglog/ELSA_SHARED/S6_S7/POOLED_adl.png,figure,no_generated_output
analysis/ELSA/figures/calibration_loglog/ELSA_SHARED/S6_S7/POOLED_all.png,figure,no_generated_output
analysis/ELSA/figures/calibration_loglog/ELSA_SHARED/S6_S7/POOLED_disease.png,figure,no_generated_output
analysis/ELSA/figures/calibration_loglog/ELSA_SHARED/S6_S7/PUSHA.png,figure,no_generated_output
analysis/ELSA/figures/calibration_loglog/ELSA_SHARED/S6_S7/SHOPA.png,figure,no_generated_output
analysis/ELSA/figures/calibration_loglog/ELSA_SHARED/S6_S7/STOOPA.png,figure,no_generated_output
analysis/ELSA/figures/calibration_loglog/ELSA_SHARED/S6_S7/STROKE.png,figure,no_generated_output
analysis/ELSA/figures/calibration_loglog/ELSA_SHARED/S6_S7/TOILTA.png,figure,no_generated_output
analysis/ELSA/figures/calibration_loglog/ELSA_SHARED/S6_S7/WALKRA.png,figure,no_generated_output
analysis/ELSA/figures/calibration_loglog/ELSA_SHARED/S7_S8/ARMSA.png,figure,no_generated_output
analysis/ELSA/figures/calibration_loglog/ELSA_SHARED/S7_S8/ARTHRE.png,figure,no_generated_output
analysis/ELSA/figures/calibration_loglog/ELSA_SHARED/S7_S8/BATHA.png,figure,no_generated_output
analysis/ELSA/figures/calibration_loglog/ELSA_SHARED/S7_S8/BEDA.png,figure,no_generated_output
analysis/ELSA/figures/calibration_loglog/ELSA_SHARED/S7_S8/CANCRE.png,figure,no_generated_output
analysis/ELSA/figures/calibration_loglog/ELSA_SHARED/S7_S8/CHAIRA.png,figure,no_generated_output
analysis/ELSA/figures/calibration_loglog/ELSA_SHARED/S7_S8/CLIM1A.png,figure,no_generated_output
analysis/ELSA/figures/calibration_loglog/ELSA_SHARED/S7_S8/CLIMSA.png,figure,no_generated_output
analysis/ELSA/figures/calibration_loglog/ELSA_SHARED/S7_S8/DIABE.png,figure,no_generated_output
analysis/ELSA/figures/calibration_loglog/ELSA_SHARED/S7_S8/DIMEA.png,figure,no_generated_output
analysis/ELSA/figures/calibration_loglog/ELSA_SHARED/S7_S8/DRESSA.png,figure,no_generated_output
analysis/ELSA/figures/calibration_loglog/ELSA_SHARED/S7_S8/EATA.png,figure,no_generated_output
analysis/ELSA/figures/calibration_loglog/ELSA_SHARED/S7_S8/HEARTE.png,figure,no_generated_output
analysis/ELSA/figures/calibration_loglog/ELSA_SHARED/S7_S8/HIBPE.png,figure,no_generated_output
analysis/ELSA/figures/calibration_loglog/ELSA_SHARED/S7_S8/LIFTA.png,figure,no_generated_output
analysis/ELSA/figures/calibration_loglog/ELSA_SHARED/S7_S8/LUNGE.png,figure,no_generated_output
analysis/ELSA/figures/calibration_loglog/ELSA_SHARED/S7_S8/MONEYA.png,figure,no_generated_output
analysis/ELSA/figures/calibration_loglog/ELSA_SHARED/S7_S8/PHONEA.png,figure,no_generated_output
analysis/ELSA/figures/calibration_loglog/ELSA_SHARED/S7_S8/POOLED_adl.png,figure,no_generated_output
analysis/ELSA/figures/calibration_loglog/ELSA_SHARED/S7_S8/POOLED_all.png,figure,no_generated_output
analysis/ELSA/figures/calibration_loglog/ELSA_SHARED/S7_S8/POOLED_disease.png,figure,no_generated_output
analysis/ELSA/figures/calibration_loglog/ELSA_SHARED/S7_S8/PUSHA.png,figure,no_generated_output
analysis/ELSA/figures/calibration_loglog/ELSA_SHARED/S7_S8/SHOPA.png,figure,no_generated_output
analysis/ELSA/figures/calibration_loglog/ELSA_SHARED/S7_S8/STOOPA.png,figure,no_generated_output
analysis/ELSA/figures/calibration_loglog/ELSA_SHARED/S7_S8/STROKE.png,figure,no_generated_output
analysis/ELSA/figures/calibration_loglog/ELSA_SHARED/S7_S8/TOILTA.png,figure,no_generated_output
analysis/ELSA/figures/calibration_loglog/ELSA_SHARED/S7_S8/WALKRA.png,figure,no_generated_output
analysis/ELSA/figures/calibration_loglog/ELSA_SHARED/S8_S9/ARMSA.png,figure,no_generated_output
analysis/ELSA/figures/calibration_loglog/ELSA_SHARED/S8_S9/ARTHRE.png,figure,no_generated_output
analysis/ELSA/figures/calibration_loglog/ELSA_SHARED/S8_S9/BATHA.png,figure,no_generated_output
analysis/ELSA/figures/calibration_loglog/ELSA_SHARED/S8_S9/BEDA.png,figure,no_generated_output
analysis/ELSA/figures/calibration_loglog/ELSA_SHARED/S8_S9/CANCRE.png,figure,no_generated_output
analysis/ELSA/figures/calibration_loglog/ELSA_SHARED/S8_S9/CHAIRA.png,figure,no_generated_output
analysis/ELSA/figures/calibration_loglog/ELSA_SHARED/S8_S9/CLIM1A.png,figure,no_generated_output
analysis/ELSA/figures/calibration_loglog/ELSA_SHARED/S8_S9/CLIMSA.png,figure,no_generated_output
analysis/ELSA/figures/calibration_loglog/ELSA_SHARED/S8_S9/DIABE.png,figure,no_generated_output
analysis/ELSA/figures/calibration_loglog/ELSA_SHARED/S8_S9/DIMEA.png,figure,no_generated_output
analysis/ELSA/figures/calibration_loglog/ELSA_SHARED/S8_S9/DRESSA.png,figure,no_generated_output
analysis/ELSA/figures/calibration_loglog/ELSA_SHARED/S8_S9/EATA.png,figure,no_generated_output
analysis/ELSA/figures/calibration_loglog/ELSA_SHARED/S8_S9/HEARTE.png,figure,no_generated_output
analysis/ELSA/figures/calibration_loglog/ELSA_SHARED/S8_S9/HIBPE.png,figure,no_generated_output
analysis/ELSA/figures/calibration_loglog/ELSA_SHARED/S8_S9/LIFTA.png,figure,no_generated_output
analysis/ELSA/figures/calibration_loglog/ELSA_SHARED/S8_S9/LUNGE.png,figure,no_generated_output
analysis/ELSA/figures/calibration_loglog/ELSA_SHARED/S8_S9/MONEYA.png,figure,no_generated_output
analysis/ELSA/figures/calibration_loglog/ELSA_SHARED/S8_S9/PHONEA.png,figure,no_generated_output
analysis/ELSA/figures/calibration_loglog/ELSA_SHARED/S8_S9/POOLED_adl.png,figure,no_generated_output
analysis/ELSA/figures/calibration_loglog/ELSA_SHARED/S8_S9/POOLED_all.png,figure,no_generated_output
analysis/ELSA/figures/calibration_loglog/ELSA_SHARED/S8_S9/POOLED_disease.png,figure,no_generated_output
analysis/ELSA/figures/calibration_loglog/ELSA_SHARED/S8_S9/PUSHA.png,figure,no_generated_output
analysis/ELSA/figures/calibration_loglog/ELSA_SHARED/S8_S9/SHOPA.png,figure,no_generated_output
analysis/ELSA/figures/calibration_loglog/ELSA_SHARED/S8_S9/STOOPA.png,figure,no_generated_output
analysis/ELSA/figures/calibration_loglog/ELSA_SHARED/S8_S9/STROKE.png,figure,no_generated_output
analysis/ELSA/figures/calibration_loglog/ELSA_SHARED/S8_S9/TOILTA.png,figure,no_generated_output
analysis/ELSA/figures/calibration_loglog/ELSA_SHARED/S8_S9/WALKRA.png,figure,no_generated_output
analysis/ELSA/figures/calibration_loglog/MNAR_Pmm/S1_S2/ANGINE.png,figure,no_generated_output
analysis/ELSA/figures/calibration_loglog/MNAR_Pmm/S1_S2/ARMSA.png,figure,no_generated_output
analysis/ELSA/figures/calibration_loglog/MNAR_Pmm/S1_S2/ARTHRE.png,figure,no_generated_output
analysis/ELSA/figures/calibration_loglog/MNAR_Pmm/S1_S2/ASTHMAE.png,figure,no_generated_output
analysis/ELSA/figures/calibration_loglog/MNAR_Pmm/S1_S2/BATHA.png,figure,no_generated_output
analysis/ELSA/figures/calibration_loglog/MNAR_Pmm/S1_S2/BEDA.png,figure,no_generated_output
analysis/ELSA/figures/calibration_loglog/MNAR_Pmm/S1_S2/CANCRE.png,figure,no_generated_output
analysis/ELSA/figures/calibration_loglog/MNAR_Pmm/S1_S2/CATRACTE.png,figure,no_generated_output
analysis/ELSA/figures/calibration_loglog/MNAR_Pmm/S1_S2/CHAIRA.png,figure,no_generated_output
analysis/ELSA/figures/calibration_loglog/MNAR_Pmm/S1_S2/CLIM1A.png,figure,no_generated_output
analysis/ELSA/figures/calibration_loglog/MNAR_Pmm/S1_S2/CLIMSA.png,figure,no_generated_output
analysis/ELSA/figures/calibration_loglog/MNAR_Pmm/S1_S2/COMMUNA.png,figure,no_generated_output
analysis/ELSA/figures/calibration_loglog/MNAR_Pmm/S1_S2/CONHRTFE.png,figure,no_generated_output
analysis/ELSA/figures/calibration_loglog/MNAR_Pmm/S1_S2/DIABE.png,figure,no_generated_output
analysis/ELSA/figures/calibration_loglog/MNAR_Pmm/S1_S2/DIMEA.png,figure,no_generated_output
analysis/ELSA/figures/calibration_loglog/MNAR_Pmm/S1_S2/DRESSA.png,figure,no_generated_output
analysis/ELSA/figures/calibration_loglog/MNAR_Pmm/S1_S2/EATA.png,figure,no_generated_output
analysis/ELSA/figures/calibration_loglog/MNAR_Pmm/S1_S2/HCHOLE.png,figure,no_generated_output
analysis/ELSA/figures/calibration_loglog/MNAR_Pmm/S1_S2/HEARTE.png,figure,no_generated_output
analysis/ELSA/figures/calibration_loglog/MNAR_Pmm/S1_S2/HIBPE.png,figure,no_generated_output
analysis/ELSA/figures/calibration_loglog/MNAR_Pmm/S1_S2/HIPE.png,figure,no_generated_output
analysis/ELSA/figures/calibration_loglog/MNAR_Pmm/S1_S2/HOUSEWKA.png,figure,no_generated_output
analysis/ELSA/figures/calibration_loglog/MNAR_Pmm/S1_S2/HRTATTE.png,figure,no_generated_output
analysis/ELSA/figures/calibration_loglog/MNAR_Pmm/S1_S2/HRTMRE.png,figure,no_generated_output
analysis/ELSA/figures/calibration_loglog/MNAR_Pmm/S1_S2/HRTRHME.png,figure,no_generated_output
analysis/ELSA/figures/calibration_loglog/MNAR_Pmm/S1_S2/LIFTA.png,figure,no_generated_output
analysis/ELSA/figures/calibration_loglog/MNAR_Pmm/S1_S2/LUNGE.png,figure,no_generated_output
analysis/ELSA/figures/calibration_loglog/MNAR_Pmm/S1_S2/MAPA.png,figure,no_generated_output
analysis/ELSA/figures/calibration_loglog/MNAR_Pmm/S1_S2/MEALSA.png,figure,no_generated_output
analysis/ELSA/figures/calibration_loglog/MNAR_Pmm/S1_S2/MEDSA.png,figure,no_generated_output
analysis/ELSA/figures/calibration_loglog/MNAR_Pmm/S1_S2/MONEYA.png,figure,no_generated_output
analysis/ELSA/figures/calibration_loglog/MNAR_Pmm/S1_S2/OSTEOE.png,figure,no_generated_output
analysis/ELSA/figures/calibration_loglog/MNAR_Pmm/S1_S2/PARKINE.png,figure,no_generated_output
analysis/ELSA/figures/calibration_loglog/MNAR_Pmm/S1_S2/PHONEA.png,figure,no_generated_output
analysis/ELSA/figures/calibration_loglog/MNAR_Pmm/S1_S2/POOLED_adl.png,figure,no_generated_output
analysis/ELSA/figures/calibration_loglog/MNAR_Pmm/S1_S2/POOLED_all.png,figure,no_generated_output
analysis/ELSA/figures/calibration_loglog/MNAR_Pmm/S1_S2/POOLED_disease.png,figure,no_generated_output
analysis/ELSA/figures/calibration_loglog/MNAR_Pmm/S1_S2/PSYCHE.png,figure,no_generated_output
analysis/ELSA/figures/calibration_loglog/MNAR_Pmm/S1_S2/PUSHA.png,figure,no_generated_output
analysis/ELSA/figures/calibration_loglog/MNAR_Pmm/S1_S2/SHOPA.png,figure,no_generated_output
analysis/ELSA/figures/calibration_loglog/MNAR_Pmm/S1_S2/SITA.png,figure,no_generated_output
analysis/ELSA/figures/calibration_loglog/MNAR_Pmm/S1_S2/STOOPA.png,figure,no_generated_output
analysis/ELSA/figures/calibration_loglog/MNAR_Pmm/S1_S2/STROKE.png,figure,no_generated_output
analysis/ELSA/figures/calibration_loglog/MNAR_Pmm/S1_S2/TOILTA.png,figure,no_generated_output
analysis/ELSA/figures/calibration_loglog/MNAR_Pmm/S1_S2/WALK100A.png,figure,no_generated_output
analysis/ELSA/figures/calibration_loglog/MNAR_Pmm/S1_S2/WALKRA.png,figure,no_generated_output
analysis/ELSA/figures/calibration_loglog/MNAR_Pmm/S2_S3/ANGINE.png,figure,no_generated_output
analysis/ELSA/figures/calibration_loglog/MNAR_Pmm/S2_S3/ARMSA.png,figure,no_generated_output
analysis/ELSA/figures/calibration_loglog/MNAR_Pmm/S2_S3/ARTHRE.png,figure,no_generated_output
analysis/ELSA/figures/calibration_loglog/MNAR_Pmm/S2_S3/ASTHMAE.png,figure,no_generated_output
analysis/ELSA/figures/calibration_loglog/MNAR_Pmm/S2_S3/BATHA.png,figure,no_generated_output
analysis/ELSA/figures/calibration_loglog/MNAR_Pmm/S2_S3/BEDA.png,figure,no_generated_output
analysis/ELSA/figures/calibration_loglog/MNAR_Pmm/S2_S3/CANCRE.png,figure,no_generated_output
analysis/ELSA/figures/calibration_loglog/MNAR_Pmm/S2_S3/CATRACTE.png,figure,no_generated_output
analysis/ELSA/figures/calibration_loglog/MNAR_Pmm/S2_S3/CHAIRA.png,figure,no_generated_output
analysis/ELSA/figures/calibration_loglog/MNAR_Pmm/S2_S3/CLIM1A.png,figure,no_generated_output
analysis/ELSA/figures/calibration_loglog/MNAR_Pmm/S2_S3/CLIMSA.png,figure,no_generated_output
analysis/ELSA/figures/calibration_loglog/MNAR_Pmm/S2_S3/CONHRTFE.png,figure,no_generated_output
analysis/ELSA/figures/calibration_loglog/MNAR_Pmm/S2_S3/DIABE.png,figure,no_generated_output
analysis/ELSA/figures/calibration_loglog/MNAR_Pmm/S2_S3/DIMEA.png,figure,no_generated_output
analysis/ELSA/figures/calibration_loglog/MNAR_Pmm/S2_S3/DRESSA.png,figure,no_generated_output
analysis/ELSA/figures/calibration_loglog/MNAR_Pmm/S2_S3/EATA.png,figure,no_generated_output
analysis/ELSA/figures/calibration_loglog/MNAR_Pmm/S2_S3/HCHOLE.png,figure,no_generated_output
analysis/ELSA/figures/calibration_loglog/MNAR_Pmm/S2_S3/HEARTE.png,figure,no_generated_output
analysis/ELSA/figures/calibration_loglog/MNAR_Pmm/S2_S3/HIBPE.png,figure,no_generated_output
analysis/ELSA/figures/calibration_loglog/MNAR_Pmm/S2_S3/HIPE.png,figure,no_generated_output
analysis/ELSA/figures/calibration_loglog/MNAR_Pmm/S2_S3/HOUSEWKA.png,figure,no_generated_output
analysis/ELSA/figures/calibration_loglog/MNAR_Pmm/S2_S3/HRTATTE.png,figure,no_generated_output
analysis/ELSA/figures/calibration_loglog/MNAR_Pmm/S2_S3/HRTMRE.png,figure,no_generated_output
analysis/ELSA/figures/calibration_loglog/MNAR_Pmm/S2_S3/HRTRHME.png,figure,no_generated_output
analysis/ELSA/figures/calibration_loglog/MNAR_Pmm/S2_S3/LIFTA.png,figure,no_generated_output
analysis/ELSA/figures/calibration_loglog/MNAR_Pmm/S2_S3/LUNGE.png,figure,no_generated_output
analysis/ELSA/figures/calibration_loglog/MNAR_Pmm/S2_S3/MAPA.png,figure,no_generated_output
analysis/ELSA/figures/calibration_loglog/MNAR_Pmm/S2_S3/MEALSA.png,figure,no_generated_output
analysis/ELSA/figures/calibration_loglog/MNAR_Pmm/S2_S3/MEDSA.png,figure,no_generated_output
analysis/ELSA/figures/calibration_loglog/MNAR_Pmm/S2_S3/MONEYA.png,figure,no_generated_output
analysis/ELSA/figures/calibration_loglog/MNAR_Pmm/S2_S3/OSTEOE.png,figure,no_generated_output
analysis/ELSA/figures/calibration_loglog/MNAR_Pmm/S2_S3/PARKINE.png,figure,no_generated_output
analysis/ELSA/figures/calibration_loglog/MNAR_Pmm/S2_S3/PHONEA.png,figure,no_generated_output
analysis/ELSA/figures/calibration_loglog/MNAR_Pmm/S2_S3/POOLED_adl.png,figure,no_generated_output
analysis/ELSA/figures/calibration_loglog/MNAR_Pmm/S2_S3/POOLED_all.png,figure,no_generated_output
analysis/ELSA/figures/calibration_loglog/MNAR_Pmm/S2_S3/POOLED_disease.png,figure,no_generated_output
analysis/ELSA/figures/calibration_loglog/MNAR_Pmm/S2_S3/PSYCHE.png,figure,no_generated_output
analysis/ELSA/figures/calibration_loglog/MNAR_Pmm/S2_S3/PUSHA.png,figure,no_generated_output
analysis/ELSA/figures/calibration_loglog/MNAR_Pmm/S2_S3/SHOPA.png,figure,no_generated_output
analysis/ELSA/figures/calibration_loglog/MNAR_Pmm/S2_S3/SITA.png,figure,no_generated_output
analysis/ELSA/figures/calibration_loglog/MNAR_Pmm/S2_S3/STOOPA.png,figure,no_generated_output
analysis/ELSA/figures/calibration_loglog/MNAR_Pmm/S2_S3/STROKE.png,figure,no_generated_output
analysis/ELSA/figures/calibration_loglog/MNAR_Pmm/S2_S3/TOILTA.png,figure,no_generated_output
analysis/ELSA/figures/calibration_loglog/MNAR_Pmm/S2_S3/WALK100A.png,figure,no_generated_output
analysis/ELSA/figures/calibration_loglog/MNAR_Pmm/S2_S3/WALKRA.png,figure,no_generated_output
analysis/ELSA/figures/calibration_loglog/MNAR_Pmm/S3_S4/ANGINE.png,figure,no_generated_output
analysis/ELSA/figures/calibration_loglog/MNAR_Pmm/S3_S4/ARMSA.png,figure,no_generated_output
analysis/ELSA/figures/calibration_loglog/MNAR_Pmm/S3_S4/ARTHRE.png,figure,no_generated_output
analysis/ELSA/figures/calibration_loglog/MNAR_Pmm/S3_S4/ASTHMAE.png,figure,no_generated_output
analysis/ELSA/figures/calibration_loglog/MNAR_Pmm/S3_S4/BATHA.png,figure,no_generated_output
analysis/ELSA/figures/calibration_loglog/MNAR_Pmm/S3_S4/BEDA.png,figure,no_generated_output
analysis/ELSA/figures/calibration_loglog/MNAR_Pmm/S3_S4/CANCRE.png,figure,no_generated_output
analysis/ELSA/figures/calibration_loglog/MNAR_Pmm/S3_S4/CATRACTE.png,figure,no_generated_output
analysis/ELSA/figures/calibration_loglog/MNAR_Pmm/S3_S4/CHAIRA.png,figure,no_generated_output
analysis/ELSA/figures/calibration_loglog/MNAR_Pmm/S3_S4/CLIM1A.png,figure,no_generated_output
analysis/ELSA/figures/calibration_loglog/MNAR_Pmm/S3_S4/CLIMSA.png,figure,no_generated_output
analysis/ELSA/figures/calibration_loglog/MNAR_Pmm/S3_S4/COMMUNA.png,figure,no_generated_output
analysis/ELSA/figures/calibration_loglog/MNAR_Pmm/S3_S4/CONHRTFE.png,figure,no_generated_output
analysis/ELSA/figures/calibration_loglog/MNAR_Pmm/S3_S4/DANGERA.png,figure,no_generated_output
analysis/ELSA/figures/calibration_loglog/MNAR_Pmm/S3_S4/DIABE.png,figure,no_generated_output
analysis/ELSA/figures/calibration_loglog/MNAR_Pmm/S3_S4/DIMEA.png,figure,no_generated_output
analysis/ELSA/figures/calibration_loglog/MNAR_Pmm/S3_S4/DRESSA.png,figure,no_generated_output
analysis/ELSA/figures/calibration_loglog/MNAR_Pmm/S3_S4/EATA.png,figure,no_generated_output
analysis/ELSA/figures/calibration_loglog/MNAR_Pmm/S3_S4/HCHOLE.png,figure,no_generated_output
analysis/ELSA/figures/calibration_loglog/MNAR_Pmm/S3_S4/HEARTE.png,figure,no_generated_output
analysis/ELSA/figures/calibration_loglog/MNAR_Pmm/S3_S4/HIBPE.png,figure,no_generated_output
analysis/ELSA/figures/calibration_loglog/MNAR_Pmm/S3_S4/HIPE.png,figure,no_generated_output
analysis/ELSA/figures/calibration_loglog/MNAR_Pmm/S3_S4/HOUSEWKA.png,figure,no_generated_output
analysis/ELSA/figures/calibration_loglog/MNAR_Pmm/S3_S4/HRTATTE.png,figure,no_generated_output
analysis/ELSA/figures/calibration_loglog/MNAR_Pmm/S3_S4/HRTMRE.png,figure,no_generated_output
analysis/ELSA/figures/calibration_loglog/MNAR_Pmm/S3_S4/HRTRHME.png,figure,no_generated_output
analysis/ELSA/figures/calibration_loglog/MNAR_Pmm/S3_S4/LIFTA.png,figure,no_generated_output
analysis/ELSA/figures/calibration_loglog/MNAR_Pmm/S3_S4/LUNGE.png,figure,no_generated_output
analysis/ELSA/figures/calibration_loglog/MNAR_Pmm/S3_S4/MAPA.png,figure,no_generated_output
analysis/ELSA/figures/calibration_loglog/MNAR_Pmm/S3_S4/MEALSA.png,figure,no_generated_output
analysis/ELSA/figures/calibration_loglog/MNAR_Pmm/S3_S4/MEDSA.png,figure,no_generated_output
analysis/ELSA/figures/calibration_loglog/MNAR_Pmm/S3_S4/MONEYA.png,figure,no_generated_output
analysis/ELSA/figures/calibration_loglog/MNAR_Pmm/S3_S4/OSTEOE.png,figure,no_generated_output
analysis/ELSA/figures/calibration_loglog/MNAR_Pmm/S3_S4/PARKINE.png,figure,no_generated_output
analysis/ELSA/figures/calibration_loglog/MNAR_Pmm/S3_S4/PHONEA.png,figure,no_generated_output
analysis/ELSA/figures/calibration_loglog/MNAR_Pmm/S3_S4/POOLED_adl.png,figure,no_generated_output
analysis/ELSA/figures/calibration_loglog/MNAR_Pmm/S3_S4/POOLED_all.png,figure,no_generated_output
analysis/ELSA/figures/calibration_loglog/MNAR_Pmm/S3_S4/POOLED_disease.png,figure,no_generated_output
analysis/ELSA/figures/calibration_loglog/MNAR_Pmm/S3_S4/PSYCHE.png,figure,no_generated_output
analysis/ELSA/figures/calibration_loglog/MNAR_Pmm/S3_S4/PUSHA.png,figure,no_generated_output
analysis/ELSA/figures/calibration_loglog/MNAR_Pmm/S3_S4/SHOPA.png,figure,no_generated_output
analysis/ELSA/figures/calibration_loglog/MNAR_Pmm/S3_S4/SITA.png,figure,no_generated_output
analysis/ELSA/figures/calibration_loglog/MNAR_Pmm/S3_S4/STOOPA.png,figure,no_generated_output
analysis/ELSA/figures/calibration_loglog/MNAR_Pmm/S3_S4/STROKE.png,figure,no_generated_output
analysis/ELSA/figures/calibration_loglog/MNAR_Pmm/S3_S4/TOILTA.png,figure,no_generated_output
analysis/ELSA/figures/calibration_loglog/MNAR_Pmm/S3_S4/WALK100A.png,figure,no_generated_output
analysis/ELSA/figures/calibration_loglog/MNAR_Pmm/S3_S4/WALKRA.png,figure,no_generated_output
analysis/ELSA/figures/calibration_loglog/MNAR_Pmm/S4_S5/ANGINE.png,figure,no_generated_output
analysis/ELSA/figures/calibration_loglog/MNAR_Pmm/S4_S5/ARMSA.png,figure,no_generated_output
analysis/ELSA/figures/calibration_loglog/MNAR_Pmm/S4_S5/ARTHRE.png,figure,no_generated_output
analysis/ELSA/figures/calibration_loglog/MNAR_Pmm/S4_S5/ASTHMAE.png,figure,no_generated_output
analysis/ELSA/figures/calibration_loglog/MNAR_Pmm/S4_S5/BATHA.png,figure,no_generated_output
analysis/ELSA/figures/calibration_loglog/MNAR_Pmm/S4_S5/BEDA.png,figure,no_generated_output
analysis/ELSA/figures/calibration_loglog/MNAR_Pmm/S4_S5/CANCRE.png,figure,no_generated_output
analysis/ELSA/figures/calibration_loglog/MNAR_Pmm/S4_S5/CATRACTE.png,figure,no_generated_output
analysis/ELSA/figures/calibration_loglog/MNAR_Pmm/S4_S5/CHAIRA.png,figure,no_generated_output
analysis/ELSA/figures/calibration_loglog/MNAR_Pmm/S4_S5/CLIM1A.png,figure,no_generated_output
analysis/ELSA/figures/calibration_loglog/MNAR_Pmm/S4_S5/CLIMSA.png,figure,no_generated_output
analysis/ELSA/figures/calibration_loglog/MNAR_Pmm/S4_S5/COMMUNA.png,figure,no_generated_output
analysis/ELSA/figures/calibration_loglog/MNAR_Pmm/S4_S5/CONHRTFE.png,figure,no_generated_output
analysis/ELSA/figures/calibration_loglog/MNAR_Pmm/S4_S5/DANGERA.png,figure,no_generated_output
analysis/ELSA/figures/calibration_loglog/MNAR_Pmm/S4_S5/DIABE.png,figure,no_generated_output
analysis/ELSA/figures/calibration_loglog/MNAR_Pmm/S4_S5/DIMEA.png,figure,no_generated_output
analysis/ELSA/figures/calibration_loglog/MNAR_Pmm/S4_S5/DRESSA.png,figure,no_generated_output
analysis/ELSA/figures/calibration_loglog/MNAR_Pmm/S4_S5/EATA.png,figure,no_generated_output
analysis/ELSA/figures/calibration_loglog/MNAR_Pmm/S4_S5/HCHOLE.png,figure,no_generated_output
analysis/ELSA/figures/calibration_loglog/MNAR_Pmm/S4_S5/HEARTE.png,figure,no_generated_output
analysis/ELSA/figures/calibration_loglog/MNAR_Pmm/S4_S5/HIBPE.png,figure,no_generated_output
analysis/ELSA/figures/calibration_loglog/MNAR_Pmm/S4_S5/HIPE.png,figure,no_generated_output
analysis/ELSA/figures/calibration_loglog/MNAR_Pmm/S4_S5/HOUSEWKA.png,figure,no_generated_output
analysis/ELSA/figures/calibration_loglog/MNAR_Pmm/S4_S5/HRTATTE.png,figure,no_generated_output
analysis/ELSA/figures/calibration_loglog/MNAR_Pmm/S4_S5/HRTMRE.png,figure,no_generated_output
analysis/ELSA/figures/calibration_loglog/MNAR_Pmm/S4_S5/HRTRHME.png,figure,no_generated_output
analysis/ELSA/figures/calibration_loglog/MNAR_Pmm/S4_S5/LIFTA.png,figure,no_generated_output
analysis/ELSA/figures/calibration_loglog/MNAR_Pmm/S4_S5/LUNGE.png,figure,no_generated_output
analysis/ELSA/figures/calibration_loglog/MNAR_Pmm/S4_S5/MAPA.png,figure,no_generated_output
analysis/ELSA/figures/calibration_loglog/MNAR_Pmm/S4_S5/MEALSA.png,figure,no_generated_output
analysis/ELSA/figures/calibration_loglog/MNAR_Pmm/S4_S5/MEDSA.png,figure,no_generated_output
analysis/ELSA/figures/calibration_loglog/MNAR_Pmm/S4_S5/MONEYA.png,figure,no_generated_output
analysis/ELSA/figures/calibration_loglog/MNAR_Pmm/S4_S5/OSTEOE.png,figure,no_generated_output
analysis/ELSA/figures/calibration_loglog/MNAR_Pmm/S4_S5/PARKINE.png,figure,no_generated_output
analysis/ELSA/figures/calibration_loglog/MNAR_Pmm/S4_S5/PHONEA.png,figure,no_generated_output
analysis/ELSA/figures/calibration_loglog/MNAR_Pmm/S4_S5/POOLED_adl.png,figure,no_generated_output
analysis/ELSA/figures/calibration_loglog/MNAR_Pmm/S4_S5/POOLED_all.png,figure,no_generated_output
analysis/ELSA/figures/calibration_loglog/MNAR_Pmm/S4_S5/POOLED_disease.png,figure,no_generated_output
analysis/ELSA/figures/calibration_loglog/MNAR_Pmm/S4_S5/PSYCHE.png,figure,no_generated_output
analysis/ELSA/figures/calibration_loglog/MNAR_Pmm/S4_S5/PUSHA.png,figure,no_generated_output
analysis/ELSA/figures/calibration_loglog/MNAR_Pmm/S4_S5/SHOPA.png,figure,no_generated_output
analysis/ELSA/figures/calibration_loglog/MNAR_Pmm/S4_S5/SITA.png,figure,no_generated_output
analysis/ELSA/figures/calibration_loglog/MNAR_Pmm/S4_S5/STOOPA.png,figure,no_generated_output
analysis/ELSA/figures/calibration_loglog/MNAR_Pmm/S4_S5/STROKE.png,figure,no_generated_output
analysis/ELSA/figures/calibration_loglog/MNAR_Pmm/S4_S5/TOILTA.png,figure,no_generated_output
analysis/ELSA/figures/calibration_loglog/MNAR_Pmm/S4_S5/WALK100A.png,figure,no_generated_output
analysis/ELSA/figures/calibration_loglog/MNAR_Pmm/S4_S5/WALKRA.png,figure,no_generated_output
analysis/ELSA/figures/calibration_loglog/MNAR_Pmm/S5_S6/ANGINE.png,figure,no_generated_output
analysis/ELSA/figures/calibration_loglog/MNAR_Pmm/S5_S6/ARMSA.png,figure,no_generated_output
analysis/ELSA/figures/calibration_loglog/MNAR_Pmm/S5_S6/ARTHRE.png,figure,no_generated_output
analysis/ELSA/figures/calibration_loglog/MNAR_Pmm/S5_S6/ASTHMAE.png,figure,no_generated_output
analysis/ELSA/figures/calibration_loglog/MNAR_Pmm/S5_S6/BATHA.png,figure,no_generated_output
analysis/ELSA/figures/calibration_loglog/MNAR_Pmm/S5_S6/BEDA.png,figure,no_generated_output
analysis/ELSA/figures/calibration_loglog/MNAR_Pmm/S5_S6/CANCRE.png,figure,no_generated_output
analysis/ELSA/figures/calibration_loglog/MNAR_Pmm/S5_S6/CATRACTE.png,figure,no_generated_output
analysis/ELSA/figures/calibration_loglog/MNAR_Pmm/S5_S6/CHAIRA.png,figure,no_generated_output
analysis/ELSA/figures/calibration_loglog/MNAR_Pmm/S5_S6/CLIM1A.png,figure,no_generated_output
analysis/ELSA/figures/calibration_loglog/MNAR_Pmm/S5_S6/CLIMSA.png,figure,no_generated_output
analysis/ELSA/figures/calibration_loglog/MNAR_Pmm/S5_S6/COMMUNA.png,figure,no_generated_output
analysis/ELSA/figures/calibration_loglog/MNAR_Pmm/S5_S6/CONHRTFE.png,figure,no_generated_output
analysis/ELSA/figures/calibration_loglog/MNAR_Pmm/S5_S6/DANGERA.png,figure,no_generated_output
analysis/ELSA/figures/calibration_loglog/MNAR_Pmm/S5_S6/DIABE.png,figure,no_generated_output
analysis/ELSA/figures/calibration_loglog/MNAR_Pmm/S5_S6/DIMEA.png,figure,no_generated_output
analysis/ELSA/figures/calibration_loglog/MNAR_Pmm/S5_S6/DRESSA.png,figure,no_generated_output
analysis/ELSA/figures/calibration_loglog/MNAR_Pmm/S5_S6/EATA.png,figure,no_generated_output
analysis/ELSA/figures/calibration_loglog/MNAR_Pmm/S5_S6/HCHOLE.png,figure,no_generated_output
analysis/ELSA/figures/calibration_loglog/MNAR_Pmm/S5_S6/HEARTE.png,figure,no_generated_output
analysis/ELSA/figures/calibration_loglog/MNAR_Pmm/S5_S6/HIBPE.png,figure,no_generated_output
analysis/ELSA/figures/calibration_loglog/MNAR_Pmm/S5_S6/HIPE.png,figure,no_generated_output
analysis/ELSA/figures/calibration_loglog/MNAR_Pmm/S5_S6/HOUSEWKA.png,figure,no_generated_output
analysis/ELSA/figures/calibration_loglog/MNAR_Pmm/S5_S6/HRTATTE.png,figure,no_generated_output
analysis/ELSA/figures/calibration_loglog/MNAR_Pmm/S5_S6/HRTMRE.png,figure,no_generated_output
analysis/ELSA/figures/calibration_loglog/MNAR_Pmm/S5_S6/HRTRHME.png,figure,no_generated_output
analysis/ELSA/figures/calibration_loglog/MNAR_Pmm/S5_S6/LIFTA.png,figure,no_generated_output
analysis/ELSA/figures/calibration_loglog/MNAR_Pmm/S5_S6/LUNGE.png,figure,no_generated_output
analysis/ELSA/figures/calibration_loglog/MNAR_Pmm/S5_S6/MAPA.png,figure,no_generated_output
analysis/ELSA/figures/calibration_loglog/MNAR_Pmm/S5_S6/MEALSA.png,figure,no_generated_output
analysis/ELSA/figures/calibration_loglog/MNAR_Pmm/S5_S6/MEDSA.png,figure,no_generated_output
analysis/ELSA/figures/calibration_loglog/MNAR_Pmm/S5_S6/MONEYA.png,figure,no_generated_output
analysis/ELSA/figures/calibration_loglog/MNAR_Pmm/S5_S6/OSTEOE.png,figure,no_generated_output
analysis/ELSA/figures/calibration_loglog/MNAR_Pmm/S5_S6/PARKINE.png,figure,no_generated_output
analysis/ELSA/figures/calibration_loglog/MNAR_Pmm/S5_S6/PHONEA.png,figure,no_generated_output
analysis/ELSA/figures/calibration_loglog/MNAR_Pmm/S5_S6/POOLED_adl.png,figure,no_generated_output
analysis/ELSA/figures/calibration_loglog/MNAR_Pmm/S5_S6/POOLED_all.png,figure,no_generated_output
analysis/ELSA/figures/calibration_loglog/MNAR_Pmm/S5_S6/POOLED_disease.png,figure,no_generated_output
analysis/ELSA/figures/calibration_loglog/MNAR_Pmm/S5_S6/PSYCHE.png,figure,no_generated_output
analysis/ELSA/figures/calibration_loglog/MNAR_Pmm/S5_S6/PUSHA.png,figure,no_generated_output
analysis/ELSA/figures/calibration_loglog/MNAR_Pmm/S5_S6/SHOPA.png,figure,no_generated_output
analysis/ELSA/figures/calibration_loglog/MNAR_Pmm/S5_S6/SITA.png,figure,no_generated_output
analysis/ELSA/figures/calibration_loglog/MNAR_Pmm/S5_S6/STOOPA.png,figure,no_generated_output
analysis/ELSA/figures/calibration_loglog/MNAR_Pmm/S5_S6/STROKE.png,figure,no_generated_output
analysis/ELSA/figures/calibration_loglog/MNAR_Pmm/S5_S6/TOILTA.png,figure,no_generated_output
analysis/ELSA/figures/calibration_loglog/MNAR_Pmm/S5_S6/WALK100A.png,figure,no_generated_output
analysis/ELSA/figures/calibration_loglog/MNAR_Pmm/S5_S6/WALKRA.png,figure,no_generated_output
analysis/ELSA/figures/calibration_loglog/MNAR_Pmm/S6_S7/ANGINE.png,figure,no_generated_output
analysis/ELSA/figures/calibration_loglog/MNAR_Pmm/S6_S7/ARMSA.png,figure,no_generated_output
analysis/ELSA/figures/calibration_loglog/MNAR_Pmm/S6_S7/ARTHRE.png,figure,no_generated_output
analysis/ELSA/figures/calibration_loglog/MNAR_Pmm/S6_S7/ASTHMAE.png,figure,no_generated_output
analysis/ELSA/figures/calibration_loglog/MNAR_Pmm/S6_S7/BATHA.png,figure,no_generated_output
analysis/ELSA/figures/calibration_loglog/MNAR_Pmm/S6_S7/BEDA.png,figure,no_generated_output
analysis/ELSA/figures/calibration_loglog/MNAR_Pmm/S6_S7/CANCRE.png,figure,no_generated_output
analysis/ELSA/figures/calibration_loglog/MNAR_Pmm/S6_S7/CATRACTE.png,figure,no_generated_output
analysis/ELSA/figures/calibration_loglog/MNAR_Pmm/S6_S7/CHAIRA.png,figure,no_generated_output
analysis/ELSA/figures/calibration_loglog/MNAR_Pmm/S6_S7/CLIM1A.png,figure,no_generated_output
analysis/ELSA/figures/calibration_loglog/MNAR_Pmm/S6_S7/CLIMSA.png,figure,no_generated_output
analysis/ELSA/figures/calibration_loglog/MNAR_Pmm/S6_S7/COMMUNA.png,figure,no_generated_output
analysis/ELSA/figures/calibration_loglog/MNAR_Pmm/S6_S7/CONHRTFE.png,figure,no_generated_output
analysis/ELSA/figures/calibration_loglog/MNAR_Pmm/S6_S7/DANGERA.png,figure,no_generated_output
analysis/ELSA/figures/calibration_loglog/MNAR_Pmm/S6_S7/DIABE.png,figure,no_generated_output
analysis/ELSA/figures/calibration_loglog/MNAR_Pmm/S6_S7/DIMEA.png,figure,no_generated_output
analysis/ELSA/figures/calibration_loglog/MNAR_Pmm/S6_S7/DRESSA.png,figure,no_generated_output
analysis/ELSA/figures/calibration_loglog/MNAR_Pmm/S6_S7/EATA.png,figure,no_generated_output
analysis/ELSA/figures/calibration_loglog/MNAR_Pmm/S6_S7/HCHOLE.png,figure,no_generated_output
analysis/ELSA/figures/calibration_loglog/MNAR_Pmm/S6_S7/HEARTE.png,figure,no_generated_output
analysis/ELSA/figures/calibration_loglog/MNAR_Pmm/S6_S7/HIBPE.png,figure,no_generated_output
analysis/ELSA/figures/calibration_loglog/MNAR_Pmm/S6_S7/HIPE.png,figure,no_generated_output
analysis/ELSA/figures/calibration_loglog/MNAR_Pmm/S6_S7/HOUSEWKA.png,figure,no_generated_output
analysis/ELSA/figures/calibration_loglog/MNAR_Pmm/S6_S7/HRTATTE.png,figure,no_generated_output
analysis/ELSA/figures/calibration_loglog/MNAR_Pmm/S6_S7/HRTMRE.png,figure,no_generated_output
analysis/ELSA/figures/calibration_loglog/MNAR_Pmm/S6_S7/HRTRHME.png,figure,no_generated_output
analysis/ELSA/figures/calibration_loglog/MNAR_Pmm/S6_S7/LIFTA.png,figure,no_generated_output
analysis/ELSA/figures/calibration_loglog/MNAR_Pmm/S6_S7/LUNGE.png,figure,no_generated_output
analysis/ELSA/figures/calibration_loglog/MNAR_Pmm/S6_S7/MAPA.png,figure,no_generated_output
analysis/ELSA/figures/calibration_loglog/MNAR_Pmm/S6_S7/MEALSA.png,figure,no_generated_output
analysis/ELSA/figures/calibration_loglog/MNAR_Pmm/S6_S7/MEDSA.png,figure,no_generated_output
analysis/ELSA/figures/calibration_loglog/MNAR_Pmm/S6_S7/MONEYA.png,figure,no_generated_output
analysis/ELSA/figures/calibration_loglog/MNAR_Pmm/S6_S7/OSTEOE.png,figure,no_generated_output
analysis/ELSA/figures/calibration_loglog/MNAR_Pmm/S6_S7/PARKINE.png,figure,no_generated_output
analysis/ELSA/figures/calibration_loglog/MNAR_Pmm/S6_S7/PHONEA.png,figure,no_generated_output
analysis/ELSA/figures/calibration_loglog/MNAR_Pmm/S6_S7/POOLED_adl.png,figure,no_generated_output
analysis/ELSA/figures/calibration_loglog/MNAR_Pmm/S6_S7/POOLED_all.png,figure,no_generated_output
analysis/ELSA/figures/calibration_loglog/MNAR_Pmm/S6_S7/POOLED_disease.png,figure,no_generated_output
analysis/ELSA/figures/calibration_loglog/MNAR_Pmm/S6_S7/PSYCHE.png,figure,no_generated_output
analysis/ELSA/figures/calibration_loglog/MNAR_Pmm/S6_S7/PUSHA.png,figure,no_generated_output
analysis/ELSA/figures/calibration_loglog/MNAR_Pmm/S6_S7/SHOPA.png,figure,no_generated_output
analysis/ELSA/figures/calibration_loglog/MNAR_Pmm/S6_S7/SITA.png,figure,no_generated_output
analysis/ELSA/figures/calibration_loglog/MNAR_Pmm/S6_S7/STOOPA.png,figure,no_generated_output
analysis/ELSA/figures/calibration_loglog/MNAR_Pmm/S6_S7/STROKE.png,figure,no_generated_output
analysis/ELSA/figures/calibration_loglog/MNAR_Pmm/S6_S7/TOILTA.png,figure,no_generated_output
analysis/ELSA/figures/calibration_loglog/MNAR_Pmm/S6_S7/WALK100A.png,figure,no_generated_output
analysis/ELSA/figures/calibration_loglog/MNAR_Pmm/S6_S7/WALKRA.png,figure,no_generated_output
analysis/ELSA/figures/calibration_loglog/MNAR_Pmm/S7_S8/ANGINE.png,figure,no_generated_output
analysis/ELSA/figures/calibration_loglog/MNAR_Pmm/S7_S8/ARMSA.png,figure,no_generated_output
analysis/ELSA/figures/calibration_loglog/MNAR_Pmm/S7_S8/ARTHRE.png,figure,no_generated_output
analysis/ELSA/figures/calibration_loglog/MNAR_Pmm/S7_S8/ASTHMAE.png,figure,no_generated_output
analysis/ELSA/figures/calibration_loglog/MNAR_Pmm/S7_S8/BATHA.png,figure,no_generated_output
analysis/ELSA/figures/calibration_loglog/MNAR_Pmm/S7_S8/BEDA.png,figure,no_generated_output
analysis/ELSA/figures/calibration_loglog/MNAR_Pmm/S7_S8/CANCRE.png,figure,no_generated_output
analysis/ELSA/figures/calibration_loglog/MNAR_Pmm/S7_S8/CATRACTE.png,figure,no_generated_output
analysis/ELSA/figures/calibration_loglog/MNAR_Pmm/S7_S8/CHAIRA.png,figure,no_generated_output
analysis/ELSA/figures/calibration_loglog/MNAR_Pmm/S7_S8/CLIM1A.png,figure,no_generated_output
analysis/ELSA/figures/calibration_loglog/MNAR_Pmm/S7_S8/CLIMSA.png,figure,no_generated_output
analysis/ELSA/figures/calibration_loglog/MNAR_Pmm/S7_S8/COMMUNA.png,figure,no_generated_output
analysis/ELSA/figures/calibration_loglog/MNAR_Pmm/S7_S8/CONHRTFE.png,figure,no_generated_output
analysis/ELSA/figures/calibration_loglog/MNAR_Pmm/S7_S8/DANGERA.png,figure,no_generated_output
analysis/ELSA/figures/calibration_loglog/MNAR_Pmm/S7_S8/DIABE.png,figure,no_generated_output
analysis/ELSA/figures/calibration_loglog/MNAR_Pmm/S7_S8/DIMEA.png,figure,no_generated_output
analysis/ELSA/figures/calibration_loglog/MNAR_Pmm/S7_S8/DRESSA.png,figure,no_generated_output
analysis/ELSA/figures/calibration_loglog/MNAR_Pmm/S7_S8/EATA.png,figure,no_generated_output
analysis/ELSA/figures/calibration_loglog/MNAR_Pmm/S7_S8/HCHOLE.png,figure,no_generated_output
analysis/ELSA/figures/calibration_loglog/MNAR_Pmm/S7_S8/HEARTE.png,figure,no_generated_output
analysis/ELSA/figures/calibration_loglog/MNAR_Pmm/S7_S8/HIBPE.png,figure,no_generated_output
analysis/ELSA/figures/calibration_loglog/MNAR_Pmm/S7_S8/HIPE.png,figure,no_generated_output
analysis/ELSA/figures/calibration_loglog/MNAR_Pmm/S7_S8/HOUSEWKA.png,figure,no_generated_output
analysis/ELSA/figures/calibration_loglog/MNAR_Pmm/S7_S8/HRTATTE.png,figure,no_generated_output
analysis/ELSA/figures/calibration_loglog/MNAR_Pmm/S7_S8/HRTMRE.png,figure,no_generated_output
analysis/ELSA/figures/calibration_loglog/MNAR_Pmm/S7_S8/HRTRHME.png,figure,no_generated_output
analysis/ELSA/figures/calibration_loglog/MNAR_Pmm/S7_S8/LIFTA.png,figure,no_generated_output
analysis/ELSA/figures/calibration_loglog/MNAR_Pmm/S7_S8/LUNGE.png,figure,no_generated_output
analysis/ELSA/figures/calibration_loglog/MNAR_Pmm/S7_S8/MAPA.png,figure,no_generated_output
analysis/ELSA/figures/calibration_loglog/MNAR_Pmm/S7_S8/MEALSA.png,figure,no_generated_output
analysis/ELSA/figures/calibration_loglog/MNAR_Pmm/S7_S8/MEDSA.png,figure,no_generated_output
analysis/ELSA/figures/calibration_loglog/MNAR_Pmm/S7_S8/MONEYA.png,figure,no_generated_output
analysis/ELSA/figures/calibration_loglog/MNAR_Pmm/S7_S8/OSTEOE.png,figure,no_generated_output
analysis/ELSA/figures/calibration_loglog/MNAR_Pmm/S7_S8/PARKINE.png,figure,no_generated_output
analysis/ELSA/figures/calibration_loglog/MNAR_Pmm/S7_S8/PHONEA.png,figure,no_generated_output
analysis/ELSA/figures/calibration_loglog/MNAR_Pmm/S7_S8/POOLED_adl.png,figure,no_generated_output
analysis/ELSA/figures/calibration_loglog/MNAR_Pmm/S7_S8/POOLED_all.png,figure,no_generated_output
analysis/ELSA/figures/calibration_loglog/MNAR_Pmm/S7_S8/POOLED_disease.png,figure,no_generated_output
analysis/ELSA/figures/calibration_loglog/MNAR_Pmm/S7_S8/PSYCHE.png,figure,no_generated_output
analysis/ELSA/figures/calibration_loglog/MNAR_Pmm/S7_S8/PUSHA.png,figure,no_generated_output
analysis/ELSA/figures/calibration_loglog/MNAR_Pmm/S7_S8/SHOPA.png,figure,no_generated_output
analysis/ELSA/figures/calibration_loglog/MNAR_Pmm/S7_S8/SITA.png,figure,no_generated_output
analysis/ELSA/figures/calibration_loglog/MNAR_Pmm/S7_S8/STOOPA.png,figure,no_generated_output
analysis/ELSA/figures/calibration_loglog/MNAR_Pmm/S7_S8/STROKE.png,figure,no_generated_output
analysis/ELSA/figures/calibration_loglog/MNAR_Pmm/S7_S8/TOILTA.png,figure,no_generated_output
analysis/ELSA/figures/calibration_loglog/MNAR_Pmm/S7_S8/WALK100A.png,figure,no_generated_output
analysis/ELSA/figures/calibration_loglog/MNAR_Pmm/S7_S8/WALKRA.png,figure,no_generated_output
analysis/ELSA/figures/calibration_loglog/MNAR_Pmm/S8_S9/ANGINE.png,figure,no_generated_output
analysis/ELSA/figures/calibration_loglog/MNAR_Pmm/S8_S9/ARMSA.png,figure,no_generated_output
analysis/ELSA/figures/calibration_loglog/MNAR_Pmm/S8_S9/ARTHRE.png,figure,no_generated_output
analysis/ELSA/figures/calibration_loglog/MNAR_Pmm/S8_S9/ASTHMAE.png,figure,no_generated_output
analysis/ELSA/figures/calibration_loglog/MNAR_Pmm/S8_S9/BATHA.png,figure,no_generated_output
analysis/ELSA/figures/calibration_loglog/MNAR_Pmm/S8_S9/BEDA.png,figure,no_generated_output
analysis/ELSA/figures/calibration_loglog/MNAR_Pmm/S8_S9/CANCRE.png,figure,no_generated_output
analysis/ELSA/figures/calibration_loglog/MNAR_Pmm/S8_S9/CATRACTE.png,figure,no_generated_output
analysis/ELSA/figures/calibration_loglog/MNAR_Pmm/S8_S9/CHAIRA.png,figure,no_generated_output
analysis/ELSA/figures/calibration_loglog/MNAR_Pmm/S8_S9/CLIM1A.png,figure,no_generated_output
analysis/ELSA/figures/calibration_loglog/MNAR_Pmm/S8_S9/CLIMSA.png,figure,no_generated_output
analysis/ELSA/figures/calibration_loglog/MNAR_Pmm/S8_S9/COMMUNA.png,figure,no_generated_output
analysis/ELSA/figures/calibration_loglog/MNAR_Pmm/S8_S9/CONHRTFE.png,figure,no_generated_output
analysis/ELSA/figures/calibration_loglog/MNAR_Pmm/S8_S9/DANGERA.png,figure,no_generated_output
analysis/ELSA/figures/calibration_loglog/MNAR_Pmm/S8_S9/DIABE.png,figure,no_generated_output
analysis/ELSA/figures/calibration_loglog/MNAR_Pmm/S8_S9/DIMEA.png,figure,no_generated_output
analysis/ELSA/figures/calibration_loglog/MNAR_Pmm/S8_S9/DRESSA.png,figure,no_generated_output
analysis/ELSA/figures/calibration_loglog/MNAR_Pmm/S8_S9/EATA.png,figure,no_generated_output
analysis/ELSA/figures/calibration_loglog/MNAR_Pmm/S8_S9/HCHOLE.png,figure,no_generated_output
analysis/ELSA/figures/calibration_loglog/MNAR_Pmm/S8_S9/HEARTE.png,figure,no_generated_output
analysis/ELSA/figures/calibration_loglog/MNAR_Pmm/S8_S9/HIBPE.png,figure,no_generated_output
analysis/ELSA/figures/calibration_loglog/MNAR_Pmm/S8_S9/HIPE.png,figure,no_generated_output
analysis/ELSA/figures/calibration_loglog/MNAR_Pmm/S8_S9/HOUSEWKA.png,figure,no_generated_output
analysis/ELSA/figures/calibration_loglog/MNAR_Pmm/S8_S9/HRTATTE.png,figure,no_generated_output
analysis/ELSA/figures/calibration_loglog/MNAR_Pmm/S8_S9/HRTMRE.png,figure,no_generated_output
analysis/ELSA/figures/calibration_loglog/MNAR_Pmm/S8_S9/HRTRHME.png,figure,no_generated_output
analysis/ELSA/figures/calibration_loglog/MNAR_Pmm/S8_S9/LIFTA.png,figure,no_generated_output
analysis/ELSA/figures/calibration_loglog/MNAR_Pmm/S8_S9/LUNGE.png,figure,no_generated_output
analysis/ELSA/figures/calibration_loglog/MNAR_Pmm/S8_S9/MAPA.png,figure,no_generated_output
analysis/ELSA/figures/calibration_loglog/MNAR_Pmm/S8_S9/MEALSA.png,figure,no_generated_output
analysis/ELSA/figures/calibration_loglog/MNAR_Pmm/S8_S9/MEDSA.png,figure,no_generated_output
analysis/ELSA/figures/calibration_loglog/MNAR_Pmm/S8_S9/MONEYA.png,figure,no_generated_output
analysis/ELSA/figures/calibration_loglog/MNAR_Pmm/S8_S9/OSTEOE.png,figure,no_generated_output
analysis/ELSA/figures/calibration_loglog/MNAR_Pmm/S8_S9/PARKINE.png,figure,no_generated_output
analysis/ELSA/figures/calibration_loglog/MNAR_Pmm/S8_S9/PHONEA.png,figure,no_generated_output
analysis/ELSA/figures/calibration_loglog/MNAR_Pmm/S8_S9/POOLED_adl.png,figure,no_generated_output
analysis/ELSA/figures/calibration_loglog/MNAR_Pmm/S8_S9/POOLED_all.png,figure,no_generated_output
analysis/ELSA/figures/calibration_loglog/MNAR_Pmm/S8_S9/POOLED_disease.png,figure,no_generated_output
analysis/ELSA/figures/calibration_loglog/MNAR_Pmm/S8_S9/PSYCHE.png,figure,no_generated_output
analysis/ELSA/figures/calibration_loglog/MNAR_Pmm/S8_S9/PUSHA.png,figure,no_generated_output
analysis/ELSA/figures/calibration_loglog/MNAR_Pmm/S8_S9/SHOPA.png,figure,no_generated_output
analysis/ELSA/figures/calibration_loglog/MNAR_Pmm/S8_S9/SITA.png,figure,no_generated_output
analysis/ELSA/figures/calibration_loglog/MNAR_Pmm/S8_S9/STOOPA.png,figure,no_generated_output
analysis/ELSA/figures/calibration_loglog/MNAR_Pmm/S8_S9/STROKE.png,figure,no_generated_output
analysis/ELSA/figures/calibration_loglog/MNAR_Pmm/S8_S9/TOILTA.png,figure,no_generated_output
analysis/ELSA/figures/calibration_loglog/MNAR_Pmm/S8_S9/WALK100A.png,figure,no_generated_output
analysis/ELSA/figures/calibration_loglog/MNAR_Pmm/S8_S9/WALKRA.png,figure,no_generated_output
analysis/ELSA/figures/damage_repair_calibration/ELSA_SHARED/S1_S2/damage/adl/cal_ARMSA.png,figure,no_generated_output
analysis/ELSA/figures/damage_repair_calibration/ELSA_SHARED/S1_S2/damage/adl/cal_BATHA.png,figure,no_generated_output
analysis/ELSA/figures/damage_repair_calibration/ELSA_SHARED/S1_S2/damage/adl/cal_BEDA.png,figure,no_generated_output
analysis/ELSA/figures/damage_repair_calibration/ELSA_SHARED/S1_S2/damage/adl/cal_CHAIRA.png,figure,no_generated_output
analysis/ELSA/figures/damage_repair_calibration/ELSA_SHARED/S1_S2/damage/adl/cal_CLIM1A.png,figure,no_generated_output
analysis/ELSA/figures/damage_repair_calibration/ELSA_SHARED/S1_S2/damage/adl/cal_CLIMSA.png,figure,no_generated_output
analysis/ELSA/figures/damage_repair_calibration/ELSA_SHARED/S1_S2/damage/adl/cal_DIMEA.png,figure,no_generated_output
analysis/ELSA/figures/damage_repair_calibration/ELSA_SHARED/S1_S2/damage/adl/cal_DRESSA.png,figure,no_generated_output
analysis/ELSA/figures/damage_repair_calibration/ELSA_SHARED/S1_S2/damage/adl/cal_EATA.png,figure,no_generated_output
analysis/ELSA/figures/damage_repair_calibration/ELSA_SHARED/S1_S2/damage/adl/cal_LIFTA.png,figure,no_generated_output
analysis/ELSA/figures/damage_repair_calibration/ELSA_SHARED/S1_S2/damage/adl/cal_MONEYA.png,figure,no_generated_output
analysis/ELSA/figures/damage_repair_calibration/ELSA_SHARED/S1_S2/damage/adl/cal_PHONEA.png,figure,no_generated_output
analysis/ELSA/figures/damage_repair_calibration/ELSA_SHARED/S1_S2/damage/adl/cal_POOLED_adl.png,figure,no_generated_output
analysis/ELSA/figures/damage_repair_calibration/ELSA_SHARED/S1_S2/damage/adl/cal_PUSHA.png,figure,no_generated_output
analysis/ELSA/figures/damage_repair_calibration/ELSA_SHARED/S1_S2/damage/adl/cal_SHOPA.png,figure,no_generated_output
analysis/ELSA/figures/damage_repair_calibration/ELSA_SHARED/S1_S2/damage/adl/cal_STOOPA.png,figure,no_generated_output
analysis/ELSA/figures/damage_repair_calibration/ELSA_SHARED/S1_S2/damage/adl/cal_TOILTA.png,figure,no_generated_output
analysis/ELSA/figures/damage_repair_calibration/ELSA_SHARED/S1_S2/damage/adl/cal_WALKRA.png,figure,no_generated_output
analysis/ELSA/figures/damage_repair_calibration/ELSA_SHARED/S1_S2/damage/disease/cal_ARTHRE.png,figure,no_generated_output
analysis/ELSA/figures/damage_repair_calibration/ELSA_SHARED/S1_S2/damage/disease/cal_CANCRE.png,figure,no_generated_output
analysis/ELSA/figures/damage_repair_calibration/ELSA_SHARED/S1_S2/damage/disease/cal_DIABE.png,figure,no_generated_output
analysis/ELSA/figures/damage_repair_calibration/ELSA_SHARED/S1_S2/damage/disease/cal_HEARTE.png,figure,no_generated_output
analysis/ELSA/figures/damage_repair_calibration/ELSA_SHARED/S1_S2/damage/disease/cal_HIBPE.png,figure,no_generated_output
analysis/ELSA/figures/damage_repair_calibration/ELSA_SHARED/S1_S2/damage/disease/cal_LUNGE.png,figure,no_generated_output
analysis/ELSA/figures/damage_repair_calibration/ELSA_SHARED/S1_S2/damage/disease/cal_POOLED_disease.png,figure,no_generated_output
analysis/ELSA/figures/damage_repair_calibration/ELSA_SHARED/S1_S2/damage/disease/cal_STROKE.png,figure,no_generated_output
analysis/ELSA/figures/damage_repair_calibration/ELSA_SHARED/S1_S2/repair/adl/cal_ARMSA.png,figure,no_generated_output
analysis/ELSA/figures/damage_repair_calibration/ELSA_SHARED/S1_S2/repair/adl/cal_BATHA.png,figure,no_generated_output
analysis/ELSA/figures/damage_repair_calibration/ELSA_SHARED/S1_S2/repair/adl/cal_CHAIRA.png,figure,no_generated_output
analysis/ELSA/figures/damage_repair_calibration/ELSA_SHARED/S1_S2/repair/adl/cal_CLIM1A.png,figure,no_generated_output
analysis/ELSA/figures/damage_repair_calibration/ELSA_SHARED/S1_S2/repair/adl/cal_CLIMSA.png,figure,no_generated_output
analysis/ELSA/figures/damage_repair_calibration/ELSA_SHARED/S1_S2/repair/adl/cal_DIMEA.png,figure,no_generated_output
analysis/ELSA/figures/damage_repair_calibration/ELSA_SHARED/S1_S2/repair/adl/cal_DRESSA.png,figure,no_generated_output
analysis/ELSA/figures/damage_repair_calibration/ELSA_SHARED/S1_S2/repair/adl/cal_LIFTA.png,figure,no_generated_output
analysis/ELSA/figures/damage_repair_calibration/ELSA_SHARED/S1_S2/repair/adl/cal_POOLED_adl.png,figure,no_generated_output
analysis/ELSA/figures/damage_repair_calibration/ELSA_SHARED/S1_S2/repair/adl/cal_PUSHA.png,figure,no_generated_output
analysis/ELSA/figures/damage_repair_calibration/ELSA_SHARED/S1_S2/repair/adl/cal_SHOPA.png,figure,no_generated_output
analysis/ELSA/figures/damage_repair_calibration/ELSA_SHARED/S1_S2/repair/adl/cal_STOOPA.png,figure,no_generated_output
analysis/ELSA/figures/damage_repair_calibration/ELSA_SHARED/S1_S2/repair/adl/cal_TOILTA.png,figure,no_generated_output
analysis/ELSA/figures/damage_repair_calibration/ELSA_SHARED/S1_S2/repair/adl/cal_WALKRA.png,figure,no_generated_output
analysis/ELSA/figures/damage_repair_calibration/ELSA_SHARED/S1_S2/repair/disease/cal_ARTHRE.png,figure,no_generated_output
analysis/ELSA/figures/damage_repair_calibration/ELSA_SHARED/S1_S2/repair/disease/cal_CANCRE.png,figure,no_generated_output
analysis/ELSA/figures/damage_repair_calibration/ELSA_SHARED/S1_S2/repair/disease/cal_DIABE.png,figure,no_generated_output
analysis/ELSA/figures/damage_repair_calibration/ELSA_SHARED/S1_S2/repair/disease/cal_HIBPE.png,figure,no_generated_output
analysis/ELSA/figures/damage_repair_calibration/ELSA_SHARED/S1_S2/repair/disease/cal_LUNGE.png,figure,no_generated_output
analysis/ELSA/figures/damage_repair_calibration/ELSA_SHARED/S1_S2/repair/disease/cal_POOLED_disease.png,figure,no_generated_output
analysis/ELSA/figures/damage_repair_calibration/ELSA_SHARED/S1_S2/repair/disease/cal_STROKE.png,figure,no_generated_output
analysis/ELSA/figures/damage_repair_calibration/ELSA_SHARED/S2_S3/damage/adl/cal_ARMSA.png,figure,no_generated_output
analysis/ELSA/figures/damage_repair_calibration/ELSA_SHARED/S2_S3/damage/adl/cal_BATHA.png,figure,no_generated_output
analysis/ELSA/figures/damage_repair_calibration/ELSA_SHARED/S2_S3/damage/adl/cal_BEDA.png,figure,no_generated_output
analysis/ELSA/figures/damage_repair_calibration/ELSA_SHARED/S2_S3/damage/adl/cal_CHAIRA.png,figure,no_generated_output
analysis/ELSA/figures/damage_repair_calibration/ELSA_SHARED/S2_S3/damage/adl/cal_CLIM1A.png,figure,no_generated_output
analysis/ELSA/figures/damage_repair_calibration/ELSA_SHARED/S2_S3/damage/adl/cal_CLIMSA.png,figure,no_generated_output
analysis/ELSA/figures/damage_repair_calibration/ELSA_SHARED/S2_S3/damage/adl/cal_DIMEA.png,figure,no_generated_output
analysis/ELSA/figures/damage_repair_calibration/ELSA_SHARED/S2_S3/damage/adl/cal_DRESSA.png,figure,no_generated_output
analysis/ELSA/figures/damage_repair_calibration/ELSA_SHARED/S2_S3/damage/adl/cal_EATA.png,figure,no_generated_output
analysis/ELSA/figures/damage_repair_calibration/ELSA_SHARED/S2_S3/damage/adl/cal_LIFTA.png,figure,no_generated_output
analysis/ELSA/figures/damage_repair_calibration/ELSA_SHARED/S2_S3/damage/adl/cal_MONEYA.png,figure,no_generated_output
analysis/ELSA/figures/damage_repair_calibration/ELSA_SHARED/S2_S3/damage/adl/cal_PHONEA.png,figure,no_generated_output
analysis/ELSA/figures/damage_repair_calibration/ELSA_SHARED/S2_S3/damage/adl/cal_POOLED_adl.png,figure,no_generated_output
analysis/ELSA/figures/damage_repair_calibration/ELSA_SHARED/S2_S3/damage/adl/cal_PUSHA.png,figure,no_generated_output
analysis/ELSA/figures/damage_repair_calibration/ELSA_SHARED/S2_S3/damage/adl/cal_SHOPA.png,figure,no_generated_output
analysis/ELSA/figures/damage_repair_calibration/ELSA_SHARED/S2_S3/damage/adl/cal_STOOPA.png,figure,no_generated_output
analysis/ELSA/figures/damage_repair_calibration/ELSA_SHARED/S2_S3/damage/adl/cal_TOILTA.png,figure,no_generated_output
analysis/ELSA/figures/damage_repair_calibration/ELSA_SHARED/S2_S3/damage/adl/cal_WALKRA.png,figure,no_generated_output
analysis/ELSA/figures/damage_repair_calibration/ELSA_SHARED/S2_S3/damage/disease/cal_ARTHRE.png,figure,no_generated_output
analysis/ELSA/figures/damage_repair_calibration/ELSA_SHARED/S2_S3/damage/disease/cal_CANCRE.png,figure,no_generated_output
analysis/ELSA/figures/damage_repair_calibration/ELSA_SHARED/S2_S3/damage/disease/cal_DIABE.png,figure,no_generated_output
analysis/ELSA/figures/damage_repair_calibration/ELSA_SHARED/S2_S3/damage/disease/cal_HEARTE.png,figure,no_generated_output
analysis/ELSA/figures/damage_repair_calibration/ELSA_SHARED/S2_S3/damage/disease/cal_HIBPE.png,figure,no_generated_output
analysis/ELSA/figures/damage_repair_calibration/ELSA_SHARED/S2_S3/damage/disease/cal_LUNGE.png,figure,no_generated_output
analysis/ELSA/figures/damage_repair_calibration/ELSA_SHARED/S2_S3/damage/disease/cal_POOLED_disease.png,figure,no_generated_output
analysis/ELSA/figures/damage_repair_calibration/ELSA_SHARED/S2_S3/damage/disease/cal_STROKE.png,figure,no_generated_output
analysis/ELSA/figures/damage_repair_calibration/ELSA_SHARED/S2_S3/repair/adl/cal_ARMSA.png,figure,no_generated_output
analysis/ELSA/figures/damage_repair_calibration/ELSA_SHARED/S2_S3/repair/adl/cal_BATHA.png,figure,no_generated_output
analysis/ELSA/figures/damage_repair_calibration/ELSA_SHARED/S2_S3/repair/adl/cal_BEDA.png,figure,no_generated_output
analysis/ELSA/figures/damage_repair_calibration/ELSA_SHARED/S2_S3/repair/adl/cal_CHAIRA.png,figure,no_generated_output
analysis/ELSA/figures/damage_repair_calibration/ELSA_SHARED/S2_S3/repair/adl/cal_CLIM1A.png,figure,no_generated_output
analysis/ELSA/figures/damage_repair_calibration/ELSA_SHARED/S2_S3/repair/adl/cal_CLIMSA.png,figure,no_generated_output
analysis/ELSA/figures/damage_repair_calibration/ELSA_SHARED/S2_S3/repair/adl/cal_DIMEA.png,figure,no_generated_output
analysis/ELSA/figures/damage_repair_calibration/ELSA_SHARED/S2_S3/repair/adl/cal_DRESSA.png,figure,no_generated_output
analysis/ELSA/figures/damage_repair_calibration/ELSA_SHARED/S2_S3/repair/adl/cal_LIFTA.png,figure,no_generated_output
analysis/ELSA/figures/damage_repair_calibration/ELSA_SHARED/S2_S3/repair/adl/cal_MONEYA.png,figure,no_generated_output
analysis/ELSA/figures/damage_repair_calibration/ELSA_SHARED/S2_S3/repair/adl/cal_POOLED_adl.png,figure,no_generated_output
analysis/ELSA/figures/damage_repair_calibration/ELSA_SHARED/S2_S3/repair/adl/cal_PUSHA.png,figure,no_generated_output
analysis/ELSA/figures/damage_repair_calibration/ELSA_SHARED/S2_S3/repair/adl/cal_SHOPA.png,figure,no_generated_output
analysis/ELSA/figures/damage_repair_calibration/ELSA_SHARED/S2_S3/repair/adl/cal_STOOPA.png,figure,no_generated_output
analysis/ELSA/figures/damage_repair_calibration/ELSA_SHARED/S2_S3/repair/adl/cal_TOILTA.png,figure,no_generated_output
analysis/ELSA/figures/damage_repair_calibration/ELSA_SHARED/S2_S3/repair/adl/cal_WALKRA.png,figure,no_generated_output
analysis/ELSA/figures/damage_repair_calibration/ELSA_SHARED/S2_S3/repair/disease/cal_ARTHRE.png,figure,no_generated_output
analysis/ELSA/figures/damage_repair_calibration/ELSA_SHARED/S2_S3/repair/disease/cal_CANCRE.png,figure,no_generated_output
analysis/ELSA/figures/damage_repair_calibration/ELSA_SHARED/S2_S3/repair/disease/cal_DIABE.png,figure,no_generated_output
analysis/ELSA/figures/damage_repair_calibration/ELSA_SHARED/S2_S3/repair/disease/cal_HIBPE.png,figure,no_generated_output
analysis/ELSA/figures/damage_repair_calibration/ELSA_SHARED/S2_S3/repair/disease/cal_LUNGE.png,figure,no_generated_output
analysis/ELSA/figures/damage_repair_calibration/ELSA_SHARED/S2_S3/repair/disease/cal_POOLED_disease.png,figure,no_generated_output
analysis/ELSA/figures/damage_repair_calibration/ELSA_SHARED/S2_S3/repair/disease/cal_STROKE.png,figure,no_generated_output
analysis/ELSA/figures/damage_repair_calibration/ELSA_SHARED/S3_S4/damage/adl/cal_ARMSA.png,figure,no_generated_output
analysis/ELSA/figures/damage_repair_calibration/ELSA_SHARED/S3_S4/damage/adl/cal_BATHA.png,figure,no_generated_output
analysis/ELSA/figures/damage_repair_calibration/ELSA_SHARED/S3_S4/damage/adl/cal_BEDA.png,figure,no_generated_output
analysis/ELSA/figures/damage_repair_calibration/ELSA_SHARED/S3_S4/damage/adl/cal_CHAIRA.png,figure,no_generated_output
analysis/ELSA/figures/damage_repair_calibration/ELSA_SHARED/S3_S4/damage/adl/cal_CLIM1A.png,figure,no_generated_output
analysis/ELSA/figures/damage_repair_calibration/ELSA_SHARED/S3_S4/damage/adl/cal_CLIMSA.png,figure,no_generated_output
analysis/ELSA/figures/damage_repair_calibration/ELSA_SHARED/S3_S4/damage/adl/cal_DIMEA.png,figure,no_generated_output
analysis/ELSA/figures/damage_repair_calibration/ELSA_SHARED/S3_S4/damage/adl/cal_DRESSA.png,figure,no_generated_output
analysis/ELSA/figures/damage_repair_calibration/ELSA_SHARED/S3_S4/damage/adl/cal_EATA.png,figure,no_generated_output
analysis/ELSA/figures/damage_repair_calibration/ELSA_SHARED/S3_S4/damage/adl/cal_LIFTA.png,figure,no_generated_output
analysis/ELSA/figures/damage_repair_calibration/ELSA_SHARED/S3_S4/damage/adl/cal_MONEYA.png,figure,no_generated_output
analysis/ELSA/figures/damage_repair_calibration/ELSA_SHARED/S3_S4/damage/adl/cal_PHONEA.png,figure,no_generated_output
analysis/ELSA/figures/damage_repair_calibration/ELSA_SHARED/S3_S4/damage/adl/cal_POOLED_adl.png,figure,no_generated_output
analysis/ELSA/figures/damage_repair_calibration/ELSA_SHARED/S3_S4/damage/adl/cal_PUSHA.png,figure,no_generated_output
analysis/ELSA/figures/damage_repair_calibration/ELSA_SHARED/S3_S4/damage/adl/cal_SHOPA.png,figure,no_generated_output
analysis/ELSA/figures/damage_repair_calibration/ELSA_SHARED/S3_S4/damage/adl/cal_STOOPA.png,figure,no_generated_output
analysis/ELSA/figures/damage_repair_calibration/ELSA_SHARED/S3_S4/damage/adl/cal_TOILTA.png,figure,no_generated_output
analysis/ELSA/figures/damage_repair_calibration/ELSA_SHARED/S3_S4/damage/adl/cal_WALKRA.png,figure,no_generated_output
analysis/ELSA/figures/damage_repair_calibration/ELSA_SHARED/S3_S4/damage/disease/cal_ARTHRE.png,figure,no_generated_output
analysis/ELSA/figures/damage_repair_calibration/ELSA_SHARED/S3_S4/damage/disease/cal_CANCRE.png,figure,no_generated_output
analysis/ELSA/figures/damage_repair_calibration/ELSA_SHARED/S3_S4/damage/disease/cal_DIABE.png,figure,no_generated_output
analysis/ELSA/figures/damage_repair_calibration/ELSA_SHARED/S3_S4/damage/disease/cal_HEARTE.png,figure,no_generated_output
analysis/ELSA/figures/damage_repair_calibration/ELSA_SHARED/S3_S4/damage/disease/cal_HIBPE.png,figure,no_generated_output
analysis/ELSA/figures/damage_repair_calibration/ELSA_SHARED/S3_S4/damage/disease/cal_LUNGE.png,figure,no_generated_output
analysis/ELSA/figures/damage_repair_calibration/ELSA_SHARED/S3_S4/damage/disease/cal_POOLED_disease.png,figure,no_generated_output
analysis/ELSA/figures/damage_repair_calibration/ELSA_SHARED/S3_S4/damage/disease/cal_STROKE.png,figure,no_generated_output
analysis/ELSA/figures/damage_repair_calibration/ELSA_SHARED/S3_S4/repair/adl/cal_ARMSA.png,figure,no_generated_output
analysis/ELSA/figures/damage_repair_calibration/ELSA_SHARED/S3_S4/repair/adl/cal_BATHA.png,figure,no_generated_output
analysis/ELSA/figures/damage_repair_calibration/ELSA_SHARED/S3_S4/repair/adl/cal_BEDA.png,figure,no_generated_output
analysis/ELSA/figures/damage_repair_calibration/ELSA_SHARED/S3_S4/repair/adl/cal_CHAIRA.png,figure,no_generated_output
analysis/ELSA/figures/damage_repair_calibration/ELSA_SHARED/S3_S4/repair/adl/cal_CLIM1A.png,figure,no_generated_output
analysis/ELSA/figures/damage_repair_calibration/ELSA_SHARED/S3_S4/repair/adl/cal_CLIMSA.png,figure,no_generated_output
analysis/ELSA/figures/damage_repair_calibration/ELSA_SHARED/S3_S4/repair/adl/cal_DIMEA.png,figure,no_generated_output
analysis/ELSA/figures/damage_repair_calibration/ELSA_SHARED/S3_S4/repair/adl/cal_DRESSA.png,figure,no_generated_output
analysis/ELSA/figures/damage_repair_calibration/ELSA_SHARED/S3_S4/repair/adl/cal_LIFTA.png,figure,no_generated_output
analysis/ELSA/figures/damage_repair_calibration/ELSA_SHARED/S3_S4/repair/adl/cal_MONEYA.png,figure,no_generated_output
analysis/ELSA/figures/damage_repair_calibration/ELSA_SHARED/S3_S4/repair/adl/cal_POOLED_adl.png,figure,no_generated_output
analysis/ELSA/figures/damage_repair_calibration/ELSA_SHARED/S3_S4/repair/adl/cal_PUSHA.png,figure,no_generated_output
analysis/ELSA/figures/damage_repair_calibration/ELSA_SHARED/S3_S4/repair/adl/cal_SHOPA.png,figure,no_generated_output
analysis/ELSA/figures/damage_repair_calibration/ELSA_SHARED/S3_S4/repair/adl/cal_STOOPA.png,figure,no_generated_output
analysis/ELSA/figures/damage_repair_calibration/ELSA_SHARED/S3_S4/repair/adl/cal_TOILTA.png,figure,no_generated_output
analysis/ELSA/figures/damage_repair_calibration/ELSA_SHARED/S3_S4/repair/adl/cal_WALKRA.png,figure,no_generated_output
analysis/ELSA/figures/damage_repair_calibration/ELSA_SHARED/S3_S4/repair/disease/cal_ARTHRE.png,figure,no_generated_output
analysis/ELSA/figures/damage_repair_calibration/ELSA_SHARED/S3_S4/repair/disease/cal_CANCRE.png,figure,no_generated_output
analysis/ELSA/figures/damage_repair_calibration/ELSA_SHARED/S3_S4/repair/disease/cal_DIABE.png,figure,no_generated_output
analysis/ELSA/figures/damage_repair_calibration/ELSA_SHARED/S3_S4/repair/disease/cal_HIBPE.png,figure,no_generated_output
analysis/ELSA/figures/damage_repair_calibration/ELSA_SHARED/S3_S4/repair/disease/cal_LUNGE.png,figure,no_generated_output
analysis/ELSA/figures/damage_repair_calibration/ELSA_SHARED/S3_S4/repair/disease/cal_POOLED_disease.png,figure,no_generated_output
analysis/ELSA/figures/damage_repair_calibration/ELSA_SHARED/S3_S4/repair/disease/cal_STROKE.png,figure,no_generated_output
analysis/ELSA/figures/damage_repair_calibration/ELSA_SHARED/S4_S5/damage/adl/cal_ARMSA.png,figure,no_generated_output
analysis/ELSA/figures/damage_repair_calibration/ELSA_SHARED/S4_S5/damage/adl/cal_BATHA.png,figure,no_generated_output
analysis/ELSA/figures/damage_repair_calibration/ELSA_SHARED/S4_S5/damage/adl/cal_BEDA.png,figure,no_generated_output
analysis/ELSA/figures/damage_repair_calibration/ELSA_SHARED/S4_S5/damage/adl/cal_CHAIRA.png,figure,no_generated_output
analysis/ELSA/figures/damage_repair_calibration/ELSA_SHARED/S4_S5/damage/adl/cal_CLIM1A.png,figure,no_generated_output
analysis/ELSA/figures/damage_repair_calibration/ELSA_SHARED/S4_S5/damage/adl/cal_CLIMSA.png,figure,no_generated_output
analysis/ELSA/figures/damage_repair_calibration/ELSA_SHARED/S4_S5/damage/adl/cal_DIMEA.png,figure,no_generated_output
analysis/ELSA/figures/damage_repair_calibration/ELSA_SHARED/S4_S5/damage/adl/cal_DRESSA.png,figure,no_generated_output
analysis/ELSA/figures/damage_repair_calibration/ELSA_SHARED/S4_S5/damage/adl/cal_EATA.png,figure,no_generated_output
analysis/ELSA/figures/damage_repair_calibration/ELSA_SHARED/S4_S5/damage/adl/cal_LIFTA.png,figure,no_generated_output
analysis/ELSA/figures/damage_repair_calibration/ELSA_SHARED/S4_S5/damage/adl/cal_MONEYA.png,figure,no_generated_output
analysis/ELSA/figures/damage_repair_calibration/ELSA_SHARED/S4_S5/damage/adl/cal_PHONEA.png,figure,no_generated_output
analysis/ELSA/figures/damage_repair_calibration/ELSA_SHARED/S4_S5/damage/adl/cal_POOLED_adl.png,figure,no_generated_output
analysis/ELSA/figures/damage_repair_calibration/ELSA_SHARED/S4_S5/damage/adl/cal_PUSHA.png,figure,no_generated_output
analysis/ELSA/figures/damage_repair_calibration/ELSA_SHARED/S4_S5/damage/adl/cal_SHOPA.png,figure,no_generated_output
analysis/ELSA/figures/damage_repair_calibration/ELSA_SHARED/S4_S5/damage/adl/cal_STOOPA.png,figure,no_generated_output
analysis/ELSA/figures/damage_repair_calibration/ELSA_SHARED/S4_S5/damage/adl/cal_TOILTA.png,figure,no_generated_output
analysis/ELSA/figures/damage_repair_calibration/ELSA_SHARED/S4_S5/damage/adl/cal_WALKRA.png,figure,no_generated_output
analysis/ELSA/figures/damage_repair_calibration/ELSA_SHARED/S4_S5/damage/disease/cal_ARTHRE.png,figure,no_generated_output
analysis/ELSA/figures/damage_repair_calibration/ELSA_SHARED/S4_S5/damage/disease/cal_CANCRE.png,figure,no_generated_output
analysis/ELSA/figures/damage_repair_calibration/ELSA_SHARED/S4_S5/damage/disease/cal_DIABE.png,figure,no_generated_output
analysis/ELSA/figures/damage_repair_calibration/ELSA_SHARED/S4_S5/damage/disease/cal_HEARTE.png,figure,no_generated_output
analysis/ELSA/figures/damage_repair_calibration/ELSA_SHARED/S4_S5/damage/disease/cal_HIBPE.png,figure,no_generated_output
analysis/ELSA/figures/damage_repair_calibration/ELSA_SHARED/S4_S5/damage/disease/cal_LUNGE.png,figure,no_generated_output
analysis/ELSA/figures/damage_repair_calibration/ELSA_SHARED/S4_S5/damage/disease/cal_POOLED_disease.png,figure,no_generated_output
analysis/ELSA/figures/damage_repair_calibration/ELSA_SHARED/S4_S5/damage/disease/cal_STROKE.png,figure,no_generated_output
analysis/ELSA/figures/damage_repair_calibration/ELSA_SHARED/S4_S5/repair/adl/cal_ARMSA.png,figure,no_generated_output
analysis/ELSA/figures/damage_repair_calibration/ELSA_SHARED/S4_S5/repair/adl/cal_BATHA.png,figure,no_generated_output
analysis/ELSA/figures/damage_repair_calibration/ELSA_SHARED/S4_S5/repair/adl/cal_BEDA.png,figure,no_generated_output
analysis/ELSA/figures/damage_repair_calibration/ELSA_SHARED/S4_S5/repair/adl/cal_CHAIRA.png,figure,no_generated_output
analysis/ELSA/figures/damage_repair_calibration/ELSA_SHARED/S4_S5/repair/adl/cal_CLIM1A.png,figure,no_generated_output
analysis/ELSA/figures/damage_repair_calibration/ELSA_SHARED/S4_S5/repair/adl/cal_CLIMSA.png,figure,no_generated_output
analysis/ELSA/figures/damage_repair_calibration/ELSA_SHARED/S4_S5/repair/adl/cal_DIMEA.png,figure,no_generated_output
analysis/ELSA/figures/damage_repair_calibration/ELSA_SHARED/S4_S5/repair/adl/cal_DRESSA.png,figure,no_generated_output
analysis/ELSA/figures/damage_repair_calibration/ELSA_SHARED/S4_S5/repair/adl/cal_LIFTA.png,figure,no_generated_output
analysis/ELSA/figures/damage_repair_calibration/ELSA_SHARED/S4_S5/repair/adl/cal_MONEYA.png,figure,no_generated_output
analysis/ELSA/figures/damage_repair_calibration/ELSA_SHARED/S4_S5/repair/adl/cal_PHONEA.png,figure,no_generated_output
analysis/ELSA/figures/damage_repair_calibration/ELSA_SHARED/S4_S5/repair/adl/cal_POOLED_adl.png,figure,no_generated_output
analysis/ELSA/figures/damage_repair_calibration/ELSA_SHARED/S4_S5/repair/adl/cal_PUSHA.png,figure,no_generated_output
analysis/ELSA/figures/damage_repair_calibration/ELSA_SHARED/S4_S5/repair/adl/cal_SHOPA.png,figure,no_generated_output
analysis/ELSA/figures/damage_repair_calibration/ELSA_SHARED/S4_S5/repair/adl/cal_STOOPA.png,figure,no_generated_output
analysis/ELSA/figures/damage_repair_calibration/ELSA_SHARED/S4_S5/repair/adl/cal_TOILTA.png,figure,no_generated_output
analysis/ELSA/figures/damage_repair_calibration/ELSA_SHARED/S4_S5/repair/adl/cal_WALKRA.png,figure,no_generated_output
analysis/ELSA/figures/damage_repair_calibration/ELSA_SHARED/S4_S5/repair/disease/cal_ARTHRE.png,figure,no_generated_output
analysis/ELSA/figures/damage_repair_calibration/ELSA_SHARED/S4_S5/repair/disease/cal_CANCRE.png,figure,no_generated_output
analysis/ELSA/figures/damage_repair_calibration/ELSA_SHARED/S4_S5/repair/disease/cal_DIABE.png,figure,no_generated_output
analysis/ELSA/figures/damage_repair_calibration/ELSA_SHARED/S4_S5/repair/disease/cal_HEARTE.png,figure,no_generated_output
analysis/ELSA/figures/damage_repair_calibration/ELSA_SHARED/S4_S5/repair/disease/cal_HIBPE.png,figure,no_generated_output
analysis/ELSA/figures/damage_repair_calibration/ELSA_SHARED/S4_S5/repair/disease/cal_LUNGE.png,figure,no_generated_output
analysis/ELSA/figures/damage_repair_calibration/ELSA_SHARED/S4_S5/repair/disease/cal_POOLED_disease.png,figure,no_generated_output
analysis/ELSA/figures/damage_repair_calibration/ELSA_SHARED/S4_S5/repair/disease/cal_STROKE.png,figure,no_generated_output
analysis/ELSA/figures/damage_repair_calibration/ELSA_SHARED/S5_S6/damage/adl/cal_ARMSA.png,figure,no_generated_output
analysis/ELSA/figures/damage_repair_calibration/ELSA_SHARED/S5_S6/damage/adl/cal_BATHA.png,figure,no_generated_output
analysis/ELSA/figures/damage_repair_calibration/ELSA_SHARED/S5_S6/damage/adl/cal_BEDA.png,figure,no_generated_output
analysis/ELSA/figures/damage_repair_calibration/ELSA_SHARED/S5_S6/damage/adl/cal_CHAIRA.png,figure,no_generated_output
analysis/ELSA/figures/damage_repair_calibration/ELSA_SHARED/S5_S6/damage/adl/cal_CLIM1A.png,figure,no_generated_output
analysis/ELSA/figures/damage_repair_calibration/ELSA_SHARED/S5_S6/damage/adl/cal_CLIMSA.png,figure,no_generated_output
analysis/ELSA/figures/damage_repair_calibration/ELSA_SHARED/S5_S6/damage/adl/cal_DIMEA.png,figure,no_generated_output
analysis/ELSA/figures/damage_repair_calibration/ELSA_SHARED/S5_S6/damage/adl/cal_DRESSA.png,figure,no_generated_output
analysis/ELSA/figures/damage_repair_calibration/ELSA_SHARED/S5_S6/damage/adl/cal_EATA.png,figure,no_generated_output
analysis/ELSA/figures/damage_repair_calibration/ELSA_SHARED/S5_S6/damage/adl/cal_LIFTA.png,figure,no_generated_output
analysis/ELSA/figures/damage_repair_calibration/ELSA_SHARED/S5_S6/damage/adl/cal_MONEYA.png,figure,no_generated_output
analysis/ELSA/figures/damage_repair_calibration/ELSA_SHARED/S5_S6/damage/adl/cal_PHONEA.png,figure,no_generated_output
analysis/ELSA/figures/damage_repair_calibration/ELSA_SHARED/S5_S6/damage/adl/cal_POOLED_adl.png,figure,no_generated_output
analysis/ELSA/figures/damage_repair_calibration/ELSA_SHARED/S5_S6/damage/adl/cal_PUSHA.png,figure,no_generated_output
analysis/ELSA/figures/damage_repair_calibration/ELSA_SHARED/S5_S6/damage/adl/cal_SHOPA.png,figure,no_generated_output
analysis/ELSA/figures/damage_repair_calibration/ELSA_SHARED/S5_S6/damage/adl/cal_STOOPA.png,figure,no_generated_output
analysis/ELSA/figures/damage_repair_calibration/ELSA_SHARED/S5_S6/damage/adl/cal_TOILTA.png,figure,no_generated_output
analysis/ELSA/figures/damage_repair_calibration/ELSA_SHARED/S5_S6/damage/adl/cal_WALKRA.png,figure,no_generated_output
analysis/ELSA/figures/damage_repair_calibration/ELSA_SHARED/S5_S6/damage/disease/cal_ARTHRE.png,figure,no_generated_output
analysis/ELSA/figures/damage_repair_calibration/ELSA_SHARED/S5_S6/damage/disease/cal_CANCRE.png,figure,no_generated_output
analysis/ELSA/figures/damage_repair_calibration/ELSA_SHARED/S5_S6/damage/disease/cal_DIABE.png,figure,no_generated_output
analysis/ELSA/figures/damage_repair_calibration/ELSA_SHARED/S5_S6/damage/disease/cal_HEARTE.png,figure,no_generated_output
analysis/ELSA/figures/damage_repair_calibration/ELSA_SHARED/S5_S6/damage/disease/cal_HIBPE.png,figure,no_generated_output
analysis/ELSA/figures/damage_repair_calibration/ELSA_SHARED/S5_S6/damage/disease/cal_LUNGE.png,figure,no_generated_output
analysis/ELSA/figures/damage_repair_calibration/ELSA_SHARED/S5_S6/damage/disease/cal_POOLED_disease.png,figure,no_generated_output
analysis/ELSA/figures/damage_repair_calibration/ELSA_SHARED/S5_S6/damage/disease/cal_STROKE.png,figure,no_generated_output
analysis/ELSA/figures/damage_repair_calibration/ELSA_SHARED/S5_S6/repair/adl/cal_ARMSA.png,figure,no_generated_output
analysis/ELSA/figures/damage_repair_calibration/ELSA_SHARED/S5_S6/repair/adl/cal_BATHA.png,figure,no_generated_output
analysis/ELSA/figures/damage_repair_calibration/ELSA_SHARED/S5_S6/repair/adl/cal_BEDA.png,figure,no_generated_output
analysis/ELSA/figures/damage_repair_calibration/ELSA_SHARED/S5_S6/repair/adl/cal_CHAIRA.png,figure,no_generated_output
analysis/ELSA/figures/damage_repair_calibration/ELSA_SHARED/S5_S6/repair/adl/cal_CLIM1A.png,figure,no_generated_output
analysis/ELSA/figures/damage_repair_calibration/ELSA_SHARED/S5_S6/repair/adl/cal_CLIMSA.png,figure,no_generated_output
analysis/ELSA/figures/damage_repair_calibration/ELSA_SHARED/S5_S6/repair/adl/cal_DIMEA.png,figure,no_generated_output
analysis/ELSA/figures/damage_repair_calibration/ELSA_SHARED/S5_S6/repair/adl/cal_DRESSA.png,figure,no_generated_output
analysis/ELSA/figures/damage_repair_calibration/ELSA_SHARED/S5_S6/repair/adl/cal_LIFTA.png,figure,no_generated_output
analysis/ELSA/figures/damage_repair_calibration/ELSA_SHARED/S5_S6/repair/adl/cal_MONEYA.png,figure,no_generated_output
analysis/ELSA/figures/damage_repair_calibration/ELSA_SHARED/S5_S6/repair/adl/cal_PHONEA.png,figure,no_generated_output
analysis/ELSA/figures/damage_repair_calibration/ELSA_SHARED/S5_S6/repair/adl/cal_POOLED_adl.png,figure,no_generated_output
analysis/ELSA/figures/damage_repair_calibration/ELSA_SHARED/S5_S6/repair/adl/cal_PUSHA.png,figure,no_generated_output
analysis/ELSA/figures/damage_repair_calibration/ELSA_SHARED/S5_S6/repair/adl/cal_SHOPA.png,figure,no_generated_output
analysis/ELSA/figures/damage_repair_calibration/ELSA_SHARED/S5_S6/repair/adl/cal_STOOPA.png,figure,no_generated_output
analysis/ELSA/figures/damage_repair_calibration/ELSA_SHARED/S5_S6/repair/adl/cal_TOILTA.png,figure,no_generated_output
analysis/ELSA/figures/damage_repair_calibration/ELSA_SHARED/S5_S6/repair/adl/cal_WALKRA.png,figure,no_generated_output
analysis/ELSA/figures/damage_repair_calibration/ELSA_SHARED/S5_S6/repair/disease/cal_ARTHRE.png,figure,no_generated_output
analysis/ELSA/figures/damage_repair_calibration/ELSA_SHARED/S5_S6/repair/disease/cal_CANCRE.png,figure,no_generated_output
analysis/ELSA/figures/damage_repair_calibration/ELSA_SHARED/S5_S6/repair/disease/cal_DIABE.png,figure,no_generated_output
analysis/ELSA/figures/damage_repair_calibration/ELSA_SHARED/S5_S6/repair/disease/cal_HEARTE.png,figure,no_generated_output
analysis/ELSA/figures/damage_repair_calibration/ELSA_SHARED/S5_S6/repair/disease/cal_HIBPE.png,figure,no_generated_output
analysis/ELSA/figures/damage_repair_calibration/ELSA_SHARED/S5_S6/repair/disease/cal_LUNGE.png,figure,no_generated_output
analysis/ELSA/figures/damage_repair_calibration/ELSA_SHARED/S5_S6/repair/disease/cal_POOLED_disease.png,figure,no_generated_output
analysis/ELSA/figures/damage_repair_calibration/ELSA_SHARED/S5_S6/repair/disease/cal_STROKE.png,figure,no_generated_output
analysis/ELSA/figures/damage_repair_calibration/ELSA_SHARED/S6_S7/damage/adl/cal_ARMSA.png,figure,no_generated_output
analysis/ELSA/figures/damage_repair_calibration/ELSA_SHARED/S6_S7/damage/adl/cal_BATHA.png,figure,no_generated_output
analysis/ELSA/figures/damage_repair_calibration/ELSA_SHARED/S6_S7/damage/adl/cal_BEDA.png,figure,no_generated_output
analysis/ELSA/figures/damage_repair_calibration/ELSA_SHARED/S6_S7/damage/adl/cal_CHAIRA.png,figure,no_generated_output
analysis/ELSA/figures/damage_repair_calibration/ELSA_SHARED/S6_S7/damage/adl/cal_CLIM1A.png,figure,no_generated_output
analysis/ELSA/figures/damage_repair_calibration/ELSA_SHARED/S6_S7/damage/adl/cal_CLIMSA.png,figure,no_generated_output
analysis/ELSA/figures/damage_repair_calibration/ELSA_SHARED/S6_S7/damage/adl/cal_DIMEA.png,figure,no_generated_output
analysis/ELSA/figures/damage_repair_calibration/ELSA_SHARED/S6_S7/damage/adl/cal_DRESSA.png,figure,no_generated_output
analysis/ELSA/figures/damage_repair_calibration/ELSA_SHARED/S6_S7/damage/adl/cal_EATA.png,figure,no_generated_output
analysis/ELSA/figures/damage_repair_calibration/ELSA_SHARED/S6_S7/damage/adl/cal_LIFTA.png,figure,no_generated_output
analysis/ELSA/figures/damage_repair_calibration/ELSA_SHARED/S6_S7/damage/adl/cal_MONEYA.png,figure,no_generated_output
analysis/ELSA/figures/damage_repair_calibration/ELSA_SHARED/S6_S7/damage/adl/cal_PHONEA.png,figure,no_generated_output
analysis/ELSA/figures/damage_repair_calibration/ELSA_SHARED/S6_S7/damage/adl/cal_POOLED_adl.png,figure,no_generated_output
analysis/ELSA/figures/damage_repair_calibration/ELSA_SHARED/S6_S7/damage/adl/cal_PUSHA.png,figure,no_generated_output
analysis/ELSA/figures/damage_repair_calibration/ELSA_SHARED/S6_S7/damage/adl/cal_SHOPA.png,figure,no_generated_output
analysis/ELSA/figures/damage_repair_calibration/ELSA_SHARED/S6_S7/damage/adl/cal_STOOPA.png,figure,no_generated_output
analysis/ELSA/figures/damage_repair_calibration/ELSA_SHARED/S6_S7/damage/adl/cal_TOILTA.png,figure,no_generated_output
analysis/ELSA/figures/damage_repair_calibration/ELSA_SHARED/S6_S7/damage/adl/cal_WALKRA.png,figure,no_generated_output
analysis/ELSA/figures/damage_repair_calibration/ELSA_SHARED/S6_S7/damage/disease/cal_ARTHRE.png,figure,no_generated_output
analysis/ELSA/figures/damage_repair_calibration/ELSA_SHARED/S6_S7/damage/disease/cal_CANCRE.png,figure,no_generated_output
analysis/ELSA/figures/damage_repair_calibration/ELSA_SHARED/S6_S7/damage/disease/cal_DIABE.png,figure,no_generated_output
analysis/ELSA/figures/damage_repair_calibration/ELSA_SHARED/S6_S7/damage/disease/cal_HEARTE.png,figure,no_generated_output
analysis/ELSA/figures/damage_repair_calibration/ELSA_SHARED/S6_S7/damage/disease/cal_HIBPE.png,figure,no_generated_output
analysis/ELSA/figures/damage_repair_calibration/ELSA_SHARED/S6_S7/damage/disease/cal_LUNGE.png,figure,no_generated_output
analysis/ELSA/figures/damage_repair_calibration/ELSA_SHARED/S6_S7/damage/disease/cal_POOLED_disease.png,figure,no_generated_output
analysis/ELSA/figures/damage_repair_calibration/ELSA_SHARED/S6_S7/damage/disease/cal_STROKE.png,figure,no_generated_output
analysis/ELSA/figures/damage_repair_calibration/ELSA_SHARED/S6_S7/repair/adl/cal_ARMSA.png,figure,no_generated_output
analysis/ELSA/figures/damage_repair_calibration/ELSA_SHARED/S6_S7/repair/adl/cal_BATHA.png,figure,no_generated_output
analysis/ELSA/figures/damage_repair_calibration/ELSA_SHARED/S6_S7/repair/adl/cal_BEDA.png,figure,no_generated_output
analysis/ELSA/figures/damage_repair_calibration/ELSA_SHARED/S6_S7/repair/adl/cal_CHAIRA.png,figure,no_generated_output
analysis/ELSA/figures/damage_repair_calibration/ELSA_SHARED/S6_S7/repair/adl/cal_CLIM1A.png,figure,no_generated_output
analysis/ELSA/figures/damage_repair_calibration/ELSA_SHARED/S6_S7/repair/adl/cal_CLIMSA.png,figure,no_generated_output
analysis/ELSA/figures/damage_repair_calibration/ELSA_SHARED/S6_S7/repair/adl/cal_DIMEA.png,figure,no_generated_output
analysis/ELSA/figures/damage_repair_calibration/ELSA_SHARED/S6_S7/repair/adl/cal_DRESSA.png,figure,no_generated_output
analysis/ELSA/figures/damage_repair_calibration/ELSA_SHARED/S6_S7/repair/adl/cal_LIFTA.png,figure,no_generated_output
analysis/ELSA/figures/damage_repair_calibration/ELSA_SHARED/S6_S7/repair/adl/cal_MONEYA.png,figure,no_generated_output
analysis/ELSA/figures/damage_repair_calibration/ELSA_SHARED/S6_S7/repair/adl/cal_POOLED_adl.png,figure,no_generated_output
analysis/ELSA/figures/damage_repair_calibration/ELSA_SHARED/S6_S7/repair/adl/cal_PUSHA.png,figure,no_generated_output
analysis/ELSA/figures/damage_repair_calibration/ELSA_SHARED/S6_S7/repair/adl/cal_SHOPA.png,figure,no_generated_output
analysis/ELSA/figures/damage_repair_calibration/ELSA_SHARED/S6_S7/repair/adl/cal_STOOPA.png,figure,no_generated_output
analysis/ELSA/figures/damage_repair_calibration/ELSA_SHARED/S6_S7/repair/adl/cal_TOILTA.png,figure,no_generated_output
analysis/ELSA/figures/damage_repair_calibration/ELSA_SHARED/S6_S7/repair/adl/cal_WALKRA.png,figure,no_generated_output
analysis/ELSA/figures/damage_repair_calibration/ELSA_SHARED/S6_S7/repair/disease/cal_ARTHRE.png,figure,no_generated_output
analysis/ELSA/figures/damage_repair_calibration/ELSA_SHARED/S6_S7/repair/disease/cal_CANCRE.png,figure,no_generated_output
analysis/ELSA/figures/damage_repair_calibration/ELSA_SHARED/S6_S7/repair/disease/cal_DIABE.png,figure,no_generated_output
analysis/ELSA/figures/damage_repair_calibration/ELSA_SHARED/S6_S7/repair/disease/cal_HEARTE.png,figure,no_generated_output
analysis/ELSA/figures/damage_repair_calibration/ELSA_SHARED/S6_S7/repair/disease/cal_HIBPE.png,figure,no_generated_output
analysis/ELSA/figures/damage_repair_calibration/ELSA_SHARED/S6_S7/repair/disease/cal_LUNGE.png,figure,no_generated_output
analysis/ELSA/figures/damage_repair_calibration/ELSA_SHARED/S6_S7/repair/disease/cal_POOLED_disease.png,figure,no_generated_output
analysis/ELSA/figures/damage_repair_calibration/ELSA_SHARED/S6_S7/repair/disease/cal_STROKE.png,figure,no_generated_output
analysis/ELSA/figures/damage_repair_calibration/ELSA_SHARED/S7_S8/damage/adl/cal_ARMSA.png,figure,no_generated_output
analysis/ELSA/figures/damage_repair_calibration/ELSA_SHARED/S7_S8/damage/adl/cal_BATHA.png,figure,no_generated_output
analysis/ELSA/figures/damage_repair_calibration/ELSA_SHARED/S7_S8/damage/adl/cal_BEDA.png,figure,no_generated_output
analysis/ELSA/figures/damage_repair_calibration/ELSA_SHARED/S7_S8/damage/adl/cal_CHAIRA.png,figure,no_generated_output
analysis/ELSA/figures/damage_repair_calibration/ELSA_SHARED/S7_S8/damage/adl/cal_CLIM1A.png,figure,no_generated_output
analysis/ELSA/figures/damage_repair_calibration/ELSA_SHARED/S7_S8/damage/adl/cal_CLIMSA.png,figure,no_generated_output
analysis/ELSA/figures/damage_repair_calibration/ELSA_SHARED/S7_S8/damage/adl/cal_DIMEA.png,figure,no_generated_output
analysis/ELSA/figures/damage_repair_calibration/ELSA_SHARED/S7_S8/damage/adl/cal_DRESSA.png,figure,no_generated_output
analysis/ELSA/figures/damage_repair_calibration/ELSA_SHARED/S7_S8/damage/adl/cal_EATA.png,figure,no_generated_output
analysis/ELSA/figures/damage_repair_calibration/ELSA_SHARED/S7_S8/damage/adl/cal_LIFTA.png,figure,no_generated_output
analysis/ELSA/figures/damage_repair_calibration/ELSA_SHARED/S7_S8/damage/adl/cal_MONEYA.png,figure,no_generated_output
analysis/ELSA/figures/damage_repair_calibration/ELSA_SHARED/S7_S8/damage/adl/cal_PHONEA.png,figure,no_generated_output
analysis/ELSA/figures/damage_repair_calibration/ELSA_SHARED/S7_S8/damage/adl/cal_POOLED_adl.png,figure,no_generated_output
analysis/ELSA/figures/damage_repair_calibration/ELSA_SHARED/S7_S8/damage/adl/cal_PUSHA.png,figure,no_generated_output
analysis/ELSA/figures/damage_repair_calibration/ELSA_SHARED/S7_S8/damage/adl/cal_SHOPA.png,figure,no_generated_output
analysis/ELSA/figures/damage_repair_calibration/ELSA_SHARED/S7_S8/damage/adl/cal_STOOPA.png,figure,no_generated_output
analysis/ELSA/figures/damage_repair_calibration/ELSA_SHARED/S7_S8/damage/adl/cal_TOILTA.png,figure,no_generated_output
analysis/ELSA/figures/damage_repair_calibration/ELSA_SHARED/S7_S8/damage/adl/cal_WALKRA.png,figure,no_generated_output
analysis/ELSA/figures/damage_repair_calibration/ELSA_SHARED/S7_S8/damage/disease/cal_ARTHRE.png,figure,no_generated_output
analysis/ELSA/figures/damage_repair_calibration/ELSA_SHARED/S7_S8/damage/disease/cal_CANCRE.png,figure,no_generated_output
analysis/ELSA/figures/damage_repair_calibration/ELSA_SHARED/S7_S8/damage/disease/cal_DIABE.png,figure,no_generated_output
analysis/ELSA/figures/damage_repair_calibration/ELSA_SHARED/S7_S8/damage/disease/cal_HEARTE.png,figure,no_generated_output
analysis/ELSA/figures/damage_repair_calibration/ELSA_SHARED/S7_S8/damage/disease/cal_HIBPE.png,figure,no_generated_output
analysis/ELSA/figures/damage_repair_calibration/ELSA_SHARED/S7_S8/damage/disease/cal_LUNGE.png,figure,no_generated_output
analysis/ELSA/figures/damage_repair_calibration/ELSA_SHARED/S7_S8/damage/disease/cal_POOLED_disease.png,figure,no_generated_output
analysis/ELSA/figures/damage_repair_calibration/ELSA_SHARED/S7_S8/damage/disease/cal_STROKE.png,figure,no_generated_output
analysis/ELSA/figures/damage_repair_calibration/ELSA_SHARED/S7_S8/repair/adl/cal_ARMSA.png,figure,no_generated_output
analysis/ELSA/figures/damage_repair_calibration/ELSA_SHARED/S7_S8/repair/adl/cal_BATHA.png,figure,no_generated_output
analysis/ELSA/figures/damage_repair_calibration/ELSA_SHARED/S7_S8/repair/adl/cal_BEDA.png,figure,no_generated_output
analysis/ELSA/figures/damage_repair_calibration/ELSA_SHARED/S7_S8/repair/adl/cal_CHAIRA.png,figure,no_generated_output
analysis/ELSA/figures/damage_repair_calibration/ELSA_SHARED/S7_S8/repair/adl/cal_CLIM1A.png,figure,no_generated_output
analysis/ELSA/figures/damage_repair_calibration/ELSA_SHARED/S7_S8/repair/adl/cal_CLIMSA.png,figure,no_generated_output
analysis/ELSA/figures/damage_repair_calibration/ELSA_SHARED/S7_S8/repair/adl/cal_DIMEA.png,figure,no_generated_output
analysis/ELSA/figures/damage_repair_calibration/ELSA_SHARED/S7_S8/repair/adl/cal_DRESSA.png,figure,no_generated_output
analysis/ELSA/figures/damage_repair_calibration/ELSA_SHARED/S7_S8/repair/adl/cal_LIFTA.png,figure,no_generated_output
analysis/ELSA/figures/damage_repair_calibration/ELSA_SHARED/S7_S8/repair/adl/cal_POOLED_adl.png,figure,no_generated_output
analysis/ELSA/figures/damage_repair_calibration/ELSA_SHARED/S7_S8/repair/adl/cal_PUSHA.png,figure,no_generated_output
analysis/ELSA/figures/damage_repair_calibration/ELSA_SHARED/S7_S8/repair/adl/cal_SHOPA.png,figure,no_generated_output
analysis/ELSA/figures/damage_repair_calibration/ELSA_SHARED/S7_S8/repair/adl/cal_STOOPA.png,figure,no_generated_output
analysis/ELSA/figures/damage_repair_calibration/ELSA_SHARED/S7_S8/repair/adl/cal_TOILTA.png,figure,no_generated_output
analysis/ELSA/figures/damage_repair_calibration/ELSA_SHARED/S7_S8/repair/adl/cal_WALKRA.png,figure,no_generated_output
analysis/ELSA/figures/damage_repair_calibration/ELSA_SHARED/S7_S8/repair/disease/cal_ARTHRE.png,figure,no_generated_output
analysis/ELSA/figures/damage_repair_calibration/ELSA_SHARED/S7_S8/repair/disease/cal_CANCRE.png,figure,no_generated_output
analysis/ELSA/figures/damage_repair_calibration/ELSA_SHARED/S7_S8/repair/disease/cal_DIABE.png,figure,no_generated_output
analysis/ELSA/figures/damage_repair_calibration/ELSA_SHARED/S7_S8/repair/disease/cal_HIBPE.png,figure,no_generated_output
analysis/ELSA/figures/damage_repair_calibration/ELSA_SHARED/S7_S8/repair/disease/cal_LUNGE.png,figure,no_generated_output
analysis/ELSA/figures/damage_repair_calibration/ELSA_SHARED/S7_S8/repair/disease/cal_POOLED_disease.png,figure,no_generated_output
analysis/ELSA/figures/damage_repair_calibration/ELSA_SHARED/S7_S8/repair/disease/cal_STROKE.png,figure,no_generated_output
analysis/ELSA/figures/damage_repair_calibration/ELSA_SHARED/S8_S9/damage/adl/cal_ARMSA.png,figure,no_generated_output
analysis/ELSA/figures/damage_repair_calibration/ELSA_SHARED/S8_S9/damage/adl/cal_BATHA.png,figure,no_generated_output
analysis/ELSA/figures/damage_repair_calibration/ELSA_SHARED/S8_S9/damage/adl/cal_BEDA.png,figure,no_generated_output
analysis/ELSA/figures/damage_repair_calibration/ELSA_SHARED/S8_S9/damage/adl/cal_CHAIRA.png,figure,no_generated_output
analysis/ELSA/figures/damage_repair_calibration/ELSA_SHARED/S8_S9/damage/adl/cal_CLIM1A.png,figure,no_generated_output
analysis/ELSA/figures/damage_repair_calibration/ELSA_SHARED/S8_S9/damage/adl/cal_CLIMSA.png,figure,no_generated_output
analysis/ELSA/figures/damage_repair_calibration/ELSA_SHARED/S8_S9/damage/adl/cal_DIMEA.png,figure,no_generated_output
analysis/ELSA/figures/damage_repair_calibration/ELSA_SHARED/S8_S9/damage/adl/cal_DRESSA.png,figure,no_generated_output
analysis/ELSA/figures/damage_repair_calibration/ELSA_SHARED/S8_S9/damage/adl/cal_EATA.png,figure,no_generated_output
analysis/ELSA/figures/damage_repair_calibration/ELSA_SHARED/S8_S9/damage/adl/cal_LIFTA.png,figure,no_generated_output
analysis/ELSA/figures/damage_repair_calibration/ELSA_SHARED/S8_S9/damage/adl/cal_MONEYA.png,figure,no_generated_output
analysis/ELSA/figures/damage_repair_calibration/ELSA_SHARED/S8_S9/damage/adl/cal_PHONEA.png,figure,no_generated_output
analysis/ELSA/figures/damage_repair_calibration/ELSA_SHARED/S8_S9/damage/adl/cal_POOLED_adl.png,figure,no_generated_output
analysis/ELSA/figures/damage_repair_calibration/ELSA_SHARED/S8_S9/damage/adl/cal_PUSHA.png,figure,no_generated_output
analysis/ELSA/figures/damage_repair_calibration/ELSA_SHARED/S8_S9/damage/adl/cal_SHOPA.png,figure,no_generated_output
analysis/ELSA/figures/damage_repair_calibration/ELSA_SHARED/S8_S9/damage/adl/cal_STOOPA.png,figure,no_generated_output
analysis/ELSA/figures/damage_repair_calibration/ELSA_SHARED/S8_S9/damage/adl/cal_TOILTA.png,figure,no_generated_output
analysis/ELSA/figures/damage_repair_calibration/ELSA_SHARED/S8_S9/damage/adl/cal_WALKRA.png,figure,no_generated_output
analysis/ELSA/figures/damage_repair_calibration/ELSA_SHARED/S8_S9/damage/disease/cal_ARTHRE.png,figure,no_generated_output
analysis/ELSA/figures/damage_repair_calibration/ELSA_SHARED/S8_S9/damage/disease/cal_CANCRE.png,figure,no_generated_output
analysis/ELSA/figures/damage_repair_calibration/ELSA_SHARED/S8_S9/damage/disease/cal_DIABE.png,figure,no_generated_output
analysis/ELSA/figures/damage_repair_calibration/ELSA_SHARED/S8_S9/damage/disease/cal_HEARTE.png,figure,no_generated_output
analysis/ELSA/figures/damage_repair_calibration/ELSA_SHARED/S8_S9/damage/disease/cal_HIBPE.png,figure,no_generated_output
analysis/ELSA/figures/damage_repair_calibration/ELSA_SHARED/S8_S9/damage/disease/cal_LUNGE.png,figure,no_generated_output
analysis/ELSA/figures/damage_repair_calibration/ELSA_SHARED/S8_S9/damage/disease/cal_POOLED_disease.png,figure,no_generated_output
analysis/ELSA/figures/damage_repair_calibration/ELSA_SHARED/S8_S9/damage/disease/cal_STROKE.png,figure,no_generated_output
analysis/ELSA/figures/damage_repair_calibration/ELSA_SHARED/S8_S9/repair/adl/cal_ARMSA.png,figure,no_generated_output
analysis/ELSA/figures/damage_repair_calibration/ELSA_SHARED/S8_S9/repair/adl/cal_BATHA.png,figure,no_generated_output
analysis/ELSA/figures/damage_repair_calibration/ELSA_SHARED/S8_S9/repair/adl/cal_BEDA.png,figure,no_generated_output
analysis/ELSA/figures/damage_repair_calibration/ELSA_SHARED/S8_S9/repair/adl/cal_CHAIRA.png,figure,no_generated_output
analysis/ELSA/figures/damage_repair_calibration/ELSA_SHARED/S8_S9/repair/adl/cal_CLIM1A.png,figure,no_generated_output
analysis/ELSA/figures/damage_repair_calibration/ELSA_SHARED/S8_S9/repair/adl/cal_CLIMSA.png,figure,no_generated_output
analysis/ELSA/figures/damage_repair_calibration/ELSA_SHARED/S8_S9/repair/adl/cal_DIMEA.png,figure,no_generated_output
analysis/ELSA/figures/damage_repair_calibration/ELSA_SHARED/S8_S9/repair/adl/cal_DRESSA.png,figure,no_generated_output
analysis/ELSA/figures/damage_repair_calibration/ELSA_SHARED/S8_S9/repair/adl/cal_LIFTA.png,figure,no_generated_output
analysis/ELSA/figures/damage_repair_calibration/ELSA_SHARED/S8_S9/repair/adl/cal_POOLED_adl.png,figure,no_generated_output
analysis/ELSA/figures/damage_repair_calibration/ELSA_SHARED/S8_S9/repair/adl/cal_PUSHA.png,figure,no_generated_output
analysis/ELSA/figures/damage_repair_calibration/ELSA_SHARED/S8_S9/repair/adl/cal_SHOPA.png,figure,no_generated_output
analysis/ELSA/figures/damage_repair_calibration/ELSA_SHARED/S8_S9/repair/adl/cal_STOOPA.png,figure,no_generated_output
analysis/ELSA/figures/damage_repair_calibration/ELSA_SHARED/S8_S9/repair/adl/cal_TOILTA.png,figure,no_generated_output
analysis/ELSA/figures/damage_repair_calibration/ELSA_SHARED/S8_S9/repair/disease/cal_ARTHRE.png,figure,no_generated_output
analysis/ELSA/figures/damage_repair_calibration/ELSA_SHARED/S8_S9/repair/disease/cal_CANCRE.png,figure,no_generated_output
analysis/ELSA/figures/damage_repair_calibration/ELSA_SHARED/S8_S9/repair/disease/cal_DIABE.png,figure,no_generated_output
analysis/ELSA/figures/damage_repair_calibration/ELSA_SHARED/S8_S9/repair/disease/cal_HIBPE.png,figure,no_generated_output
analysis/ELSA/figures/damage_repair_calibration/ELSA_SHARED/S8_S9/repair/disease/cal_LUNGE.png,figure,no_generated_output
analysis/ELSA/figures/damage_repair_calibration/ELSA_SHARED/S8_S9/repair/disease/cal_POOLED_disease.png,figure,no_generated_output
analysis/ELSA/figures/damage_repair_calibration/ELSA_SHARED/S8_S9/repair/disease/cal_STROKE.png,figure,no_generated_output
analysis/ELSA/figures/damage_repair_calibration/MNAR_Pmm/S1_S2/damage/adl/cal_ARMSA.png,figure,no_generated_output
analysis/ELSA/figures/damage_repair_calibration/MNAR_Pmm/S1_S2/damage/adl/cal_BATHA.png,figure,no_generated_output
analysis/ELSA/figures/damage_repair_calibration/MNAR_Pmm/S1_S2/damage/adl/cal_BEDA.png,figure,no_generated_output
analysis/ELSA/figures/damage_repair_calibration/MNAR_Pmm/S1_S2/damage/adl/cal_CHAIRA.png,figure,no_generated_output
analysis/ELSA/figures/damage_repair_calibration/MNAR_Pmm/S1_S2/damage/adl/cal_CLIM1A.png,figure,no_generated_output
analysis/ELSA/figures/damage_repair_calibration/MNAR_Pmm/S1_S2/damage/adl/cal_CLIMSA.png,figure,no_generated_output
analysis/ELSA/figures/damage_repair_calibration/MNAR_Pmm/S1_S2/damage/adl/cal_COMMUNA.png,figure,no_generated_output
analysis/ELSA/figures/damage_repair_calibration/MNAR_Pmm/S1_S2/damage/adl/cal_DANGERA.png,figure,no_generated_output
analysis/ELSA/figures/damage_repair_calibration/MNAR_Pmm/S1_S2/damage/adl/cal_DIMEA.png,figure,no_generated_output
analysis/ELSA/figures/damage_repair_calibration/MNAR_Pmm/S1_S2/damage/adl/cal_DRESSA.png,figure,no_generated_output
analysis/ELSA/figures/damage_repair_calibration/MNAR_Pmm/S1_S2/damage/adl/cal_EATA.png,figure,no_generated_output
analysis/ELSA/figures/damage_repair_calibration/MNAR_Pmm/S1_S2/damage/adl/cal_HOUSEWKA.png,figure,no_generated_output
analysis/ELSA/figures/damage_repair_calibration/MNAR_Pmm/S1_S2/damage/adl/cal_LIFTA.png,figure,no_generated_output
analysis/ELSA/figures/damage_repair_calibration/MNAR_Pmm/S1_S2/damage/adl/cal_MAPA.png,figure,no_generated_output
analysis/ELSA/figures/damage_repair_calibration/MNAR_Pmm/S1_S2/damage/adl/cal_MEALSA.png,figure,no_generated_output
analysis/ELSA/figures/damage_repair_calibration/MNAR_Pmm/S1_S2/damage/adl/cal_MEDSA.png,figure,no_generated_output
analysis/ELSA/figures/damage_repair_calibration/MNAR_Pmm/S1_S2/damage/adl/cal_MONEYA.png,figure,no_generated_output
analysis/ELSA/figures/damage_repair_calibration/MNAR_Pmm/S1_S2/damage/adl/cal_PHONEA.png,figure,no_generated_output
analysis/ELSA/figures/damage_repair_calibration/MNAR_Pmm/S1_S2/damage/adl/cal_POOLED_adl.png,figure,no_generated_output
analysis/ELSA/figures/damage_repair_calibration/MNAR_Pmm/S1_S2/damage/adl/cal_PUSHA.png,figure,no_generated_output
analysis/ELSA/figures/damage_repair_calibration/MNAR_Pmm/S1_S2/damage/adl/cal_SHOPA.png,figure,no_generated_output
analysis/ELSA/figures/damage_repair_calibration/MNAR_Pmm/S1_S2/damage/adl/cal_SITA.png,figure,no_generated_output
analysis/ELSA/figures/damage_repair_calibration/MNAR_Pmm/S1_S2/damage/adl/cal_STOOPA.png,figure,no_generated_output
analysis/ELSA/figures/damage_repair_calibration/MNAR_Pmm/S1_S2/damage/adl/cal_TOILTA.png,figure,no_generated_output
analysis/ELSA/figures/damage_repair_calibration/MNAR_Pmm/S1_S2/damage/adl/cal_WALK100A.png,figure,no_generated_output
analysis/ELSA/figures/damage_repair_calibration/MNAR_Pmm/S1_S2/damage/adl/cal_WALKRA.png,figure,no_generated_output
analysis/ELSA/figures/damage_repair_calibration/MNAR_Pmm/S1_S2/damage/disease/cal_ANGINE.png,figure,no_generated_output
analysis/ELSA/figures/damage_repair_calibration/MNAR_Pmm/S1_S2/damage/disease/cal_ARTHRE.png,figure,no_generated_output
analysis/ELSA/figures/damage_repair_calibration/MNAR_Pmm/S1_S2/damage/disease/cal_ASTHMAE.png,figure,no_generated_output
analysis/ELSA/figures/damage_repair_calibration/MNAR_Pmm/S1_S2/damage/disease/cal_CANCRE.png,figure,no_generated_output
analysis/ELSA/figures/damage_repair_calibration/MNAR_Pmm/S1_S2/damage/disease/cal_CATRACTE.png,figure,no_generated_output
analysis/ELSA/figures/damage_repair_calibration/MNAR_Pmm/S1_S2/damage/disease/cal_CONHRTFE.png,figure,no_generated_output
analysis/ELSA/figures/damage_repair_calibration/MNAR_Pmm/S1_S2/damage/disease/cal_DIABE.png,figure,no_generated_output
analysis/ELSA/figures/damage_repair_calibration/MNAR_Pmm/S1_S2/damage/disease/cal_HCHOLE.png,figure,no_generated_output
analysis/ELSA/figures/damage_repair_calibration/MNAR_Pmm/S1_S2/damage/disease/cal_HEARTE.png,figure,no_generated_output
analysis/ELSA/figures/damage_repair_calibration/MNAR_Pmm/S1_S2/damage/disease/cal_HIBPE.png,figure,no_generated_output
analysis/ELSA/figures/damage_repair_calibration/MNAR_Pmm/S1_S2/damage/disease/cal_HIPE.png,figure,no_generated_output
analysis/ELSA/figures/damage_repair_calibration/MNAR_Pmm/S1_S2/damage/disease/cal_HRTATTE.png,figure,no_generated_output
analysis/ELSA/figures/damage_repair_calibration/MNAR_Pmm/S1_S2/damage/disease/cal_HRTMRE.png,figure,no_generated_output
analysis/ELSA/figures/damage_repair_calibration/MNAR_Pmm/S1_S2/damage/disease/cal_HRTRHME.png,figure,no_generated_output
analysis/ELSA/figures/damage_repair_calibration/MNAR_Pmm/S1_S2/damage/disease/cal_LUNGE.png,figure,no_generated_output
analysis/ELSA/figures/damage_repair_calibration/MNAR_Pmm/S1_S2/damage/disease/cal_OSTEOE.png,figure,no_generated_output
analysis/ELSA/figures/damage_repair_calibration/MNAR_Pmm/S1_S2/damage/disease/cal_PARKINE.png,figure,no_generated_output
analysis/ELSA/figures/damage_repair_calibration/MNAR_Pmm/S1_S2/damage/disease/cal_POOLED_disease.png,figure,no_generated_output
analysis/ELSA/figures/damage_repair_calibration/MNAR_Pmm/S1_S2/damage/disease/cal_PSYCHE.png,figure,no_generated_output
analysis/ELSA/figures/damage_repair_calibration/MNAR_Pmm/S1_S2/damage/disease/cal_STROKE.png,figure,no_generated_output
analysis/ELSA/figures/damage_repair_calibration/MNAR_Pmm/S1_S2/repair/adl/cal_ARMSA.png,figure,no_generated_output
analysis/ELSA/figures/damage_repair_calibration/MNAR_Pmm/S1_S2/repair/adl/cal_BATHA.png,figure,no_generated_output
analysis/ELSA/figures/damage_repair_calibration/MNAR_Pmm/S1_S2/repair/adl/cal_CHAIRA.png,figure,no_generated_output
analysis/ELSA/figures/damage_repair_calibration/MNAR_Pmm/S1_S2/repair/adl/cal_CLIM1A.png,figure,no_generated_output
analysis/ELSA/figures/damage_repair_calibration/MNAR_Pmm/S1_S2/repair/adl/cal_CLIMSA.png,figure,no_generated_output
analysis/ELSA/figures/damage_repair_calibration/MNAR_Pmm/S1_S2/repair/adl/cal_DIMEA.png,figure,no_generated_output
analysis/ELSA/figures/damage_repair_calibration/MNAR_Pmm/S1_S2/repair/adl/cal_DRESSA.png,figure,no_generated_output
analysis/ELSA/figures/damage_repair_calibration/MNAR_Pmm/S1_S2/repair/adl/cal_HOUSEWKA.png,figure,no_generated_output
analysis/ELSA/figures/damage_repair_calibration/MNAR_Pmm/S1_S2/repair/adl/cal_LIFTA.png,figure,no_generated_output
analysis/ELSA/figures/damage_repair_calibration/MNAR_Pmm/S1_S2/repair/adl/cal_MAPA.png,figure,no_generated_output
analysis/ELSA/figures/damage_repair_calibration/MNAR_Pmm/S1_S2/repair/adl/cal_MEALSA.png,figure,no_generated_output
analysis/ELSA/figures/damage_repair_calibration/MNAR_Pmm/S1_S2/repair/adl/cal_POOLED_adl.png,figure,no_generated_output
analysis/ELSA/figures/damage_repair_calibration/MNAR_Pmm/S1_S2/repair/adl/cal_PUSHA.png,figure,no_generated_output
analysis/ELSA/figures/damage_repair_calibration/MNAR_Pmm/S1_S2/repair/adl/cal_SHOPA.png,figure,no_generated_output
analysis/ELSA/figures/damage_repair_calibration/MNAR_Pmm/S1_S2/repair/adl/cal_SITA.png,figure,no_generated_output
analysis/ELSA/figures/damage_repair_calibration/MNAR_Pmm/S1_S2/repair/adl/cal_STOOPA.png,figure,no_generated_output
analysis/ELSA/figures/damage_repair_calibration/MNAR_Pmm/S1_S2/repair/adl/cal_TOILTA.png,figure,no_generated_output
analysis/ELSA/figures/damage_repair_calibration/MNAR_Pmm/S1_S2/repair/adl/cal_WALK100A.png,figure,no_generated_output
analysis/ELSA/figures/damage_repair_calibration/MNAR_Pmm/S1_S2/repair/adl/cal_WALKRA.png,figure,no_generated_output
analysis/ELSA/figures/damage_repair_calibration/MNAR_Pmm/S1_S2/repair/disease/cal_ANGINE.png,figure,no_generated_output
analysis/ELSA/figures/damage_repair_calibration/MNAR_Pmm/S1_S2/repair/disease/cal_ARTHRE.png,figure,no_generated_output
analysis/ELSA/figures/damage_repair_calibration/MNAR_Pmm/S1_S2/repair/disease/cal_ASTHMAE.png,figure,no_generated_output
analysis/ELSA/figures/damage_repair_calibration/MNAR_Pmm/S1_S2/repair/disease/cal_CANCRE.png,figure,no_generated_output
analysis/ELSA/figures/damage_repair_calibration/MNAR_Pmm/S1_S2/repair/disease/cal_CATRACTE.png,figure,no_generated_output
analysis/ELSA/figures/damage_repair_calibration/MNAR_Pmm/S1_S2/repair/disease/cal_DIABE.png,figure,no_generated_output
analysis/ELSA/figures/damage_repair_calibration/MNAR_Pmm/S1_S2/repair/disease/cal_HIBPE.png,figure,no_generated_output
analysis/ELSA/figures/damage_repair_calibration/MNAR_Pmm/S1_S2/repair/disease/cal_HRTMRE.png,figure,no_generated_output
analysis/ELSA/figures/damage_repair_calibration/MNAR_Pmm/S1_S2/repair/disease/cal_HRTRHME.png,figure,no_generated_output
analysis/ELSA/figures/damage_repair_calibration/MNAR_Pmm/S1_S2/repair/disease/cal_LUNGE.png,figure,no_generated_output
analysis/ELSA/figures/damage_repair_calibration/MNAR_Pmm/S1_S2/repair/disease/cal_OSTEOE.png,figure,no_generated_output
analysis/ELSA/figures/damage_repair_calibration/MNAR_Pmm/S1_S2/repair/disease/cal_POOLED_disease.png,figure,no_generated_output
analysis/ELSA/figures/damage_repair_calibration/MNAR_Pmm/S1_S2/repair/disease/cal_PSYCHE.png,figure,no_generated_output
analysis/ELSA/figures/damage_repair_calibration/MNAR_Pmm/S1_S2/repair/disease/cal_STROKE.png,figure,no_generated_output
analysis/ELSA/figures/damage_repair_calibration/MNAR_Pmm/S2_S3/damage/adl/cal_ARMSA.png,figure,no_generated_output
analysis/ELSA/figures/damage_repair_calibration/MNAR_Pmm/S2_S3/damage/adl/cal_BATHA.png,figure,no_generated_output
analysis/ELSA/figures/damage_repair_calibration/MNAR_Pmm/S2_S3/damage/adl/cal_BEDA.png,figure,no_generated_output
analysis/ELSA/figures/damage_repair_calibration/MNAR_Pmm/S2_S3/damage/adl/cal_CHAIRA.png,figure,no_generated_output
analysis/ELSA/figures/damage_repair_calibration/MNAR_Pmm/S2_S3/damage/adl/cal_CLIM1A.png,figure,no_generated_output
analysis/ELSA/figures/damage_repair_calibration/MNAR_Pmm/S2_S3/damage/adl/cal_CLIMSA.png,figure,no_generated_output
analysis/ELSA/figures/damage_repair_calibration/MNAR_Pmm/S2_S3/damage/adl/cal_COMMUNA.png,figure,no_generated_output
analysis/ELSA/figures/damage_repair_calibration/MNAR_Pmm/S2_S3/damage/adl/cal_DANGERA.png,figure,no_generated_output
analysis/ELSA/figures/damage_repair_calibration/MNAR_Pmm/S2_S3/damage/adl/cal_DIMEA.png,figure,no_generated_output
analysis/ELSA/figures/damage_repair_calibration/MNAR_Pmm/S2_S3/damage/adl/cal_DRESSA.png,figure,no_generated_output
analysis/ELSA/figures/damage_repair_calibration/MNAR_Pmm/S2_S3/damage/adl/cal_EATA.png,figure,no_generated_output
analysis/ELSA/figures/damage_repair_calibration/MNAR_Pmm/S2_S3/damage/adl/cal_HOUSEWKA.png,figure,no_generated_output
analysis/ELSA/figures/damage_repair_calibration/MNAR_Pmm/S2_S3/damage/adl/cal_LIFTA.png,figure,no_generated_output
analysis/ELSA/figures/damage_repair_calibration/MNAR_Pmm/S2_S3/damage/adl/cal_MAPA.png,figure,no_generated_output
analysis/ELSA/figures/damage_repair_calibration/MNAR_Pmm/S2_S3/damage/adl/cal_MEALSA.png,figure,no_generated_output
analysis/ELSA/figures/damage_repair_calibration/MNAR_Pmm/S2_S3/damage/adl/cal_MEDSA.png,figure,no_generated_output
analysis/ELSA/figures/damage_repair_calibration/MNAR_Pmm/S2_S3/damage/adl/cal_MONEYA.png,figure,no_generated_output
analysis/ELSA/figures/damage_repair_calibration/MNAR_Pmm/S2_S3/damage/adl/cal_PHONEA.png,figure,no_generated_output
analysis/ELSA/figures/damage_repair_calibration/MNAR_Pmm/S2_S3/damage/adl/cal_POOLED_adl.png,figure,no_generated_output
analysis/ELSA/figures/damage_repair_calibration/MNAR_Pmm/S2_S3/damage/adl/cal_PUSHA.png,figure,no_generated_output
analysis/ELSA/figures/damage_repair_calibration/MNAR_Pmm/S2_S3/damage/adl/cal_SHOPA.png,figure,no_generated_output
analysis/ELSA/figures/damage_repair_calibration/MNAR_Pmm/S2_S3/damage/adl/cal_SITA.png,figure,no_generated_output
analysis/ELSA/figures/damage_repair_calibration/MNAR_Pmm/S2_S3/damage/adl/cal_STOOPA.png,figure,no_generated_output
analysis/ELSA/figures/damage_repair_calibration/MNAR_Pmm/S2_S3/damage/adl/cal_TOILTA.png,figure,no_generated_output
analysis/ELSA/figures/damage_repair_calibration/MNAR_Pmm/S2_S3/damage/adl/cal_WALK100A.png,figure,no_generated_output
analysis/ELSA/figures/damage_repair_calibration/MNAR_Pmm/S2_S3/damage/adl/cal_WALKRA.png,figure,no_generated_output
analysis/ELSA/figures/damage_repair_calibration/MNAR_Pmm/S2_S3/damage/disease/cal_ANGINE.png,figure,no_generated_output
analysis/ELSA/figures/damage_repair_calibration/MNAR_Pmm/S2_S3/damage/disease/cal_ARTHRE.png,figure,no_generated_output
analysis/ELSA/figures/damage_repair_calibration/MNAR_Pmm/S2_S3/damage/disease/cal_ASTHMAE.png,figure,no_generated_output
analysis/ELSA/figures/damage_repair_calibration/MNAR_Pmm/S2_S3/damage/disease/cal_CANCRE.png,figure,no_generated_output
analysis/ELSA/figures/damage_repair_calibration/MNAR_Pmm/S2_S3/damage/disease/cal_CATRACTE.png,figure,no_generated_output
analysis/ELSA/figures/damage_repair_calibration/MNAR_Pmm/S2_S3/damage/disease/cal_CONHRTFE.png,figure,no_generated_output
analysis/ELSA/figures/damage_repair_calibration/MNAR_Pmm/S2_S3/damage/disease/cal_DIABE.png,figure,no_generated_output
analysis/ELSA/figures/damage_repair_calibration/MNAR_Pmm/S2_S3/damage/disease/cal_HCHOLE.png,figure,no_generated_output
analysis/ELSA/figures/damage_repair_calibration/MNAR_Pmm/S2_S3/damage/disease/cal_HEARTE.png,figure,no_generated_output
analysis/ELSA/figures/damage_repair_calibration/MNAR_Pmm/S2_S3/damage/disease/cal_HIBPE.png,figure,no_generated_output
analysis/ELSA/figures/damage_repair_calibration/MNAR_Pmm/S2_S3/damage/disease/cal_HIPE.png,figure,no_generated_output
analysis/ELSA/figures/damage_repair_calibration/MNAR_Pmm/S2_S3/damage/disease/cal_HRTATTE.png,figure,no_generated_output
analysis/ELSA/figures/damage_repair_calibration/MNAR_Pmm/S2_S3/damage/disease/cal_HRTMRE.png,figure,no_generated_output
analysis/ELSA/figures/damage_repair_calibration/MNAR_Pmm/S2_S3/damage/disease/cal_HRTRHME.png,figure,no_generated_output
analysis/ELSA/figures/damage_repair_calibration/MNAR_Pmm/S2_S3/damage/disease/cal_LUNGE.png,figure,no_generated_output
analysis/ELSA/figures/damage_repair_calibration/MNAR_Pmm/S2_S3/damage/disease/cal_OSTEOE.png,figure,no_generated_output
analysis/ELSA/figures/damage_repair_calibration/MNAR_Pmm/S2_S3/damage/disease/cal_PARKINE.png,figure,no_generated_output
analysis/ELSA/figures/damage_repair_calibration/MNAR_Pmm/S2_S3/damage/disease/cal_POOLED_disease.png,figure,no_generated_output
analysis/ELSA/figures/damage_repair_calibration/MNAR_Pmm/S2_S3/damage/disease/cal_PSYCHE.png,figure,no_generated_output
analysis/ELSA/figures/damage_repair_calibration/MNAR_Pmm/S2_S3/damage/disease/cal_STROKE.png,figure,no_generated_output
analysis/ELSA/figures/damage_repair_calibration/MNAR_Pmm/S2_S3/repair/adl/cal_ARMSA.png,figure,no_generated_output
analysis/ELSA/figures/damage_repair_calibration/MNAR_Pmm/S2_S3/repair/adl/cal_BATHA.png,figure,no_generated_output
analysis/ELSA/figures/damage_repair_calibration/MNAR_Pmm/S2_S3/repair/adl/cal_BEDA.png,figure,no_generated_output
analysis/ELSA/figures/damage_repair_calibration/MNAR_Pmm/S2_S3/repair/adl/cal_CHAIRA.png,figure,no_generated_output
analysis/ELSA/figures/damage_repair_calibration/MNAR_Pmm/S2_S3/repair/adl/cal_CLIM1A.png,figure,no_generated_output
analysis/ELSA/figures/damage_repair_calibration/MNAR_Pmm/S2_S3/repair/adl/cal_CLIMSA.png,figure,no_generated_output
analysis/ELSA/figures/damage_repair_calibration/MNAR_Pmm/S2_S3/repair/adl/cal_DIMEA.png,figure,no_generated_output
analysis/ELSA/figures/damage_repair_calibration/MNAR_Pmm/S2_S3/repair/adl/cal_DRESSA.png,figure,no_generated_output
analysis/ELSA/figures/damage_repair_calibration/MNAR_Pmm/S2_S3/repair/adl/cal_HOUSEWKA.png,figure,no_generated_output
analysis/ELSA/figures/damage_repair_calibration/MNAR_Pmm/S2_S3/repair/adl/cal_LIFTA.png,figure,no_generated_output
analysis/ELSA/figures/damage_repair_calibration/MNAR_Pmm/S2_S3/repair/adl/cal_MAPA.png,figure,no_generated_output
analysis/ELSA/figures/damage_repair_calibration/MNAR_Pmm/S2_S3/repair/adl/cal_MEALSA.png,figure,no_generated_output
analysis/ELSA/figures/damage_repair_calibration/MNAR_Pmm/S2_S3/repair/adl/cal_MONEYA.png,figure,no_generated_output
analysis/ELSA/figures/damage_repair_calibration/MNAR_Pmm/S2_S3/repair/adl/cal_POOLED_adl.png,figure,no_generated_output
analysis/ELSA/figures/damage_repair_calibration/MNAR_Pmm/S2_S3/repair/adl/cal_PUSHA.png,figure,no_generated_output
analysis/ELSA/figures/damage_repair_calibration/MNAR_Pmm/S2_S3/repair/adl/cal_SHOPA.png,figure,no_generated_output
analysis/ELSA/figures/damage_repair_calibration/MNAR_Pmm/S2_S3/repair/adl/cal_SITA.png,figure,no_generated_output
analysis/ELSA/figures/damage_repair_calibration/MNAR_Pmm/S2_S3/repair/adl/cal_STOOPA.png,figure,no_generated_output
analysis/ELSA/figures/damage_repair_calibration/MNAR_Pmm/S2_S3/repair/adl/cal_TOILTA.png,figure,no_generated_output
analysis/ELSA/figures/damage_repair_calibration/MNAR_Pmm/S2_S3/repair/adl/cal_WALK100A.png,figure,no_generated_output
analysis/ELSA/figures/damage_repair_calibration/MNAR_Pmm/S2_S3/repair/adl/cal_WALKRA.png,figure,no_generated_output
analysis/ELSA/figures/damage_repair_calibration/MNAR_Pmm/S2_S3/repair/disease/cal_ANGINE.png,figure,no_generated_output
analysis/ELSA/figures/damage_repair_calibration/MNAR_Pmm/S2_S3/repair/disease/cal_ARTHRE.png,figure,no_generated_output
analysis/ELSA/figures/damage_repair_calibration/MNAR_Pmm/S2_S3/repair/disease/cal_ASTHMAE.png,figure,no_generated_output
analysis/ELSA/figures/damage_repair_calibration/MNAR_Pmm/S2_S3/repair/disease/cal_CANCRE.png,figure,no_generated_output
analysis/ELSA/figures/damage_repair_calibration/MNAR_Pmm/S2_S3/repair/disease/cal_CATRACTE.png,figure,no_generated_output
analysis/ELSA/figures/damage_repair_calibration/MNAR_Pmm/S2_S3/repair/disease/cal_DIABE.png,figure,no_generated_output
analysis/ELSA/figures/damage_repair_calibration/MNAR_Pmm/S2_S3/repair/disease/cal_HCHOLE.png,figure,no_generated_output
analysis/ELSA/figures/damage_repair_calibration/MNAR_Pmm/S2_S3/repair/disease/cal_HIBPE.png,figure,no_generated_output
analysis/ELSA/figures/damage_repair_calibration/MNAR_Pmm/S2_S3/repair/disease/cal_HRTATTE.png,figure,no_generated_output
analysis/ELSA/figures/damage_repair_calibration/MNAR_Pmm/S2_S3/repair/disease/cal_HRTMRE.png,figure,no_generated_output
analysis/ELSA/figures/damage_repair_calibration/MNAR_Pmm/S2_S3/repair/disease/cal_HRTRHME.png,figure,no_generated_output
analysis/ELSA/figures/damage_repair_calibration/MNAR_Pmm/S2_S3/repair/disease/cal_LUNGE.png,figure,no_generated_output
analysis/ELSA/figures/damage_repair_calibration/MNAR_Pmm/S2_S3/repair/disease/cal_OSTEOE.png,figure,no_generated_output
analysis/ELSA/figures/damage_repair_calibration/MNAR_Pmm/S2_S3/repair/disease/cal_POOLED_disease.png,figure,no_generated_output
analysis/ELSA/figures/damage_repair_calibration/MNAR_Pmm/S2_S3/repair/disease/cal_PSYCHE.png,figure,no_generated_output
analysis/ELSA/figures/damage_repair_calibration/MNAR_Pmm/S2_S3/repair/disease/cal_STROKE.png,figure,no_generated_output
analysis/ELSA/figures/damage_repair_calibration/MNAR_Pmm/S3_S4/damage/adl/cal_ARMSA.png,figure,no_generated_output
analysis/ELSA/figures/damage_repair_calibration/MNAR_Pmm/S3_S4/damage/adl/cal_BATHA.png,figure,no_generated_output
analysis/ELSA/figures/damage_repair_calibration/MNAR_Pmm/S3_S4/damage/adl/cal_BEDA.png,figure,no_generated_output
analysis/ELSA/figures/damage_repair_calibration/MNAR_Pmm/S3_S4/damage/adl/cal_CHAIRA.png,figure,no_generated_output
analysis/ELSA/figures/damage_repair_calibration/MNAR_Pmm/S3_S4/damage/adl/cal_CLIM1A.png,figure,no_generated_output
analysis/ELSA/figures/damage_repair_calibration/MNAR_Pmm/S3_S4/damage/adl/cal_CLIMSA.png,figure,no_generated_output
analysis/ELSA/figures/damage_repair_calibration/MNAR_Pmm/S3_S4/damage/adl/cal_COMMUNA.png,figure,no_generated_output
analysis/ELSA/figures/damage_repair_calibration/MNAR_Pmm/S3_S4/damage/adl/cal_DANGERA.png,figure,no_generated_output
analysis/ELSA/figures/damage_repair_calibration/MNAR_Pmm/S3_S4/damage/adl/cal_DIMEA.png,figure,no_generated_output
analysis/ELSA/figures/damage_repair_calibration/MNAR_Pmm/S3_S4/damage/adl/cal_DRESSA.png,figure,no_generated_output
analysis/ELSA/figures/damage_repair_calibration/MNAR_Pmm/S3_S4/damage/adl/cal_EATA.png,figure,no_generated_output
analysis/ELSA/figures/damage_repair_calibration/MNAR_Pmm/S3_S4/damage/adl/cal_HOUSEWKA.png,figure,no_generated_output
analysis/ELSA/figures/damage_repair_calibration/MNAR_Pmm/S3_S4/damage/adl/cal_LIFTA.png,figure,no_generated_output
analysis/ELSA/figures/damage_repair_calibration/MNAR_Pmm/S3_S4/damage/adl/cal_MAPA.png,figure,no_generated_output
analysis/ELSA/figures/damage_repair_calibration/MNAR_Pmm/S3_S4/damage/adl/cal_MEALSA.png,figure,no_generated_output
analysis/ELSA/figures/damage_repair_calibration/MNAR_Pmm/S3_S4/damage/adl/cal_MEDSA.png,figure,no_generated_output
analysis/ELSA/figures/damage_repair_calibration/MNAR_Pmm/S3_S4/damage/adl/cal_MONEYA.png,figure,no_generated_output
analysis/ELSA/figures/damage_repair_calibration/MNAR_Pmm/S3_S4/damage/adl/cal_PHONEA.png,figure,no_generated_output
analysis/ELSA/figures/damage_repair_calibration/MNAR_Pmm/S3_S4/damage/adl/cal_POOLED_adl.png,figure,no_generated_output
analysis/ELSA/figures/damage_repair_calibration/MNAR_Pmm/S3_S4/damage/adl/cal_PUSHA.png,figure,no_generated_output
analysis/ELSA/figures/damage_repair_calibration/MNAR_Pmm/S3_S4/damage/adl/cal_SHOPA.png,figure,no_generated_output
analysis/ELSA/figures/damage_repair_calibration/MNAR_Pmm/S3_S4/damage/adl/cal_SITA.png,figure,no_generated_output
analysis/ELSA/figures/damage_repair_calibration/MNAR_Pmm/S3_S4/damage/adl/cal_STOOPA.png,figure,no_generated_output
analysis/ELSA/figures/damage_repair_calibration/MNAR_Pmm/S3_S4/damage/adl/cal_TOILTA.png,figure,no_generated_output
analysis/ELSA/figures/damage_repair_calibration/MNAR_Pmm/S3_S4/damage/adl/cal_WALK100A.png,figure,no_generated_output
analysis/ELSA/figures/damage_repair_calibration/MNAR_Pmm/S3_S4/damage/adl/cal_WALKRA.png,figure,no_generated_output
analysis/ELSA/figures/damage_repair_calibration/MNAR_Pmm/S3_S4/damage/disease/cal_ANGINE.png,figure,no_generated_output
analysis/ELSA/figures/damage_repair_calibration/MNAR_Pmm/S3_S4/damage/disease/cal_ARTHRE.png,figure,no_generated_output
analysis/ELSA/figures/damage_repair_calibration/MNAR_Pmm/S3_S4/damage/disease/cal_ASTHMAE.png,figure,no_generated_output
analysis/ELSA/figures/damage_repair_calibration/MNAR_Pmm/S3_S4/damage/disease/cal_CANCRE.png,figure,no_generated_output
analysis/ELSA/figures/damage_repair_calibration/MNAR_Pmm/S3_S4/damage/disease/cal_CATRACTE.png,figure,no_generated_output
analysis/ELSA/figures/damage_repair_calibration/MNAR_Pmm/S3_S4/damage/disease/cal_CONHRTFE.png,figure,no_generated_output
analysis/ELSA/figures/damage_repair_calibration/MNAR_Pmm/S3_S4/damage/disease/cal_DIABE.png,figure,no_generated_output
analysis/ELSA/figures/damage_repair_calibration/MNAR_Pmm/S3_S4/damage/disease/cal_HCHOLE.png,figure,no_generated_output
analysis/ELSA/figures/damage_repair_calibration/MNAR_Pmm/S3_S4/damage/disease/cal_HEARTE.png,figure,no_generated_output
analysis/ELSA/figures/damage_repair_calibration/MNAR_Pmm/S3_S4/damage/disease/cal_HIBPE.png,figure,no_generated_output
analysis/ELSA/figures/damage_repair_calibration/MNAR_Pmm/S3_S4/damage/disease/cal_HIPE.png,figure,no_generated_output
analysis/ELSA/figures/damage_repair_calibration/MNAR_Pmm/S3_S4/damage/disease/cal_HRTATTE.png,figure,no_generated_output
analysis/ELSA/figures/damage_repair_calibration/MNAR_Pmm/S3_S4/damage/disease/cal_HRTMRE.png,figure,no_generated_output
analysis/ELSA/figures/damage_repair_calibration/MNAR_Pmm/S3_S4/damage/disease/cal_HRTRHME.png,figure,no_generated_output
analysis/ELSA/figures/damage_repair_calibration/MNAR_Pmm/S3_S4/damage/disease/cal_LUNGE.png,figure,no_generated_output
analysis/ELSA/figures/damage_repair_calibration/MNAR_Pmm/S3_S4/damage/disease/cal_OSTEOE.png,figure,no_generated_output
analysis/ELSA/figures/damage_repair_calibration/MNAR_Pmm/S3_S4/damage/disease/cal_PARKINE.png,figure,no_generated_output
analysis/ELSA/figures/damage_repair_calibration/MNAR_Pmm/S3_S4/damage/disease/cal_POOLED_disease.png,figure,no_generated_output
analysis/ELSA/figures/damage_repair_calibration/MNAR_Pmm/S3_S4/damage/disease/cal_PSYCHE.png,figure,no_generated_output
analysis/ELSA/figures/damage_repair_calibration/MNAR_Pmm/S3_S4/damage/disease/cal_STROKE.png,figure,no_generated_output
analysis/ELSA/figures/damage_repair_calibration/MNAR_Pmm/S3_S4/repair/adl/cal_ARMSA.png,figure,no_generated_output
analysis/ELSA/figures/damage_repair_calibration/MNAR_Pmm/S3_S4/repair/adl/cal_BATHA.png,figure,no_generated_output
analysis/ELSA/figures/damage_repair_calibration/MNAR_Pmm/S3_S4/repair/adl/cal_BEDA.png,figure,no_generated_output
analysis/ELSA/figures/damage_repair_calibration/MNAR_Pmm/S3_S4/repair/adl/cal_CHAIRA.png,figure,no_generated_output
analysis/ELSA/figures/damage_repair_calibration/MNAR_Pmm/S3_S4/repair/adl/cal_CLIM1A.png,figure,no_generated_output
analysis/ELSA/figures/damage_repair_calibration/MNAR_Pmm/S3_S4/repair/adl/cal_CLIMSA.png,figure,no_generated_output
analysis/ELSA/figures/damage_repair_calibration/MNAR_Pmm/S3_S4/repair/adl/cal_DIMEA.png,figure,no_generated_output
analysis/ELSA/figures/damage_repair_calibration/MNAR_Pmm/S3_S4/repair/adl/cal_DRESSA.png,figure,no_generated_output
analysis/ELSA/figures/damage_repair_calibration/MNAR_Pmm/S3_S4/repair/adl/cal_HOUSEWKA.png,figure,no_generated_output
analysis/ELSA/figures/damage_repair_calibration/MNAR_Pmm/S3_S4/repair/adl/cal_LIFTA.png,figure,no_generated_output
analysis/ELSA/figures/damage_repair_calibration/MNAR_Pmm/S3_S4/repair/adl/cal_MAPA.png,figure,no_generated_output
analysis/ELSA/figures/damage_repair_calibration/MNAR_Pmm/S3_S4/repair/adl/cal_MEALSA.png,figure,no_generated_output
analysis/ELSA/figures/damage_repair_calibration/MNAR_Pmm/S3_S4/repair/adl/cal_MONEYA.png,figure,no_generated_output
analysis/ELSA/figures/damage_repair_calibration/MNAR_Pmm/S3_S4/repair/adl/cal_POOLED_adl.png,figure,no_generated_output
analysis/ELSA/figures/damage_repair_calibration/MNAR_Pmm/S3_S4/repair/adl/cal_PUSHA.png,figure,no_generated_output
analysis/ELSA/figures/damage_repair_calibration/MNAR_Pmm/S3_S4/repair/adl/cal_SHOPA.png,figure,no_generated_output
analysis/ELSA/figures/damage_repair_calibration/MNAR_Pmm/S3_S4/repair/adl/cal_SITA.png,figure,no_generated_output
analysis/ELSA/figures/damage_repair_calibration/MNAR_Pmm/S3_S4/repair/adl/cal_STOOPA.png,figure,no_generated_output
analysis/ELSA/figures/damage_repair_calibration/MNAR_Pmm/S3_S4/repair/adl/cal_TOILTA.png,figure,no_generated_output
analysis/ELSA/figures/damage_repair_calibration/MNAR_Pmm/S3_S4/repair/adl/cal_WALK100A.png,figure,no_generated_output
analysis/ELSA/figures/damage_repair_calibration/MNAR_Pmm/S3_S4/repair/adl/cal_WALKRA.png,figure,no_generated_output
analysis/ELSA/figures/damage_repair_calibration/MNAR_Pmm/S3_S4/repair/disease/cal_ANGINE.png,figure,no_generated_output
analysis/ELSA/figures/damage_repair_calibration/MNAR_Pmm/S3_S4/repair/disease/cal_ARTHRE.png,figure,no_generated_output
analysis/ELSA/figures/damage_repair_calibration/MNAR_Pmm/S3_S4/repair/disease/cal_ASTHMAE.png,figure,no_generated_output
analysis/ELSA/figures/damage_repair_calibration/MNAR_Pmm/S3_S4/repair/disease/cal_CANCRE.png,figure,no_generated_output
analysis/ELSA/figures/damage_repair_calibration/MNAR_Pmm/S3_S4/repair/disease/cal_CATRACTE.png,figure,no_generated_output
analysis/ELSA/figures/damage_repair_calibration/MNAR_Pmm/S3_S4/repair/disease/cal_DIABE.png,figure,no_generated_output
analysis/ELSA/figures/damage_repair_calibration/MNAR_Pmm/S3_S4/repair/disease/cal_HCHOLE.png,figure,no_generated_output
analysis/ELSA/figures/damage_repair_calibration/MNAR_Pmm/S3_S4/repair/disease/cal_HIBPE.png,figure,no_generated_output
analysis/ELSA/figures/damage_repair_calibration/MNAR_Pmm/S3_S4/repair/disease/cal_HRTATTE.png,figure,no_generated_output
analysis/ELSA/figures/damage_repair_calibration/MNAR_Pmm/S3_S4/repair/disease/cal_HRTMRE.png,figure,no_generated_output
analysis/ELSA/figures/damage_repair_calibration/MNAR_Pmm/S3_S4/repair/disease/cal_HRTRHME.png,figure,no_generated_output
analysis/ELSA/figures/damage_repair_calibration/MNAR_Pmm/S3_S4/repair/disease/cal_LUNGE.png,figure,no_generated_output
analysis/ELSA/figures/damage_repair_calibration/MNAR_Pmm/S3_S4/repair/disease/cal_OSTEOE.png,figure,no_generated_output
analysis/ELSA/figures/damage_repair_calibration/MNAR_Pmm/S3_S4/repair/disease/cal_POOLED_disease.png,figure,no_generated_output
analysis/ELSA/figures/damage_repair_calibration/MNAR_Pmm/S3_S4/repair/disease/cal_PSYCHE.png,figure,no_generated_output
analysis/ELSA/figures/damage_repair_calibration/MNAR_Pmm/S3_S4/repair/disease/cal_STROKE.png,figure,no_generated_output
analysis/ELSA/figures/damage_repair_calibration/MNAR_Pmm/S4_S5/damage/adl/cal_ARMSA.png,figure,no_generated_output
analysis/ELSA/figures/damage_repair_calibration/MNAR_Pmm/S4_S5/damage/adl/cal_BATHA.png,figure,no_generated_output
analysis/ELSA/figures/damage_repair_calibration/MNAR_Pmm/S4_S5/damage/adl/cal_BEDA.png,figure,no_generated_output
analysis/ELSA/figures/damage_repair_calibration/MNAR_Pmm/S4_S5/damage/adl/cal_CHAIRA.png,figure,no_generated_output
analysis/ELSA/figures/damage_repair_calibration/MNAR_Pmm/S4_S5/damage/adl/cal_CLIM1A.png,figure,no_generated_output
analysis/ELSA/figures/damage_repair_calibration/MNAR_Pmm/S4_S5/damage/adl/cal_CLIMSA.png,figure,no_generated_output
analysis/ELSA/figures/damage_repair_calibration/MNAR_Pmm/S4_S5/damage/adl/cal_COMMUNA.png,figure,no_generated_output
analysis/ELSA/figures/damage_repair_calibration/MNAR_Pmm/S4_S5/damage/adl/cal_DANGERA.png,figure,no_generated_output
analysis/ELSA/figures/damage_repair_calibration/MNAR_Pmm/S4_S5/damage/adl/cal_DIMEA.png,figure,no_generated_output
analysis/ELSA/figures/damage_repair_calibration/MNAR_Pmm/S4_S5/damage/adl/cal_DRESSA.png,figure,no_generated_output
analysis/ELSA/figures/damage_repair_calibration/MNAR_Pmm/S4_S5/damage/adl/cal_EATA.png,figure,no_generated_output
analysis/ELSA/figures/damage_repair_calibration/MNAR_Pmm/S4_S5/damage/adl/cal_HOUSEWKA.png,figure,no_generated_output
analysis/ELSA/figures/damage_repair_calibration/MNAR_Pmm/S4_S5/damage/adl/cal_LIFTA.png,figure,no_generated_output
analysis/ELSA/figures/damage_repair_calibration/MNAR_Pmm/S4_S5/damage/adl/cal_MAPA.png,figure,no_generated_output
analysis/ELSA/figures/damage_repair_calibration/MNAR_Pmm/S4_S5/damage/adl/cal_MEALSA.png,figure,no_generated_output
analysis/ELSA/figures/damage_repair_calibration/MNAR_Pmm/S4_S5/damage/adl/cal_MEDSA.png,figure,no_generated_output
analysis/ELSA/figures/damage_repair_calibration/MNAR_Pmm/S4_S5/damage/adl/cal_MONEYA.png,figure,no_generated_output
analysis/ELSA/figures/damage_repair_calibration/MNAR_Pmm/S4_S5/damage/adl/cal_PHONEA.png,figure,no_generated_output
analysis/ELSA/figures/damage_repair_calibration/MNAR_Pmm/S4_S5/damage/adl/cal_POOLED_adl.png,figure,no_generated_output
analysis/ELSA/figures/damage_repair_calibration/MNAR_Pmm/S4_S5/damage/adl/cal_PUSHA.png,figure,no_generated_output
analysis/ELSA/figures/damage_repair_calibration/MNAR_Pmm/S4_S5/damage/adl/cal_SHOPA.png,figure,no_generated_output
analysis/ELSA/figures/damage_repair_calibration/MNAR_Pmm/S4_S5/damage/adl/cal_SITA.png,figure,no_generated_output
analysis/ELSA/figures/damage_repair_calibration/MNAR_Pmm/S4_S5/damage/adl/cal_STOOPA.png,figure,no_generated_output
analysis/ELSA/figures/damage_repair_calibration/MNAR_Pmm/S4_S5/damage/adl/cal_TOILTA.png,figure,no_generated_output
analysis/ELSA/figures/damage_repair_calibration/MNAR_Pmm/S4_S5/damage/adl/cal_WALK100A.png,figure,no_generated_output
analysis/ELSA/figures/damage_repair_calibration/MNAR_Pmm/S4_S5/damage/adl/cal_WALKRA.png,figure,no_generated_output
analysis/ELSA/figures/damage_repair_calibration/MNAR_Pmm/S4_S5/damage/disease/cal_ANGINE.png,figure,no_generated_output
analysis/ELSA/figures/damage_repair_calibration/MNAR_Pmm/S4_S5/damage/disease/cal_ARTHRE.png,figure,no_generated_output
analysis/ELSA/figures/damage_repair_calibration/MNAR_Pmm/S4_S5/damage/disease/cal_ASTHMAE.png,figure,no_generated_output
analysis/ELSA/figures/damage_repair_calibration/MNAR_Pmm/S4_S5/damage/disease/cal_CANCRE.png,figure,no_generated_output
analysis/ELSA/figures/damage_repair_calibration/MNAR_Pmm/S4_S5/damage/disease/cal_CATRACTE.png,figure,no_generated_output
analysis/ELSA/figures/damage_repair_calibration/MNAR_Pmm/S4_S5/damage/disease/cal_CONHRTFE.png,figure,no_generated_output
analysis/ELSA/figures/damage_repair_calibration/MNAR_Pmm/S4_S5/damage/disease/cal_DIABE.png,figure,no_generated_output
analysis/ELSA/figures/damage_repair_calibration/MNAR_Pmm/S4_S5/damage/disease/cal_HCHOLE.png,figure,no_generated_output
analysis/ELSA/figures/damage_repair_calibration/MNAR_Pmm/S4_S5/damage/disease/cal_HEARTE.png,figure,no_generated_output
analysis/ELSA/figures/damage_repair_calibration/MNAR_Pmm/S4_S5/damage/disease/cal_HIBPE.png,figure,no_generated_output
analysis/ELSA/figures/damage_repair_calibration/MNAR_Pmm/S4_S5/damage/disease/cal_HIPE.png,figure,no_generated_output
analysis/ELSA/figures/damage_repair_calibration/MNAR_Pmm/S4_S5/damage/disease/cal_HRTATTE.png,figure,no_generated_output
analysis/ELSA/figures/damage_repair_calibration/MNAR_Pmm/S4_S5/damage/disease/cal_HRTMRE.png,figure,no_generated_output
analysis/ELSA/figures/damage_repair_calibration/MNAR_Pmm/S4_S5/damage/disease/cal_HRTRHME.png,figure,no_generated_output
analysis/ELSA/figures/damage_repair_calibration/MNAR_Pmm/S4_S5/damage/disease/cal_LUNGE.png,figure,no_generated_output
analysis/ELSA/figures/damage_repair_calibration/MNAR_Pmm/S4_S5/damage/disease/cal_OSTEOE.png,figure,no_generated_output
analysis/ELSA/figures/damage_repair_calibration/MNAR_Pmm/S4_S5/damage/disease/cal_PARKINE.png,figure,no_generated_output
analysis/ELSA/figures/damage_repair_calibration/MNAR_Pmm/S4_S5/damage/disease/cal_POOLED_disease.png,figure,no_generated_output
analysis/ELSA/figures/damage_repair_calibration/MNAR_Pmm/S4_S5/damage/disease/cal_PSYCHE.png,figure,no_generated_output
analysis/ELSA/figures/damage_repair_calibration/MNAR_Pmm/S4_S5/damage/disease/cal_STROKE.png,figure,no_generated_output
analysis/ELSA/figures/damage_repair_calibration/MNAR_Pmm/S4_S5/repair/adl/cal_ARMSA.png,figure,no_generated_output
analysis/ELSA/figures/damage_repair_calibration/MNAR_Pmm/S4_S5/repair/adl/cal_BATHA.png,figure,no_generated_output
analysis/ELSA/figures/damage_repair_calibration/MNAR_Pmm/S4_S5/repair/adl/cal_BEDA.png,figure,no_generated_output
analysis/ELSA/figures/damage_repair_calibration/MNAR_Pmm/S4_S5/repair/adl/cal_CHAIRA.png,figure,no_generated_output
analysis/ELSA/figures/damage_repair_calibration/MNAR_Pmm/S4_S5/repair/adl/cal_CLIM1A.png,figure,no_generated_output
analysis/ELSA/figures/damage_repair_calibration/MNAR_Pmm/S4_S5/repair/adl/cal_CLIMSA.png,figure,no_generated_output
analysis/ELSA/figures/damage_repair_calibration/MNAR_Pmm/S4_S5/repair/adl/cal_COMMUNA.png,figure,no_generated_output
analysis/ELSA/figures/damage_repair_calibration/MNAR_Pmm/S4_S5/repair/adl/cal_DIMEA.png,figure,no_generated_output
analysis/ELSA/figures/damage_repair_calibration/MNAR_Pmm/S4_S5/repair/adl/cal_DRESSA.png,figure,no_generated_output
analysis/ELSA/figures/damage_repair_calibration/MNAR_Pmm/S4_S5/repair/adl/cal_HOUSEWKA.png,figure,no_generated_output
analysis/ELSA/figures/damage_repair_calibration/MNAR_Pmm/S4_S5/repair/adl/cal_LIFTA.png,figure,no_generated_output
analysis/ELSA/figures/damage_repair_calibration/MNAR_Pmm/S4_S5/repair/adl/cal_MAPA.png,figure,no_generated_output
analysis/ELSA/figures/damage_repair_calibration/MNAR_Pmm/S4_S5/repair/adl/cal_MEALSA.png,figure,no_generated_output
analysis/ELSA/figures/damage_repair_calibration/MNAR_Pmm/S4_S5/repair/adl/cal_MONEYA.png,figure,no_generated_output
analysis/ELSA/figures/damage_repair_calibration/MNAR_Pmm/S4_S5/repair/adl/cal_PHONEA.png,figure,no_generated_output
analysis/ELSA/figures/damage_repair_calibration/MNAR_Pmm/S4_S5/repair/adl/cal_POOLED_adl.png,figure,no_generated_output
analysis/ELSA/figures/damage_repair_calibration/MNAR_Pmm/S4_S5/repair/adl/cal_PUSHA.png,figure,no_generated_output
analysis/ELSA/figures/damage_repair_calibration/MNAR_Pmm/S4_S5/repair/adl/cal_SHOPA.png,figure,no_generated_output
analysis/ELSA/figures/damage_repair_calibration/MNAR_Pmm/S4_S5/repair/adl/cal_SITA.png,figure,no_generated_output
analysis/ELSA/figures/damage_repair_calibration/MNAR_Pmm/S4_S5/repair/adl/cal_STOOPA.png,figure,no_generated_output
analysis/ELSA/figures/damage_repair_calibration/MNAR_Pmm/S4_S5/repair/adl/cal_TOILTA.png,figure,no_generated_output
analysis/ELSA/figures/damage_repair_calibration/MNAR_Pmm/S4_S5/repair/adl/cal_WALK100A.png,figure,no_generated_output
analysis/ELSA/figures/damage_repair_calibration/MNAR_Pmm/S4_S5/repair/adl/cal_WALKRA.png,figure,no_generated_output
analysis/ELSA/figures/damage_repair_calibration/MNAR_Pmm/S4_S5/repair/disease/cal_ANGINE.png,figure,no_generated_output
analysis/ELSA/figures/damage_repair_calibration/MNAR_Pmm/S4_S5/repair/disease/cal_ARTHRE.png,figure,no_generated_output
analysis/ELSA/figures/damage_repair_calibration/MNAR_Pmm/S4_S5/repair/disease/cal_ASTHMAE.png,figure,no_generated_output
analysis/ELSA/figures/damage_repair_calibration/MNAR_Pmm/S4_S5/repair/disease/cal_CANCRE.png,figure,no_generated_output
analysis/ELSA/figures/damage_repair_calibration/MNAR_Pmm/S4_S5/repair/disease/cal_CATRACTE.png,figure,no_generated_output
analysis/ELSA/figures/damage_repair_calibration/MNAR_Pmm/S4_S5/repair/disease/cal_DIABE.png,figure,no_generated_output
analysis/ELSA/figures/damage_repair_calibration/MNAR_Pmm/S4_S5/repair/disease/cal_HCHOLE.png,figure,no_generated_output
analysis/ELSA/figures/damage_repair_calibration/MNAR_Pmm/S4_S5/repair/disease/cal_HEARTE.png,figure,no_generated_output
analysis/ELSA/figures/damage_repair_calibration/MNAR_Pmm/S4_S5/repair/disease/cal_HIBPE.png,figure,no_generated_output
analysis/ELSA/figures/damage_repair_calibration/MNAR_Pmm/S4_S5/repair/disease/cal_HRTATTE.png,figure,no_generated_output
analysis/ELSA/figures/damage_repair_calibration/MNAR_Pmm/S4_S5/repair/disease/cal_HRTMRE.png,figure,no_generated_output
analysis/ELSA/figures/damage_repair_calibration/MNAR_Pmm/S4_S5/repair/disease/cal_HRTRHME.png,figure,no_generated_output
analysis/ELSA/figures/damage_repair_calibration/MNAR_Pmm/S4_S5/repair/disease/cal_LUNGE.png,figure,no_generated_output
analysis/ELSA/figures/damage_repair_calibration/MNAR_Pmm/S4_S5/repair/disease/cal_OSTEOE.png,figure,no_generated_output
analysis/ELSA/figures/damage_repair_calibration/MNAR_Pmm/S4_S5/repair/disease/cal_POOLED_disease.png,figure,no_generated_output
analysis/ELSA/figures/damage_repair_calibration/MNAR_Pmm/S4_S5/repair/disease/cal_PSYCHE.png,figure,no_generated_output
analysis/ELSA/figures/damage_repair_calibration/MNAR_Pmm/S4_S5/repair/disease/cal_STROKE.png,figure,no_generated_output
analysis/ELSA/figures/damage_repair_calibration/MNAR_Pmm/S5_S6/damage/adl/cal_ARMSA.png,figure,no_generated_output
analysis/ELSA/figures/damage_repair_calibration/MNAR_Pmm/S5_S6/damage/adl/cal_BATHA.png,figure,no_generated_output
analysis/ELSA/figures/damage_repair_calibration/MNAR_Pmm/S5_S6/damage/adl/cal_BEDA.png,figure,no_generated_output
analysis/ELSA/figures/damage_repair_calibration/MNAR_Pmm/S5_S6/damage/adl/cal_CHAIRA.png,figure,no_generated_output
analysis/ELSA/figures/damage_repair_calibration/MNAR_Pmm/S5_S6/damage/adl/cal_CLIM1A.png,figure,no_generated_output
analysis/ELSA/figures/damage_repair_calibration/MNAR_Pmm/S5_S6/damage/adl/cal_CLIMSA.png,figure,no_generated_output
analysis/ELSA/figures/damage_repair_calibration/MNAR_Pmm/S5_S6/damage/adl/cal_COMMUNA.png,figure,no_generated_output
analysis/ELSA/figures/damage_repair_calibration/MNAR_Pmm/S5_S6/damage/adl/cal_DANGERA.png,figure,no_generated_output
analysis/ELSA/figures/damage_repair_calibration/MNAR_Pmm/S5_S6/damage/adl/cal_DIMEA.png,figure,no_generated_output
analysis/ELSA/figures/damage_repair_calibration/MNAR_Pmm/S5_S6/damage/adl/cal_DRESSA.png,figure,no_generated_output
analysis/ELSA/figures/damage_repair_calibration/MNAR_Pmm/S5_S6/damage/adl/cal_EATA.png,figure,no_generated_output
analysis/ELSA/figures/damage_repair_calibration/MNAR_Pmm/S5_S6/damage/adl/cal_HOUSEWKA.png,figure,no_generated_output
analysis/ELSA/figures/damage_repair_calibration/MNAR_Pmm/S5_S6/damage/adl/cal_LIFTA.png,figure,no_generated_output
analysis/ELSA/figures/damage_repair_calibration/MNAR_Pmm/S5_S6/damage/adl/cal_MAPA.png,figure,no_generated_output
analysis/ELSA/figures/damage_repair_calibration/MNAR_Pmm/S5_S6/damage/adl/cal_MEALSA.png,figure,no_generated_output
analysis/ELSA/figures/damage_repair_calibration/MNAR_Pmm/S5_S6/damage/adl/cal_MEDSA.png,figure,no_generated_output
analysis/ELSA/figures/damage_repair_calibration/MNAR_Pmm/S5_S6/damage/adl/cal_MONEYA.png,figure,no_generated_output
analysis/ELSA/figures/damage_repair_calibration/MNAR_Pmm/S5_S6/damage/adl/cal_PHONEA.png,figure,no_generated_output
analysis/ELSA/figures/damage_repair_calibration/MNAR_Pmm/S5_S6/damage/adl/cal_POOLED_adl.png,figure,no_generated_output
analysis/ELSA/figures/damage_repair_calibration/MNAR_Pmm/S5_S6/damage/adl/cal_PUSHA.png,figure,no_generated_output
analysis/ELSA/figures/damage_repair_calibration/MNAR_Pmm/S5_S6/damage/adl/cal_SHOPA.png,figure,no_generated_output
analysis/ELSA/figures/damage_repair_calibration/MNAR_Pmm/S5_S6/damage/adl/cal_SITA.png,figure,no_generated_output
analysis/ELSA/figures/damage_repair_calibration/MNAR_Pmm/S5_S6/damage/adl/cal_STOOPA.png,figure,no_generated_output
analysis/ELSA/figures/damage_repair_calibration/MNAR_Pmm/S5_S6/damage/adl/cal_TOILTA.png,figure,no_generated_output
analysis/ELSA/figures/damage_repair_calibration/MNAR_Pmm/S5_S6/damage/adl/cal_WALK100A.png,figure,no_generated_output
analysis/ELSA/figures/damage_repair_calibration/MNAR_Pmm/S5_S6/damage/adl/cal_WALKRA.png,figure,no_generated_output
analysis/ELSA/figures/damage_repair_calibration/MNAR_Pmm/S5_S6/damage/disease/cal_ANGINE.png,figure,no_generated_output
analysis/ELSA/figures/damage_repair_calibration/MNAR_Pmm/S5_S6/damage/disease/cal_ARTHRE.png,figure,no_generated_output
analysis/ELSA/figures/damage_repair_calibration/MNAR_Pmm/S5_S6/damage/disease/cal_ASTHMAE.png,figure,no_generated_output
analysis/ELSA/figures/damage_repair_calibration/MNAR_Pmm/S5_S6/damage/disease/cal_CANCRE.png,figure,no_generated_output
analysis/ELSA/figures/damage_repair_calibration/MNAR_Pmm/S5_S6/damage/disease/cal_CATRACTE.png,figure,no_generated_output
analysis/ELSA/figures/damage_repair_calibration/MNAR_Pmm/S5_S6/damage/disease/cal_CONHRTFE.png,figure,no_generated_output
analysis/ELSA/figures/damage_repair_calibration/MNAR_Pmm/S5_S6/damage/disease/cal_DIABE.png,figure,no_generated_output
analysis/ELSA/figures/damage_repair_calibration/MNAR_Pmm/S5_S6/damage/disease/cal_HCHOLE.png,figure,no_generated_output
analysis/ELSA/figures/damage_repair_calibration/MNAR_Pmm/S5_S6/damage/disease/cal_HEARTE.png,figure,no_generated_output
analysis/ELSA/figures/damage_repair_calibration/MNAR_Pmm/S5_S6/damage/disease/cal_HIBPE.png,figure,no_generated_output
analysis/ELSA/figures/damage_repair_calibration/MNAR_Pmm/S5_S6/damage/disease/cal_HIPE.png,figure,no_generated_output
analysis/ELSA/figures/damage_repair_calibration/MNAR_Pmm/S5_S6/damage/disease/cal_HRTATTE.png,figure,no_generated_output
analysis/ELSA/figures/damage_repair_calibration/MNAR_Pmm/S5_S6/damage/disease/cal_HRTMRE.png,figure,no_generated_output
analysis/ELSA/figures/damage_repair_calibration/MNAR_Pmm/S5_S6/damage/disease/cal_HRTRHME.png,figure,no_generated_output
analysis/ELSA/figures/damage_repair_calibration/MNAR_Pmm/S5_S6/damage/disease/cal_LUNGE.png,figure,no_generated_output
analysis/ELSA/figures/damage_repair_calibration/MNAR_Pmm/S5_S6/damage/disease/cal_OSTEOE.png,figure,no_generated_output
analysis/ELSA/figures/damage_repair_calibration/MNAR_Pmm/S5_S6/damage/disease/cal_PARKINE.png,figure,no_generated_output
analysis/ELSA/figures/damage_repair_calibration/MNAR_Pmm/S5_S6/damage/disease/cal_POOLED_disease.png,figure,no_generated_output
analysis/ELSA/figures/damage_repair_calibration/MNAR_Pmm/S5_S6/damage/disease/cal_PSYCHE.png,figure,no_generated_output
analysis/ELSA/figures/damage_repair_calibration/MNAR_Pmm/S5_S6/damage/disease/cal_STROKE.png,figure,no_generated_output
analysis/ELSA/figures/damage_repair_calibration/MNAR_Pmm/S5_S6/repair/adl/cal_ARMSA.png,figure,no_generated_output
analysis/ELSA/figures/damage_repair_calibration/MNAR_Pmm/S5_S6/repair/adl/cal_BATHA.png,figure,no_generated_output
analysis/ELSA/figures/damage_repair_calibration/MNAR_Pmm/S5_S6/repair/adl/cal_BEDA.png,figure,no_generated_output
analysis/ELSA/figures/damage_repair_calibration/MNAR_Pmm/S5_S6/repair/adl/cal_CHAIRA.png,figure,no_generated_output
analysis/ELSA/figures/damage_repair_calibration/MNAR_Pmm/S5_S6/repair/adl/cal_CLIM1A.png,figure,no_generated_output
analysis/ELSA/figures/damage_repair_calibration/MNAR_Pmm/S5_S6/repair/adl/cal_CLIMSA.png,figure,no_generated_output
analysis/ELSA/figures/damage_repair_calibration/MNAR_Pmm/S5_S6/repair/adl/cal_COMMUNA.png,figure,no_generated_output
analysis/ELSA/figures/damage_repair_calibration/MNAR_Pmm/S5_S6/repair/adl/cal_DIMEA.png,figure,no_generated_output
analysis/ELSA/figures/damage_repair_calibration/MNAR_Pmm/S5_S6/repair/adl/cal_DRESSA.png,figure,no_generated_output
analysis/ELSA/figures/damage_repair_calibration/MNAR_Pmm/S5_S6/repair/adl/cal_HOUSEWKA.png,figure,no_generated_output
analysis/ELSA/figures/damage_repair_calibration/MNAR_Pmm/S5_S6/repair/adl/cal_LIFTA.png,figure,no_generated_output
analysis/ELSA/figures/damage_repair_calibration/MNAR_Pmm/S5_S6/repair/adl/cal_MAPA.png,figure,no_generated_output
analysis/ELSA/figures/damage_repair_calibration/MNAR_Pmm/S5_S6/repair/adl/cal_MEALSA.png,figure,no_generated_output
analysis/ELSA/figures/damage_repair_calibration/MNAR_Pmm/S5_S6/repair/adl/cal_MONEYA.png,figure,no_generated_output
analysis/ELSA/figures/damage_repair_calibration/MNAR_Pmm/S5_S6/repair/adl/cal_PHONEA.png,figure,no_generated_output
analysis/ELSA/figures/damage_repair_calibration/MNAR_Pmm/S5_S6/repair/adl/cal_POOLED_adl.png,figure,no_generated_output
analysis/ELSA/figures/damage_repair_calibration/MNAR_Pmm/S5_S6/repair/adl/cal_PUSHA.png,figure,no_generated_output
analysis/ELSA/figures/damage_repair_calibration/MNAR_Pmm/S5_S6/repair/adl/cal_SHOPA.png,figure,no_generated_output
analysis/ELSA/figures/damage_repair_calibration/MNAR_Pmm/S5_S6/repair/adl/cal_SITA.png,figure,no_generated_output
analysis/ELSA/figures/damage_repair_calibration/MNAR_Pmm/S5_S6/repair/adl/cal_STOOPA.png,figure,no_generated_output
analysis/ELSA/figures/damage_repair_calibration/MNAR_Pmm/S5_S6/repair/adl/cal_TOILTA.png,figure,no_generated_output
analysis/ELSA/figures/damage_repair_calibration/MNAR_Pmm/S5_S6/repair/adl/cal_WALK100A.png,figure,no_generated_output
analysis/ELSA/figures/damage_repair_calibration/MNAR_Pmm/S5_S6/repair/adl/cal_WALKRA.png,figure,no_generated_output
analysis/ELSA/figures/damage_repair_calibration/MNAR_Pmm/S5_S6/repair/disease/cal_ANGINE.png,figure,no_generated_output
analysis/ELSA/figures/damage_repair_calibration/MNAR_Pmm/S5_S6/repair/disease/cal_ARTHRE.png,figure,no_generated_output
analysis/ELSA/figures/damage_repair_calibration/MNAR_Pmm/S5_S6/repair/disease/cal_ASTHMAE.png,figure,no_generated_output
analysis/ELSA/figures/damage_repair_calibration/MNAR_Pmm/S5_S6/repair/disease/cal_CANCRE.png,figure,no_generated_output
analysis/ELSA/figures/damage_repair_calibration/MNAR_Pmm/S5_S6/repair/disease/cal_CATRACTE.png,figure,no_generated_output
analysis/ELSA/figures/damage_repair_calibration/MNAR_Pmm/S5_S6/repair/disease/cal_DIABE.png,figure,no_generated_output
analysis/ELSA/figures/damage_repair_calibration/MNAR_Pmm/S5_S6/repair/disease/cal_HCHOLE.png,figure,no_generated_output
analysis/ELSA/figures/damage_repair_calibration/MNAR_Pmm/S5_S6/repair/disease/cal_HEARTE.png,figure,no_generated_output
analysis/ELSA/figures/damage_repair_calibration/MNAR_Pmm/S5_S6/repair/disease/cal_HIBPE.png,figure,no_generated_output
analysis/ELSA/figures/damage_repair_calibration/MNAR_Pmm/S5_S6/repair/disease/cal_HRTATTE.png,figure,no_generated_output
analysis/ELSA/figures/damage_repair_calibration/MNAR_Pmm/S5_S6/repair/disease/cal_HRTMRE.png,figure,no_generated_output
analysis/ELSA/figures/damage_repair_calibration/MNAR_Pmm/S5_S6/repair/disease/cal_HRTRHME.png,figure,no_generated_output
analysis/ELSA/figures/damage_repair_calibration/MNAR_Pmm/S5_S6/repair/disease/cal_LUNGE.png,figure,no_generated_output
analysis/ELSA/figures/damage_repair_calibration/MNAR_Pmm/S5_S6/repair/disease/cal_OSTEOE.png,figure,no_generated_output
analysis/ELSA/figures/damage_repair_calibration/MNAR_Pmm/S5_S6/repair/disease/cal_POOLED_disease.png,figure,no_generated_output
analysis/ELSA/figures/damage_repair_calibration/MNAR_Pmm/S5_S6/repair/disease/cal_PSYCHE.png,figure,no_generated_output
analysis/ELSA/figures/damage_repair_calibration/MNAR_Pmm/S5_S6/repair/disease/cal_STROKE.png,figure,no_generated_output
analysis/ELSA/figures/damage_repair_calibration/MNAR_Pmm/S6_S7/damage/adl/cal_ARMSA.png,figure,no_generated_output
analysis/ELSA/figures/damage_repair_calibration/MNAR_Pmm/S6_S7/damage/adl/cal_BATHA.png,figure,no_generated_output
analysis/ELSA/figures/damage_repair_calibration/MNAR_Pmm/S6_S7/damage/adl/cal_BEDA.png,figure,no_generated_output
analysis/ELSA/figures/damage_repair_calibration/MNAR_Pmm/S6_S7/damage/adl/cal_CHAIRA.png,figure,no_generated_output
analysis/ELSA/figures/damage_repair_calibration/MNAR_Pmm/S6_S7/damage/adl/cal_CLIM1A.png,figure,no_generated_output
analysis/ELSA/figures/damage_repair_calibration/MNAR_Pmm/S6_S7/damage/adl/cal_CLIMSA.png,figure,no_generated_output
analysis/ELSA/figures/damage_repair_calibration/MNAR_Pmm/S6_S7/damage/adl/cal_COMMUNA.png,figure,no_generated_output
analysis/ELSA/figures/damage_repair_calibration/MNAR_Pmm/S6_S7/damage/adl/cal_DANGERA.png,figure,no_generated_output
analysis/ELSA/figures/damage_repair_calibration/MNAR_Pmm/S6_S7/damage/adl/cal_DIMEA.png,figure,no_generated_output
analysis/ELSA/figures/damage_repair_calibration/MNAR_Pmm/S6_S7/damage/adl/cal_DRESSA.png,figure,no_generated_output
analysis/ELSA/figures/damage_repair_calibration/MNAR_Pmm/S6_S7/damage/adl/cal_EATA.png,figure,no_generated_output
analysis/ELSA/figures/damage_repair_calibration/MNAR_Pmm/S6_S7/damage/adl/cal_HOUSEWKA.png,figure,no_generated_output
analysis/ELSA/figures/damage_repair_calibration/MNAR_Pmm/S6_S7/damage/adl/cal_LIFTA.png,figure,no_generated_output
analysis/ELSA/figures/damage_repair_calibration/MNAR_Pmm/S6_S7/damage/adl/cal_MAPA.png,figure,no_generated_output
analysis/ELSA/figures/damage_repair_calibration/MNAR_Pmm/S6_S7/damage/adl/cal_MEALSA.png,figure,no_generated_output
analysis/ELSA/figures/damage_repair_calibration/MNAR_Pmm/S6_S7/damage/adl/cal_MEDSA.png,figure,no_generated_output
analysis/ELSA/figures/damage_repair_calibration/MNAR_Pmm/S6_S7/damage/adl/cal_MONEYA.png,figure,no_generated_output
analysis/ELSA/figures/damage_repair_calibration/MNAR_Pmm/S6_S7/damage/adl/cal_PHONEA.png,figure,no_generated_output
analysis/ELSA/figures/damage_repair_calibration/MNAR_Pmm/S6_S7/damage/adl/cal_POOLED_adl.png,figure,no_generated_output
analysis/ELSA/figures/damage_repair_calibration/MNAR_Pmm/S6_S7/damage/adl/cal_PUSHA.png,figure,no_generated_output
analysis/ELSA/figures/damage_repair_calibration/MNAR_Pmm/S6_S7/damage/adl/cal_SHOPA.png,figure,no_generated_output
analysis/ELSA/figures/damage_repair_calibration/MNAR_Pmm/S6_S7/damage/adl/cal_SITA.png,figure,no_generated_output
analysis/ELSA/figures/damage_repair_calibration/MNAR_Pmm/S6_S7/damage/adl/cal_STOOPA.png,figure,no_generated_output
analysis/ELSA/figures/damage_repair_calibration/MNAR_Pmm/S6_S7/damage/adl/cal_TOILTA.png,figure,no_generated_output
analysis/ELSA/figures/damage_repair_calibration/MNAR_Pmm/S6_S7/damage/adl/cal_WALK100A.png,figure,no_generated_output
analysis/ELSA/figures/damage_repair_calibration/MNAR_Pmm/S6_S7/damage/adl/cal_WALKRA.png,figure,no_generated_output
analysis/ELSA/figures/damage_repair_calibration/MNAR_Pmm/S6_S7/damage/disease/cal_ANGINE.png,figure,no_generated_output
analysis/ELSA/figures/damage_repair_calibration/MNAR_Pmm/S6_S7/damage/disease/cal_ARTHRE.png,figure,no_generated_output
analysis/ELSA/figures/damage_repair_calibration/MNAR_Pmm/S6_S7/damage/disease/cal_ASTHMAE.png,figure,no_generated_output
analysis/ELSA/figures/damage_repair_calibration/MNAR_Pmm/S6_S7/damage/disease/cal_CANCRE.png,figure,no_generated_output
analysis/ELSA/figures/damage_repair_calibration/MNAR_Pmm/S6_S7/damage/disease/cal_CATRACTE.png,figure,no_generated_output
analysis/ELSA/figures/damage_repair_calibration/MNAR_Pmm/S6_S7/damage/disease/cal_CONHRTFE.png,figure,no_generated_output
analysis/ELSA/figures/damage_repair_calibration/MNAR_Pmm/S6_S7/damage/disease/cal_DIABE.png,figure,no_generated_output
analysis/ELSA/figures/damage_repair_calibration/MNAR_Pmm/S6_S7/damage/disease/cal_HCHOLE.png,figure,no_generated_output
analysis/ELSA/figures/damage_repair_calibration/MNAR_Pmm/S6_S7/damage/disease/cal_HEARTE.png,figure,no_generated_output
analysis/ELSA/figures/damage_repair_calibration/MNAR_Pmm/S6_S7/damage/disease/cal_HIBPE.png,figure,no_generated_output
analysis/ELSA/figures/damage_repair_calibration/MNAR_Pmm/S6_S7/damage/disease/cal_HIPE.png,figure,no_generated_output
analysis/ELSA/figures/damage_repair_calibration/MNAR_Pmm/S6_S7/damage/disease/cal_HRTATTE.png,figure,no_generated_output
analysis/ELSA/figures/damage_repair_calibration/MNAR_Pmm/S6_S7/damage/disease/cal_HRTMRE.png,figure,no_generated_output
analysis/ELSA/figures/damage_repair_calibration/MNAR_Pmm/S6_S7/damage/disease/cal_HRTRHME.png,figure,no_generated_output
analysis/ELSA/figures/damage_repair_calibration/MNAR_Pmm/S6_S7/damage/disease/cal_LUNGE.png,figure,no_generated_output
analysis/ELSA/figures/damage_repair_calibration/MNAR_Pmm/S6_S7/damage/disease/cal_OSTEOE.png,figure,no_generated_output
analysis/ELSA/figures/damage_repair_calibration/MNAR_Pmm/S6_S7/damage/disease/cal_PARKINE.png,figure,no_generated_output
analysis/ELSA/figures/damage_repair_calibration/MNAR_Pmm/S6_S7/damage/disease/cal_POOLED_disease.png,figure,no_generated_output
analysis/ELSA/figures/damage_repair_calibration/MNAR_Pmm/S6_S7/damage/disease/cal_PSYCHE.png,figure,no_generated_output
analysis/ELSA/figures/damage_repair_calibration/MNAR_Pmm/S6_S7/damage/disease/cal_STROKE.png,figure,no_generated_output
analysis/ELSA/figures/damage_repair_calibration/MNAR_Pmm/S6_S7/repair/adl/cal_ARMSA.png,figure,no_generated_output
analysis/ELSA/figures/damage_repair_calibration/MNAR_Pmm/S6_S7/repair/adl/cal_BATHA.png,figure,no_generated_output
analysis/ELSA/figures/damage_repair_calibration/MNAR_Pmm/S6_S7/repair/adl/cal_BEDA.png,figure,no_generated_output
analysis/ELSA/figures/damage_repair_calibration/MNAR_Pmm/S6_S7/repair/adl/cal_CHAIRA.png,figure,no_generated_output
analysis/ELSA/figures/damage_repair_calibration/MNAR_Pmm/S6_S7/repair/adl/cal_CLIM1A.png,figure,no_generated_output
analysis/ELSA/figures/damage_repair_calibration/MNAR_Pmm/S6_S7/repair/adl/cal_CLIMSA.png,figure,no_generated_output
analysis/ELSA/figures/damage_repair_calibration/MNAR_Pmm/S6_S7/repair/adl/cal_COMMUNA.png,figure,no_generated_output
analysis/ELSA/figures/damage_repair_calibration/MNAR_Pmm/S6_S7/repair/adl/cal_DIMEA.png,figure,no_generated_output
analysis/ELSA/figures/damage_repair_calibration/MNAR_Pmm/S6_S7/repair/adl/cal_DRESSA.png,figure,no_generated_output
analysis/ELSA/figures/damage_repair_calibration/MNAR_Pmm/S6_S7/repair/adl/cal_HOUSEWKA.png,figure,no_generated_output
analysis/ELSA/figures/damage_repair_calibration/MNAR_Pmm/S6_S7/repair/adl/cal_LIFTA.png,figure,no_generated_output
analysis/ELSA/figures/damage_repair_calibration/MNAR_Pmm/S6_S7/repair/adl/cal_MAPA.png,figure,no_generated_output
analysis/ELSA/figures/damage_repair_calibration/MNAR_Pmm/S6_S7/repair/adl/cal_MEALSA.png,figure,no_generated_output
analysis/ELSA/figures/damage_repair_calibration/MNAR_Pmm/S6_S7/repair/adl/cal_MONEYA.png,figure,no_generated_output
analysis/ELSA/figures/damage_repair_calibration/MNAR_Pmm/S6_S7/repair/adl/cal_POOLED_adl.png,figure,no_generated_output
analysis/ELSA/figures/damage_repair_calibration/MNAR_Pmm/S6_S7/repair/adl/cal_PUSHA.png,figure,no_generated_output
analysis/ELSA/figures/damage_repair_calibration/MNAR_Pmm/S6_S7/repair/adl/cal_SHOPA.png,figure,no_generated_output
analysis/ELSA/figures/damage_repair_calibration/MNAR_Pmm/S6_S7/repair/adl/cal_SITA.png,figure,no_generated_output
analysis/ELSA/figures/damage_repair_calibration/MNAR_Pmm/S6_S7/repair/adl/cal_STOOPA.png,figure,no_generated_output
analysis/ELSA/figures/damage_repair_calibration/MNAR_Pmm/S6_S7/repair/adl/cal_TOILTA.png,figure,no_generated_output
analysis/ELSA/figures/damage_repair_calibration/MNAR_Pmm/S6_S7/repair/adl/cal_WALK100A.png,figure,no_generated_output
analysis/ELSA/figures/damage_repair_calibration/MNAR_Pmm/S6_S7/repair/adl/cal_WALKRA.png,figure,no_generated_output
analysis/ELSA/figures/damage_repair_calibration/MNAR_Pmm/S6_S7/repair/disease/cal_ANGINE.png,figure,no_generated_output
analysis/ELSA/figures/damage_repair_calibration/MNAR_Pmm/S6_S7/repair/disease/cal_ARTHRE.png,figure,no_generated_output
analysis/ELSA/figures/damage_repair_calibration/MNAR_Pmm/S6_S7/repair/disease/cal_ASTHMAE.png,figure,no_generated_output
analysis/ELSA/figures/damage_repair_calibration/MNAR_Pmm/S6_S7/repair/disease/cal_CANCRE.png,figure,no_generated_output
analysis/ELSA/figures/damage_repair_calibration/MNAR_Pmm/S6_S7/repair/disease/cal_CATRACTE.png,figure,no_generated_output
analysis/ELSA/figures/damage_repair_calibration/MNAR_Pmm/S6_S7/repair/disease/cal_DIABE.png,figure,no_generated_output
analysis/ELSA/figures/damage_repair_calibration/MNAR_Pmm/S6_S7/repair/disease/cal_HCHOLE.png,figure,no_generated_output
analysis/ELSA/figures/damage_repair_calibration/MNAR_Pmm/S6_S7/repair/disease/cal_HEARTE.png,figure,no_generated_output
analysis/ELSA/figures/damage_repair_calibration/MNAR_Pmm/S6_S7/repair/disease/cal_HIBPE.png,figure,no_generated_output
analysis/ELSA/figures/damage_repair_calibration/MNAR_Pmm/S6_S7/repair/disease/cal_HRTATTE.png,figure,no_generated_output
analysis/ELSA/figures/damage_repair_calibration/MNAR_Pmm/S6_S7/repair/disease/cal_HRTMRE.png,figure,no_generated_output
analysis/ELSA/figures/damage_repair_calibration/MNAR_Pmm/S6_S7/repair/disease/cal_HRTRHME.png,figure,no_generated_output
analysis/ELSA/figures/damage_repair_calibration/MNAR_Pmm/S6_S7/repair/disease/cal_LUNGE.png,figure,no_generated_output
analysis/ELSA/figures/damage_repair_calibration/MNAR_Pmm/S6_S7/repair/disease/cal_OSTEOE.png,figure,no_generated_output
analysis/ELSA/figures/damage_repair_calibration/MNAR_Pmm/S6_S7/repair/disease/cal_POOLED_disease.png,figure,no_generated_output
analysis/ELSA/figures/damage_repair_calibration/MNAR_Pmm/S6_S7/repair/disease/cal_PSYCHE.png,figure,no_generated_output
analysis/ELSA/figures/damage_repair_calibration/MNAR_Pmm/S6_S7/repair/disease/cal_STROKE.png,figure,no_generated_output
analysis/ELSA/figures/damage_repair_calibration/MNAR_Pmm/S7_S8/damage/adl/cal_ARMSA.png,figure,no_generated_output
analysis/ELSA/figures/damage_repair_calibration/MNAR_Pmm/S7_S8/damage/adl/cal_BATHA.png,figure,no_generated_output
analysis/ELSA/figures/damage_repair_calibration/MNAR_Pmm/S7_S8/damage/adl/cal_BEDA.png,figure,no_generated_output
analysis/ELSA/figures/damage_repair_calibration/MNAR_Pmm/S7_S8/damage/adl/cal_CHAIRA.png,figure,no_generated_output
analysis/ELSA/figures/damage_repair_calibration/MNAR_Pmm/S7_S8/damage/adl/cal_CLIM1A.png,figure,no_generated_output
analysis/ELSA/figures/damage_repair_calibration/MNAR_Pmm/S7_S8/damage/adl/cal_CLIMSA.png,figure,no_generated_output
analysis/ELSA/figures/damage_repair_calibration/MNAR_Pmm/S7_S8/damage/adl/cal_COMMUNA.png,figure,no_generated_output
analysis/ELSA/figures/damage_repair_calibration/MNAR_Pmm/S7_S8/damage/adl/cal_DANGERA.png,figure,no_generated_output
analysis/ELSA/figures/damage_repair_calibration/MNAR_Pmm/S7_S8/damage/adl/cal_DIMEA.png,figure,no_generated_output
analysis/ELSA/figures/damage_repair_calibration/MNAR_Pmm/S7_S8/damage/adl/cal_DRESSA.png,figure,no_generated_output
analysis/ELSA/figures/damage_repair_calibration/MNAR_Pmm/S7_S8/damage/adl/cal_EATA.png,figure,no_generated_output
analysis/ELSA/figures/damage_repair_calibration/MNAR_Pmm/S7_S8/damage/adl/cal_HOUSEWKA.png,figure,no_generated_output
analysis/ELSA/figures/damage_repair_calibration/MNAR_Pmm/S7_S8/damage/adl/cal_LIFTA.png,figure,no_generated_output
analysis/ELSA/figures/damage_repair_calibration/MNAR_Pmm/S7_S8/damage/adl/cal_MAPA.png,figure,no_generated_output
analysis/ELSA/figures/damage_repair_calibration/MNAR_Pmm/S7_S8/damage/adl/cal_MEALSA.png,figure,no_generated_output
analysis/ELSA/figures/damage_repair_calibration/MNAR_Pmm/S7_S8/damage/adl/cal_MEDSA.png,figure,no_generated_output
analysis/ELSA/figures/damage_repair_calibration/MNAR_Pmm/S7_S8/damage/adl/cal_MONEYA.png,figure,no_generated_output
analysis/ELSA/figures/damage_repair_calibration/MNAR_Pmm/S7_S8/damage/adl/cal_PHONEA.png,figure,no_generated_output
analysis/ELSA/figures/damage_repair_calibration/MNAR_Pmm/S7_S8/damage/adl/cal_POOLED_adl.png,figure,no_generated_output
analysis/ELSA/figures/damage_repair_calibration/MNAR_Pmm/S7_S8/damage/adl/cal_PUSHA.png,figure,no_generated_output
analysis/ELSA/figures/damage_repair_calibration/MNAR_Pmm/S7_S8/damage/adl/cal_SHOPA.png,figure,no_generated_output
analysis/ELSA/figures/damage_repair_calibration/MNAR_Pmm/S7_S8/damage/adl/cal_SITA.png,figure,no_generated_output
analysis/ELSA/figures/damage_repair_calibration/MNAR_Pmm/S7_S8/damage/adl/cal_STOOPA.png,figure,no_generated_output
analysis/ELSA/figures/damage_repair_calibration/MNAR_Pmm/S7_S8/damage/adl/cal_TOILTA.png,figure,no_generated_output
analysis/ELSA/figures/damage_repair_calibration/MNAR_Pmm/S7_S8/damage/adl/cal_WALK100A.png,figure,no_generated_output
analysis/ELSA/figures/damage_repair_calibration/MNAR_Pmm/S7_S8/damage/adl/cal_WALKRA.png,figure,no_generated_output
analysis/ELSA/figures/damage_repair_calibration/MNAR_Pmm/S7_S8/damage/disease/cal_ANGINE.png,figure,no_generated_output
analysis/ELSA/figures/damage_repair_calibration/MNAR_Pmm/S7_S8/damage/disease/cal_ARTHRE.png,figure,no_generated_output
analysis/ELSA/figures/damage_repair_calibration/MNAR_Pmm/S7_S8/damage/disease/cal_ASTHMAE.png,figure,no_generated_output
analysis/ELSA/figures/damage_repair_calibration/MNAR_Pmm/S7_S8/damage/disease/cal_CANCRE.png,figure,no_generated_output
analysis/ELSA/figures/damage_repair_calibration/MNAR_Pmm/S7_S8/damage/disease/cal_CATRACTE.png,figure,no_generated_output
analysis/ELSA/figures/damage_repair_calibration/MNAR_Pmm/S7_S8/damage/disease/cal_CONHRTFE.png,figure,no_generated_output
analysis/ELSA/figures/damage_repair_calibration/MNAR_Pmm/S7_S8/damage/disease/cal_DIABE.png,figure,no_generated_output
analysis/ELSA/figures/damage_repair_calibration/MNAR_Pmm/S7_S8/damage/disease/cal_HCHOLE.png,figure,no_generated_output
analysis/ELSA/figures/damage_repair_calibration/MNAR_Pmm/S7_S8/damage/disease/cal_HEARTE.png,figure,no_generated_output
analysis/ELSA/figures/damage_repair_calibration/MNAR_Pmm/S7_S8/damage/disease/cal_HIBPE.png,figure,no_generated_output
analysis/ELSA/figures/damage_repair_calibration/MNAR_Pmm/S7_S8/damage/disease/cal_HIPE.png,figure,no_generated_output
analysis/ELSA/figures/damage_repair_calibration/MNAR_Pmm/S7_S8/damage/disease/cal_HRTATTE.png,figure,no_generated_output
analysis/ELSA/figures/damage_repair_calibration/MNAR_Pmm/S7_S8/damage/disease/cal_HRTMRE.png,figure,no_generated_output
analysis/ELSA/figures/damage_repair_calibration/MNAR_Pmm/S7_S8/damage/disease/cal_HRTRHME.png,figure,no_generated_output
analysis/ELSA/figures/damage_repair_calibration/MNAR_Pmm/S7_S8/damage/disease/cal_LUNGE.png,figure,no_generated_output
analysis/ELSA/figures/damage_repair_calibration/MNAR_Pmm/S7_S8/damage/disease/cal_OSTEOE.png,figure,no_generated_output
analysis/ELSA/figures/damage_repair_calibration/MNAR_Pmm/S7_S8/damage/disease/cal_PARKINE.png,figure,no_generated_output
analysis/ELSA/figures/damage_repair_calibration/MNAR_Pmm/S7_S8/damage/disease/cal_POOLED_disease.png,figure,no_generated_output
analysis/ELSA/figures/damage_repair_calibration/MNAR_Pmm/S7_S8/damage/disease/cal_PSYCHE.png,figure,no_generated_output
analysis/ELSA/figures/damage_repair_calibration/MNAR_Pmm/S7_S8/damage/disease/cal_STROKE.png,figure,no_generated_output
analysis/ELSA/figures/damage_repair_calibration/MNAR_Pmm/S7_S8/repair/adl/cal_ARMSA.png,figure,no_generated_output
analysis/ELSA/figures/damage_repair_calibration/MNAR_Pmm/S7_S8/repair/adl/cal_BATHA.png,figure,no_generated_output
analysis/ELSA/figures/damage_repair_calibration/MNAR_Pmm/S7_S8/repair/adl/cal_BEDA.png,figure,no_generated_output
analysis/ELSA/figures/damage_repair_calibration/MNAR_Pmm/S7_S8/repair/adl/cal_CHAIRA.png,figure,no_generated_output
analysis/ELSA/figures/damage_repair_calibration/MNAR_Pmm/S7_S8/repair/adl/cal_CLIM1A.png,figure,no_generated_output
analysis/ELSA/figures/damage_repair_calibration/MNAR_Pmm/S7_S8/repair/adl/cal_CLIMSA.png,figure,no_generated_output
analysis/ELSA/figures/damage_repair_calibration/MNAR_Pmm/S7_S8/repair/adl/cal_COMMUNA.png,figure,no_generated_output
analysis/ELSA/figures/damage_repair_calibration/MNAR_Pmm/S7_S8/repair/adl/cal_DIMEA.png,figure,no_generated_output
analysis/ELSA/figures/damage_repair_calibration/MNAR_Pmm/S7_S8/repair/adl/cal_DRESSA.png,figure,no_generated_output
analysis/ELSA/figures/damage_repair_calibration/MNAR_Pmm/S7_S8/repair/adl/cal_HOUSEWKA.png,figure,no_generated_output
analysis/ELSA/figures/damage_repair_calibration/MNAR_Pmm/S7_S8/repair/adl/cal_LIFTA.png,figure,no_generated_output
analysis/ELSA/figures/damage_repair_calibration/MNAR_Pmm/S7_S8/repair/adl/cal_MAPA.png,figure,no_generated_output
analysis/ELSA/figures/damage_repair_calibration/MNAR_Pmm/S7_S8/repair/adl/cal_MEALSA.png,figure,no_generated_output
analysis/ELSA/figures/damage_repair_calibration/MNAR_Pmm/S7_S8/repair/adl/cal_POOLED_adl.png,figure,no_generated_output
analysis/ELSA/figures/damage_repair_calibration/MNAR_Pmm/S7_S8/repair/adl/cal_PUSHA.png,figure,no_generated_output
analysis/ELSA/figures/damage_repair_calibration/MNAR_Pmm/S7_S8/repair/adl/cal_SHOPA.png,figure,no_generated_output
analysis/ELSA/figures/damage_repair_calibration/MNAR_Pmm/S7_S8/repair/adl/cal_SITA.png,figure,no_generated_output
analysis/ELSA/figures/damage_repair_calibration/MNAR_Pmm/S7_S8/repair/adl/cal_STOOPA.png,figure,no_generated_output
analysis/ELSA/figures/damage_repair_calibration/MNAR_Pmm/S7_S8/repair/adl/cal_TOILTA.png,figure,no_generated_output
analysis/ELSA/figures/damage_repair_calibration/MNAR_Pmm/S7_S8/repair/adl/cal_WALK100A.png,figure,no_generated_output
analysis/ELSA/figures/damage_repair_calibration/MNAR_Pmm/S7_S8/repair/adl/cal_WALKRA.png,figure,no_generated_output
analysis/ELSA/figures/damage_repair_calibration/MNAR_Pmm/S7_S8/repair/disease/cal_ANGINE.png,figure,no_generated_output
analysis/ELSA/figures/damage_repair_calibration/MNAR_Pmm/S7_S8/repair/disease/cal_ARTHRE.png,figure,no_generated_output
analysis/ELSA/figures/damage_repair_calibration/MNAR_Pmm/S7_S8/repair/disease/cal_ASTHMAE.png,figure,no_generated_output
analysis/ELSA/figures/damage_repair_calibration/MNAR_Pmm/S7_S8/repair/disease/cal_CANCRE.png,figure,no_generated_output
analysis/ELSA/figures/damage_repair_calibration/MNAR_Pmm/S7_S8/repair/disease/cal_CATRACTE.png,figure,no_generated_output
analysis/ELSA/figures/damage_repair_calibration/MNAR_Pmm/S7_S8/repair/disease/cal_DIABE.png,figure,no_generated_output
analysis/ELSA/figures/damage_repair_calibration/MNAR_Pmm/S7_S8/repair/disease/cal_HCHOLE.png,figure,no_generated_output
analysis/ELSA/figures/damage_repair_calibration/MNAR_Pmm/S7_S8/repair/disease/cal_HIBPE.png,figure,no_generated_output
analysis/ELSA/figures/damage_repair_calibration/MNAR_Pmm/S7_S8/repair/disease/cal_HRTATTE.png,figure,no_generated_output
analysis/ELSA/figures/damage_repair_calibration/MNAR_Pmm/S7_S8/repair/disease/cal_HRTMRE.png,figure,no_generated_output
analysis/ELSA/figures/damage_repair_calibration/MNAR_Pmm/S7_S8/repair/disease/cal_HRTRHME.png,figure,no_generated_output
analysis/ELSA/figures/damage_repair_calibration/MNAR_Pmm/S7_S8/repair/disease/cal_LUNGE.png,figure,no_generated_output
analysis/ELSA/figures/damage_repair_calibration/MNAR_Pmm/S7_S8/repair/disease/cal_OSTEOE.png,figure,no_generated_output
analysis/ELSA/figures/damage_repair_calibration/MNAR_Pmm/S7_S8/repair/disease/cal_POOLED_disease.png,figure,no_generated_output
analysis/ELSA/figures/damage_repair_calibration/MNAR_Pmm/S7_S8/repair/disease/cal_PSYCHE.png,figure,no_generated_output
analysis/ELSA/figures/damage_repair_calibration/MNAR_Pmm/S7_S8/repair/disease/cal_STROKE.png,figure,no_generated_output
analysis/ELSA/figures/damage_repair_calibration/MNAR_Pmm/S8_S9/damage/adl/cal_ARMSA.png,figure,no_generated_output
analysis/ELSA/figures/damage_repair_calibration/MNAR_Pmm/S8_S9/damage/adl/cal_BATHA.png,figure,no_generated_output
analysis/ELSA/figures/damage_repair_calibration/MNAR_Pmm/S8_S9/damage/adl/cal_BEDA.png,figure,no_generated_output
analysis/ELSA/figures/damage_repair_calibration/MNAR_Pmm/S8_S9/damage/adl/cal_CHAIRA.png,figure,no_generated_output
analysis/ELSA/figures/damage_repair_calibration/MNAR_Pmm/S8_S9/damage/adl/cal_CLIM1A.png,figure,no_generated_output
analysis/ELSA/figures/damage_repair_calibration/MNAR_Pmm/S8_S9/damage/adl/cal_CLIMSA.png,figure,no_generated_output
analysis/ELSA/figures/damage_repair_calibration/MNAR_Pmm/S8_S9/damage/adl/cal_COMMUNA.png,figure,no_generated_output
analysis/ELSA/figures/damage_repair_calibration/MNAR_Pmm/S8_S9/damage/adl/cal_DANGERA.png,figure,no_generated_output
analysis/ELSA/figures/damage_repair_calibration/MNAR_Pmm/S8_S9/damage/adl/cal_DIMEA.png,figure,no_generated_output
analysis/ELSA/figures/damage_repair_calibration/MNAR_Pmm/S8_S9/damage/adl/cal_DRESSA.png,figure,no_generated_output
analysis/ELSA/figures/damage_repair_calibration/MNAR_Pmm/S8_S9/damage/adl/cal_EATA.png,figure,no_generated_output
analysis/ELSA/figures/damage_repair_calibration/MNAR_Pmm/S8_S9/damage/adl/cal_HOUSEWKA.png,figure,no_generated_output
analysis/ELSA/figures/damage_repair_calibration/MNAR_Pmm/S8_S9/damage/adl/cal_LIFTA.png,figure,no_generated_output
analysis/ELSA/figures/damage_repair_calibration/MNAR_Pmm/S8_S9/damage/adl/cal_MAPA.png,figure,no_generated_output
analysis/ELSA/figures/damage_repair_calibration/MNAR_Pmm/S8_S9/damage/adl/cal_MEALSA.png,figure,no_generated_output
analysis/ELSA/figures/damage_repair_calibration/MNAR_Pmm/S8_S9/damage/adl/cal_MEDSA.png,figure,no_generated_output
analysis/ELSA/figures/damage_repair_calibration/MNAR_Pmm/S8_S9/damage/adl/cal_MONEYA.png,figure,no_generated_output
analysis/ELSA/figures/damage_repair_calibration/MNAR_Pmm/S8_S9/damage/adl/cal_PHONEA.png,figure,no_generated_output
analysis/ELSA/figures/damage_repair_calibration/MNAR_Pmm/S8_S9/damage/adl/cal_POOLED_adl.png,figure,no_generated_output
analysis/ELSA/figures/damage_repair_calibration/MNAR_Pmm/S8_S9/damage/adl/cal_PUSHA.png,figure,no_generated_output
analysis/ELSA/figures/damage_repair_calibration/MNAR_Pmm/S8_S9/damage/adl/cal_SHOPA.png,figure,no_generated_output
analysis/ELSA/figures/damage_repair_calibration/MNAR_Pmm/S8_S9/damage/adl/cal_SITA.png,figure,no_generated_output
analysis/ELSA/figures/damage_repair_calibration/MNAR_Pmm/S8_S9/damage/adl/cal_STOOPA.png,figure,no_generated_output
analysis/ELSA/figures/damage_repair_calibration/MNAR_Pmm/S8_S9/damage/adl/cal_TOILTA.png,figure,no_generated_output
analysis/ELSA/figures/damage_repair_calibration/MNAR_Pmm/S8_S9/damage/adl/cal_WALK100A.png,figure,no_generated_output
analysis/ELSA/figures/damage_repair_calibration/MNAR_Pmm/S8_S9/damage/adl/cal_WALKRA.png,figure,no_generated_output
analysis/ELSA/figures/damage_repair_calibration/MNAR_Pmm/S8_S9/damage/disease/cal_ANGINE.png,figure,no_generated_output
analysis/ELSA/figures/damage_repair_calibration/MNAR_Pmm/S8_S9/damage/disease/cal_ARTHRE.png,figure,no_generated_output
analysis/ELSA/figures/damage_repair_calibration/MNAR_Pmm/S8_S9/damage/disease/cal_ASTHMAE.png,figure,no_generated_output
analysis/ELSA/figures/damage_repair_calibration/MNAR_Pmm/S8_S9/damage/disease/cal_CANCRE.png,figure,no_generated_output
analysis/ELSA/figures/damage_repair_calibration/MNAR_Pmm/S8_S9/damage/disease/cal_CATRACTE.png,figure,no_generated_output
analysis/ELSA/figures/damage_repair_calibration/MNAR_Pmm/S8_S9/damage/disease/cal_CONHRTFE.png,figure,no_generated_output
analysis/ELSA/figures/damage_repair_calibration/MNAR_Pmm/S8_S9/damage/disease/cal_DIABE.png,figure,no_generated_output
analysis/ELSA/figures/damage_repair_calibration/MNAR_Pmm/S8_S9/damage/disease/cal_HCHOLE.png,figure,no_generated_output
analysis/ELSA/figures/damage_repair_calibration/MNAR_Pmm/S8_S9/damage/disease/cal_HEARTE.png,figure,no_generated_output
analysis/ELSA/figures/damage_repair_calibration/MNAR_Pmm/S8_S9/damage/disease/cal_HIBPE.png,figure,no_generated_output
analysis/ELSA/figures/damage_repair_calibration/MNAR_Pmm/S8_S9/damage/disease/cal_HIPE.png,figure,no_generated_output
analysis/ELSA/figures/damage_repair_calibration/MNAR_Pmm/S8_S9/damage/disease/cal_HRTATTE.png,figure,no_generated_output
analysis/ELSA/figures/damage_repair_calibration/MNAR_Pmm/S8_S9/damage/disease/cal_HRTMRE.png,figure,no_generated_output
analysis/ELSA/figures/damage_repair_calibration/MNAR_Pmm/S8_S9/damage/disease/cal_HRTRHME.png,figure,no_generated_output
analysis/ELSA/figures/damage_repair_calibration/MNAR_Pmm/S8_S9/damage/disease/cal_LUNGE.png,figure,no_generated_output
analysis/ELSA/figures/damage_repair_calibration/MNAR_Pmm/S8_S9/damage/disease/cal_OSTEOE.png,figure,no_generated_output
analysis/ELSA/figures/damage_repair_calibration/MNAR_Pmm/S8_S9/damage/disease/cal_PARKINE.png,figure,no_generated_output
analysis/ELSA/figures/damage_repair_calibration/MNAR_Pmm/S8_S9/damage/disease/cal_POOLED_disease.png,figure,no_generated_output
analysis/ELSA/figures/damage_repair_calibration/MNAR_Pmm/S8_S9/damage/disease/cal_PSYCHE.png,figure,no_generated_output
analysis/ELSA/figures/damage_repair_calibration/MNAR_Pmm/S8_S9/damage/disease/cal_STROKE.png,figure,no_generated_output
analysis/ELSA/figures/damage_repair_calibration/MNAR_Pmm/S8_S9/repair/adl/cal_ARMSA.png,figure,no_generated_output
analysis/ELSA/figures/damage_repair_calibration/MNAR_Pmm/S8_S9/repair/adl/cal_BATHA.png,figure,no_generated_output
analysis/ELSA/figures/damage_repair_calibration/MNAR_Pmm/S8_S9/repair/adl/cal_BEDA.png,figure,no_generated_output
analysis/ELSA/figures/damage_repair_calibration/MNAR_Pmm/S8_S9/repair/adl/cal_CHAIRA.png,figure,no_generated_output
analysis/ELSA/figures/damage_repair_calibration/MNAR_Pmm/S8_S9/repair/adl/cal_CLIM1A.png,figure,no_generated_output
analysis/ELSA/figures/damage_repair_calibration/MNAR_Pmm/S8_S9/repair/adl/cal_CLIMSA.png,figure,no_generated_output
analysis/ELSA/figures/damage_repair_calibration/MNAR_Pmm/S8_S9/repair/adl/cal_COMMUNA.png,figure,no_generated_output
analysis/ELSA/figures/damage_repair_calibration/MNAR_Pmm/S8_S9/repair/adl/cal_DIMEA.png,figure,no_generated_output
analysis/ELSA/figures/damage_repair_calibration/MNAR_Pmm/S8_S9/repair/adl/cal_DRESSA.png,figure,no_generated_output
analysis/ELSA/figures/damage_repair_calibration/MNAR_Pmm/S8_S9/repair/adl/cal_HOUSEWKA.png,figure,no_generated_output
analysis/ELSA/figures/damage_repair_calibration/MNAR_Pmm/S8_S9/repair/adl/cal_LIFTA.png,figure,no_generated_output
analysis/ELSA/figures/damage_repair_calibration/MNAR_Pmm/S8_S9/repair/adl/cal_MAPA.png,figure,no_generated_output
analysis/ELSA/figures/damage_repair_calibration/MNAR_Pmm/S8_S9/repair/adl/cal_MEALSA.png,figure,no_generated_output
analysis/ELSA/figures/damage_repair_calibration/MNAR_Pmm/S8_S9/repair/adl/cal_POOLED_adl.png,figure,no_generated_output
analysis/ELSA/figures/damage_repair_calibration/MNAR_Pmm/S8_S9/repair/adl/cal_PUSHA.png,figure,no_generated_output
analysis/ELSA/figures/damage_repair_calibration/MNAR_Pmm/S8_S9/repair/adl/cal_SHOPA.png,figure,no_generated_output
analysis/ELSA/figures/damage_repair_calibration/MNAR_Pmm/S8_S9/repair/adl/cal_SITA.png,figure,no_generated_output
analysis/ELSA/figures/damage_repair_calibration/MNAR_Pmm/S8_S9/repair/adl/cal_STOOPA.png,figure,no_generated_output
analysis/ELSA/figures/damage_repair_calibration/MNAR_Pmm/S8_S9/repair/adl/cal_TOILTA.png,figure,no_generated_output
analysis/ELSA/figures/damage_repair_calibration/MNAR_Pmm/S8_S9/repair/adl/cal_WALK100A.png,figure,no_generated_output
analysis/ELSA/figures/damage_repair_calibration/MNAR_Pmm/S8_S9/repair/disease/cal_ANGINE.png,figure,no_generated_output
analysis/ELSA/figures/damage_repair_calibration/MNAR_Pmm/S8_S9/repair/disease/cal_ARTHRE.png,figure,no_generated_output
analysis/ELSA/figures/damage_repair_calibration/MNAR_Pmm/S8_S9/repair/disease/cal_ASTHMAE.png,figure,no_generated_output
analysis/ELSA/figures/damage_repair_calibration/MNAR_Pmm/S8_S9/repair/disease/cal_CANCRE.png,figure,no_generated_output
analysis/ELSA/figures/damage_repair_calibration/MNAR_Pmm/S8_S9/repair/disease/cal_CATRACTE.png,figure,no_generated_output
analysis/ELSA/figures/damage_repair_calibration/MNAR_Pmm/S8_S9/repair/disease/cal_DIABE.png,figure,no_generated_output
analysis/ELSA/figures/damage_repair_calibration/MNAR_Pmm/S8_S9/repair/disease/cal_HCHOLE.png,figure,no_generated_output
analysis/ELSA/figures/damage_repair_calibration/MNAR_Pmm/S8_S9/repair/disease/cal_HIBPE.png,figure,no_generated_output
analysis/ELSA/figures/damage_repair_calibration/MNAR_Pmm/S8_S9/repair/disease/cal_HRTATTE.png,figure,no_generated_output
analysis/ELSA/figures/damage_repair_calibration/MNAR_Pmm/S8_S9/repair/disease/cal_HRTMRE.png,figure,no_generated_output
analysis/ELSA/figures/damage_repair_calibration/MNAR_Pmm/S8_S9/repair/disease/cal_HRTRHME.png,figure,no_generated_output
analysis/ELSA/figures/damage_repair_calibration/MNAR_Pmm/S8_S9/repair/disease/cal_LUNGE.png,figure,no_generated_output
analysis/ELSA/figures/damage_repair_calibration/MNAR_Pmm/S8_S9/repair/disease/cal_OSTEOE.png,figure,no_generated_output
analysis/ELSA/figures/damage_repair_calibration/MNAR_Pmm/S8_S9/repair/disease/cal_POOLED_disease.png,figure,no_generated_output
analysis/ELSA/figures/damage_repair_calibration/MNAR_Pmm/S8_S9/repair/disease/cal_PSYCHE.png,figure,no_generated_output
analysis/ELSA/figures/damage_repair_calibration/MNAR_Pmm/S8_S9/repair/disease/cal_STROKE.png,figure,no_generated_output
analysis/ELSA/figures/damage_repair_calibration_loglog/ELSA_SHARED/S1_S2/damage/adl/cal_ARMSA.png,figure,no_generated_output
analysis/ELSA/figures/damage_repair_calibration_loglog/ELSA_SHARED/S1_S2/damage/adl/cal_BATHA.png,figure,no_generated_output
analysis/ELSA/figures/damage_repair_calibration_loglog/ELSA_SHARED/S1_S2/damage/adl/cal_BEDA.png,figure,no_generated_output
analysis/ELSA/figures/damage_repair_calibration_loglog/ELSA_SHARED/S1_S2/damage/adl/cal_CHAIRA.png,figure,no_generated_output
analysis/ELSA/figures/damage_repair_calibration_loglog/ELSA_SHARED/S1_S2/damage/adl/cal_CLIM1A.png,figure,no_generated_output
analysis/ELSA/figures/damage_repair_calibration_loglog/ELSA_SHARED/S1_S2/damage/adl/cal_CLIMSA.png,figure,no_generated_output
analysis/ELSA/figures/damage_repair_calibration_loglog/ELSA_SHARED/S1_S2/damage/adl/cal_DIMEA.png,figure,no_generated_output
analysis/ELSA/figures/damage_repair_calibration_loglog/ELSA_SHARED/S1_S2/damage/adl/cal_DRESSA.png,figure,no_generated_output
analysis/ELSA/figures/damage_repair_calibration_loglog/ELSA_SHARED/S1_S2/damage/adl/cal_EATA.png,figure,no_generated_output
analysis/ELSA/figures/damage_repair_calibration_loglog/ELSA_SHARED/S1_S2/damage/adl/cal_LIFTA.png,figure,no_generated_output
analysis/ELSA/figures/damage_repair_calibration_loglog/ELSA_SHARED/S1_S2/damage/adl/cal_MONEYA.png,figure,no_generated_output
analysis/ELSA/figures/damage_repair_calibration_loglog/ELSA_SHARED/S1_S2/damage/adl/cal_PHONEA.png,figure,no_generated_output
analysis/ELSA/figures/damage_repair_calibration_loglog/ELSA_SHARED/S1_S2/damage/adl/cal_POOLED_adl.png,figure,no_generated_output
analysis/ELSA/figures/damage_repair_calibration_loglog/ELSA_SHARED/S1_S2/damage/adl/cal_PUSHA.png,figure,no_generated_output
analysis/ELSA/figures/damage_repair_calibration_loglog/ELSA_SHARED/S1_S2/damage/adl/cal_SHOPA.png,figure,no_generated_output
analysis/ELSA/figures/damage_repair_calibration_loglog/ELSA_SHARED/S1_S2/damage/adl/cal_STOOPA.png,figure,no_generated_output
analysis/ELSA/figures/damage_repair_calibration_loglog/ELSA_SHARED/S1_S2/damage/adl/cal_TOILTA.png,figure,no_generated_output
analysis/ELSA/figures/damage_repair_calibration_loglog/ELSA_SHARED/S1_S2/damage/adl/cal_WALKRA.png,figure,no_generated_output
analysis/ELSA/figures/damage_repair_calibration_loglog/ELSA_SHARED/S1_S2/damage/disease/cal_ARTHRE.png,figure,no_generated_output
analysis/ELSA/figures/damage_repair_calibration_loglog/ELSA_SHARED/S1_S2/damage/disease/cal_CANCRE.png,figure,no_generated_output
analysis/ELSA/figures/damage_repair_calibration_loglog/ELSA_SHARED/S1_S2/damage/disease/cal_DIABE.png,figure,no_generated_output
analysis/ELSA/figures/damage_repair_calibration_loglog/ELSA_SHARED/S1_S2/damage/disease/cal_HEARTE.png,figure,no_generated_output
analysis/ELSA/figures/damage_repair_calibration_loglog/ELSA_SHARED/S1_S2/damage/disease/cal_HIBPE.png,figure,no_generated_output
analysis/ELSA/figures/damage_repair_calibration_loglog/ELSA_SHARED/S1_S2/damage/disease/cal_LUNGE.png,figure,no_generated_output
analysis/ELSA/figures/damage_repair_calibration_loglog/ELSA_SHARED/S1_S2/damage/disease/cal_POOLED_disease.png,figure,no_generated_output
analysis/ELSA/figures/damage_repair_calibration_loglog/ELSA_SHARED/S1_S2/damage/disease/cal_STROKE.png,figure,no_generated_output
analysis/ELSA/figures/damage_repair_calibration_loglog/ELSA_SHARED/S1_S2/repair/adl/cal_ARMSA.png,figure,no_generated_output
analysis/ELSA/figures/damage_repair_calibration_loglog/ELSA_SHARED/S1_S2/repair/adl/cal_BATHA.png,figure,no_generated_output
analysis/ELSA/figures/damage_repair_calibration_loglog/ELSA_SHARED/S1_S2/repair/adl/cal_CHAIRA.png,figure,no_generated_output
analysis/ELSA/figures/damage_repair_calibration_loglog/ELSA_SHARED/S1_S2/repair/adl/cal_CLIM1A.png,figure,no_generated_output
analysis/ELSA/figures/damage_repair_calibration_loglog/ELSA_SHARED/S1_S2/repair/adl/cal_CLIMSA.png,figure,no_generated_output
analysis/ELSA/figures/damage_repair_calibration_loglog/ELSA_SHARED/S1_S2/repair/adl/cal_DIMEA.png,figure,no_generated_output
analysis/ELSA/figures/damage_repair_calibration_loglog/ELSA_SHARED/S1_S2/repair/adl/cal_DRESSA.png,figure,no_generated_output
analysis/ELSA/figures/damage_repair_calibration_loglog/ELSA_SHARED/S1_S2/repair/adl/cal_LIFTA.png,figure,no_generated_output
analysis/ELSA/figures/damage_repair_calibration_loglog/ELSA_SHARED/S1_S2/repair/adl/cal_POOLED_adl.png,figure,no_generated_output
analysis/ELSA/figures/damage_repair_calibration_loglog/ELSA_SHARED/S1_S2/repair/adl/cal_PUSHA.png,figure,no_generated_output
analysis/ELSA/figures/damage_repair_calibration_loglog/ELSA_SHARED/S1_S2/repair/adl/cal_SHOPA.png,figure,no_generated_output
analysis/ELSA/figures/damage_repair_calibration_loglog/ELSA_SHARED/S1_S2/repair/adl/cal_STOOPA.png,figure,no_generated_output
analysis/ELSA/figures/damage_repair_calibration_loglog/ELSA_SHARED/S1_S2/repair/adl/cal_TOILTA.png,figure,no_generated_output
analysis/ELSA/figures/damage_repair_calibration_loglog/ELSA_SHARED/S1_S2/repair/adl/cal_WALKRA.png,figure,no_generated_output
analysis/ELSA/figures/damage_repair_calibration_loglog/ELSA_SHARED/S1_S2/repair/disease/cal_ARTHRE.png,figure,no_generated_output
analysis/ELSA/figures/damage_repair_calibration_loglog/ELSA_SHARED/S1_S2/repair/disease/cal_CANCRE.png,figure,no_generated_output
analysis/ELSA/figures/damage_repair_calibration_loglog/ELSA_SHARED/S1_S2/repair/disease/cal_DIABE.png,figure,no_generated_output
analysis/ELSA/figures/damage_repair_calibration_loglog/ELSA_SHARED/S1_S2/repair/disease/cal_HIBPE.png,figure,no_generated_output
analysis/ELSA/figures/damage_repair_calibration_loglog/ELSA_SHARED/S1_S2/repair/disease/cal_LUNGE.png,figure,no_generated_output
analysis/ELSA/figures/damage_repair_calibration_loglog/ELSA_SHARED/S1_S2/repair/disease/cal_POOLED_disease.png,figure,no_generated_output
analysis/ELSA/figures/damage_repair_calibration_loglog/ELSA_SHARED/S1_S2/repair/disease/cal_STROKE.png,figure,no_generated_output
analysis/ELSA/figures/damage_repair_calibration_loglog/ELSA_SHARED/S2_S3/damage/adl/cal_ARMSA.png,figure,no_generated_output
analysis/ELSA/figures/damage_repair_calibration_loglog/ELSA_SHARED/S2_S3/damage/adl/cal_BATHA.png,figure,no_generated_output
analysis/ELSA/figures/damage_repair_calibration_loglog/ELSA_SHARED/S2_S3/damage/adl/cal_BEDA.png,figure,no_generated_output
analysis/ELSA/figures/damage_repair_calibration_loglog/ELSA_SHARED/S2_S3/damage/adl/cal_CHAIRA.png,figure,no_generated_output
analysis/ELSA/figures/damage_repair_calibration_loglog/ELSA_SHARED/S2_S3/damage/adl/cal_CLIM1A.png,figure,no_generated_output
analysis/ELSA/figures/damage_repair_calibration_loglog/ELSA_SHARED/S2_S3/damage/adl/cal_CLIMSA.png,figure,no_generated_output
analysis/ELSA/figures/damage_repair_calibration_loglog/ELSA_SHARED/S2_S3/damage/adl/cal_DIMEA.png,figure,no_generated_output
analysis/ELSA/figures/damage_repair_calibration_loglog/ELSA_SHARED/S2_S3/damage/adl/cal_DRESSA.png,figure,no_generated_output
analysis/ELSA/figures/damage_repair_calibration_loglog/ELSA_SHARED/S2_S3/damage/adl/cal_EATA.png,figure,no_generated_output
analysis/ELSA/figures/damage_repair_calibration_loglog/ELSA_SHARED/S2_S3/damage/adl/cal_LIFTA.png,figure,no_generated_output
analysis/ELSA/figures/damage_repair_calibration_loglog/ELSA_SHARED/S2_S3/damage/adl/cal_MONEYA.png,figure,no_generated_output
analysis/ELSA/figures/damage_repair_calibration_loglog/ELSA_SHARED/S2_S3/damage/adl/cal_PHONEA.png,figure,no_generated_output
analysis/ELSA/figures/damage_repair_calibration_loglog/ELSA_SHARED/S2_S3/damage/adl/cal_POOLED_adl.png,figure,no_generated_output
analysis/ELSA/figures/damage_repair_calibration_loglog/ELSA_SHARED/S2_S3/damage/adl/cal_PUSHA.png,figure,no_generated_output
analysis/ELSA/figures/damage_repair_calibration_loglog/ELSA_SHARED/S2_S3/damage/adl/cal_SHOPA.png,figure,no_generated_output
analysis/ELSA/figures/damage_repair_calibration_loglog/ELSA_SHARED/S2_S3/damage/adl/cal_STOOPA.png,figure,no_generated_output
analysis/ELSA/figures/damage_repair_calibration_loglog/ELSA_SHARED/S2_S3/damage/adl/cal_TOILTA.png,figure,no_generated_output
analysis/ELSA/figures/damage_repair_calibration_loglog/ELSA_SHARED/S2_S3/damage/adl/cal_WALKRA.png,figure,no_generated_output
analysis/ELSA/figures/damage_repair_calibration_loglog/ELSA_SHARED/S2_S3/damage/disease/cal_ARTHRE.png,figure,no_generated_output
analysis/ELSA/figures/damage_repair_calibration_loglog/ELSA_SHARED/S2_S3/damage/disease/cal_CANCRE.png,figure,no_generated_output
analysis/ELSA/figures/damage_repair_calibration_loglog/ELSA_SHARED/S2_S3/damage/disease/cal_DIABE.png,figure,no_generated_output
analysis/ELSA/figures/damage_repair_calibration_loglog/ELSA_SHARED/S2_S3/damage/disease/cal_HEARTE.png,figure,no_generated_output
analysis/ELSA/figures/damage_repair_calibration_loglog/ELSA_SHARED/S2_S3/damage/disease/cal_HIBPE.png,figure,no_generated_output
analysis/ELSA/figures/damage_repair_calibration_loglog/ELSA_SHARED/S2_S3/damage/disease/cal_LUNGE.png,figure,no_generated_output
analysis/ELSA/figures/damage_repair_calibration_loglog/ELSA_SHARED/S2_S3/damage/disease/cal_POOLED_disease.png,figure,no_generated_output
analysis/ELSA/figures/damage_repair_calibration_loglog/ELSA_SHARED/S2_S3/damage/disease/cal_STROKE.png,figure,no_generated_output
analysis/ELSA/figures/damage_repair_calibration_loglog/ELSA_SHARED/S2_S3/repair/adl/cal_ARMSA.png,figure,no_generated_output
analysis/ELSA/figures/damage_repair_calibration_loglog/ELSA_SHARED/S2_S3/repair/adl/cal_BATHA.png,figure,no_generated_output
analysis/ELSA/figures/damage_repair_calibration_loglog/ELSA_SHARED/S2_S3/repair/adl/cal_BEDA.png,figure,no_generated_output
analysis/ELSA/figures/damage_repair_calibration_loglog/ELSA_SHARED/S2_S3/repair/adl/cal_CHAIRA.png,figure,no_generated_output
analysis/ELSA/figures/damage_repair_calibration_loglog/ELSA_SHARED/S2_S3/repair/adl/cal_CLIM1A.png,figure,no_generated_output
analysis/ELSA/figures/damage_repair_calibration_loglog/ELSA_SHARED/S2_S3/repair/adl/cal_CLIMSA.png,figure,no_generated_output
analysis/ELSA/figures/damage_repair_calibration_loglog/ELSA_SHARED/S2_S3/repair/adl/cal_DIMEA.png,figure,no_generated_output
analysis/ELSA/figures/damage_repair_calibration_loglog/ELSA_SHARED/S2_S3/repair/adl/cal_DRESSA.png,figure,no_generated_output
analysis/ELSA/figures/damage_repair_calibration_loglog/ELSA_SHARED/S2_S3/repair/adl/cal_LIFTA.png,figure,no_generated_output
analysis/ELSA/figures/damage_repair_calibration_loglog/ELSA_SHARED/S2_S3/repair/adl/cal_MONEYA.png,figure,no_generated_output
analysis/ELSA/figures/damage_repair_calibration_loglog/ELSA_SHARED/S2_S3/repair/adl/cal_POOLED_adl.png,figure,no_generated_output
analysis/ELSA/figures/damage_repair_calibration_loglog/ELSA_SHARED/S2_S3/repair/adl/cal_PUSHA.png,figure,no_generated_output
analysis/ELSA/figures/damage_repair_calibration_loglog/ELSA_SHARED/S2_S3/repair/adl/cal_SHOPA.png,figure,no_generated_output
analysis/ELSA/figures/damage_repair_calibration_loglog/ELSA_SHARED/S2_S3/repair/adl/cal_STOOPA.png,figure,no_generated_output
analysis/ELSA/figures/damage_repair_calibration_loglog/ELSA_SHARED/S2_S3/repair/adl/cal_TOILTA.png,figure,no_generated_output
analysis/ELSA/figures/damage_repair_calibration_loglog/ELSA_SHARED/S2_S3/repair/adl/cal_WALKRA.png,figure,no_generated_output
analysis/ELSA/figures/damage_repair_calibration_loglog/ELSA_SHARED/S2_S3/repair/disease/cal_ARTHRE.png,figure,no_generated_output
analysis/ELSA/figures/damage_repair_calibration_loglog/ELSA_SHARED/S2_S3/repair/disease/cal_CANCRE.png,figure,no_generated_output
analysis/ELSA/figures/damage_repair_calibration_loglog/ELSA_SHARED/S2_S3/repair/disease/cal_DIABE.png,figure,no_generated_output
analysis/ELSA/figures/damage_repair_calibration_loglog/ELSA_SHARED/S2_S3/repair/disease/cal_HIBPE.png,figure,no_generated_output
analysis/ELSA/figures/damage_repair_calibration_loglog/ELSA_SHARED/S2_S3/repair/disease/cal_LUNGE.png,figure,no_generated_output
analysis/ELSA/figures/damage_repair_calibration_loglog/ELSA_SHARED/S2_S3/repair/disease/cal_POOLED_disease.png,figure,no_generated_output
analysis/ELSA/figures/damage_repair_calibration_loglog/ELSA_SHARED/S2_S3/repair/disease/cal_STROKE.png,figure,no_generated_output
analysis/ELSA/figures/damage_repair_calibration_loglog/ELSA_SHARED/S3_S4/damage/adl/cal_ARMSA.png,figure,no_generated_output
analysis/ELSA/figures/damage_repair_calibration_loglog/ELSA_SHARED/S3_S4/damage/adl/cal_BATHA.png,figure,no_generated_output
analysis/ELSA/figures/damage_repair_calibration_loglog/ELSA_SHARED/S3_S4/damage/adl/cal_BEDA.png,figure,no_generated_output
analysis/ELSA/figures/damage_repair_calibration_loglog/ELSA_SHARED/S3_S4/damage/adl/cal_CHAIRA.png,figure,no_generated_output
analysis/ELSA/figures/damage_repair_calibration_loglog/ELSA_SHARED/S3_S4/damage/adl/cal_CLIM1A.png,figure,no_generated_output
analysis/ELSA/figures/damage_repair_calibration_loglog/ELSA_SHARED/S3_S4/damage/adl/cal_CLIMSA.png,figure,no_generated_output
analysis/ELSA/figures/damage_repair_calibration_loglog/ELSA_SHARED/S3_S4/damage/adl/cal_DIMEA.png,figure,no_generated_output
analysis/ELSA/figures/damage_repair_calibration_loglog/ELSA_SHARED/S3_S4/damage/adl/cal_DRESSA.png,figure,no_generated_output
analysis/ELSA/figures/damage_repair_calibration_loglog/ELSA_SHARED/S3_S4/damage/adl/cal_EATA.png,figure,no_generated_output
analysis/ELSA/figures/damage_repair_calibration_loglog/ELSA_SHARED/S3_S4/damage/adl/cal_LIFTA.png,figure,no_generated_output
analysis/ELSA/figures/damage_repair_calibration_loglog/ELSA_SHARED/S3_S4/damage/adl/cal_MONEYA.png,figure,no_generated_output
analysis/ELSA/figures/damage_repair_calibration_loglog/ELSA_SHARED/S3_S4/damage/adl/cal_PHONEA.png,figure,no_generated_output
analysis/ELSA/figures/damage_repair_calibration_loglog/ELSA_SHARED/S3_S4/damage/adl/cal_POOLED_adl.png,figure,no_generated_output
analysis/ELSA/figures/damage_repair_calibration_loglog/ELSA_SHARED/S3_S4/damage/adl/cal_PUSHA.png,figure,no_generated_output
analysis/ELSA/figures/damage_repair_calibration_loglog/ELSA_SHARED/S3_S4/damage/adl/cal_SHOPA.png,figure,no_generated_output
analysis/ELSA/figures/damage_repair_calibration_loglog/ELSA_SHARED/S3_S4/damage/adl/cal_STOOPA.png,figure,no_generated_output
analysis/ELSA/figures/damage_repair_calibration_loglog/ELSA_SHARED/S3_S4/damage/adl/cal_TOILTA.png,figure,no_generated_output
analysis/ELSA/figures/damage_repair_calibration_loglog/ELSA_SHARED/S3_S4/damage/adl/cal_WALKRA.png,figure,no_generated_output
analysis/ELSA/figures/damage_repair_calibration_loglog/ELSA_SHARED/S3_S4/damage/disease/cal_ARTHRE.png,figure,no_generated_output
analysis/ELSA/figures/damage_repair_calibration_loglog/ELSA_SHARED/S3_S4/damage/disease/cal_CANCRE.png,figure,no_generated_output
analysis/ELSA/figures/damage_repair_calibration_loglog/ELSA_SHARED/S3_S4/damage/disease/cal_DIABE.png,figure,no_generated_output
analysis/ELSA/figures/damage_repair_calibration_loglog/ELSA_SHARED/S3_S4/damage/disease/cal_HEARTE.png,figure,no_generated_output
analysis/ELSA/figures/damage_repair_calibration_loglog/ELSA_SHARED/S3_S4/damage/disease/cal_HIBPE.png,figure,no_generated_output
analysis/ELSA/figures/damage_repair_calibration_loglog/ELSA_SHARED/S3_S4/damage/disease/cal_LUNGE.png,figure,no_generated_output
analysis/ELSA/figures/damage_repair_calibration_loglog/ELSA_SHARED/S3_S4/damage/disease/cal_POOLED_disease.png,figure,no_generated_output
analysis/ELSA/figures/damage_repair_calibration_loglog/ELSA_SHARED/S3_S4/damage/disease/cal_STROKE.png,figure,no_generated_output
analysis/ELSA/figures/damage_repair_calibration_loglog/ELSA_SHARED/S3_S4/repair/adl/cal_ARMSA.png,figure,no_generated_output
analysis/ELSA/figures/damage_repair_calibration_loglog/ELSA_SHARED/S3_S4/repair/adl/cal_BATHA.png,figure,no_generated_output
analysis/ELSA/figures/damage_repair_calibration_loglog/ELSA_SHARED/S3_S4/repair/adl/cal_BEDA.png,figure,no_generated_output
analysis/ELSA/figures/damage_repair_calibration_loglog/ELSA_SHARED/S3_S4/repair/adl/cal_CHAIRA.png,figure,no_generated_output
analysis/ELSA/figures/damage_repair_calibration_loglog/ELSA_SHARED/S3_S4/repair/adl/cal_CLIM1A.png,figure,no_generated_output
analysis/ELSA/figures/damage_repair_calibration_loglog/ELSA_SHARED/S3_S4/repair/adl/cal_CLIMSA.png,figure,no_generated_output
analysis/ELSA/figures/damage_repair_calibration_loglog/ELSA_SHARED/S3_S4/repair/adl/cal_DIMEA.png,figure,no_generated_output
analysis/ELSA/figures/damage_repair_calibration_loglog/ELSA_SHARED/S3_S4/repair/adl/cal_DRESSA.png,figure,no_generated_output
analysis/ELSA/figures/damage_repair_calibration_loglog/ELSA_SHARED/S3_S4/repair/adl/cal_LIFTA.png,figure,no_generated_output
analysis/ELSA/figures/damage_repair_calibration_loglog/ELSA_SHARED/S3_S4/repair/adl/cal_MONEYA.png,figure,no_generated_output
analysis/ELSA/figures/damage_repair_calibration_loglog/ELSA_SHARED/S3_S4/repair/adl/cal_POOLED_adl.png,figure,no_generated_output
analysis/ELSA/figures/damage_repair_calibration_loglog/ELSA_SHARED/S3_S4/repair/adl/cal_PUSHA.png,figure,no_generated_output
analysis/ELSA/figures/damage_repair_calibration_loglog/ELSA_SHARED/S3_S4/repair/adl/cal_SHOPA.png,figure,no_generated_output
analysis/ELSA/figures/damage_repair_calibration_loglog/ELSA_SHARED/S3_S4/repair/adl/cal_STOOPA.png,figure,no_generated_output
analysis/ELSA/figures/damage_repair_calibration_loglog/ELSA_SHARED/S3_S4/repair/adl/cal_TOILTA.png,figure,no_generated_output
analysis/ELSA/figures/damage_repair_calibration_loglog/ELSA_SHARED/S3_S4/repair/adl/cal_WALKRA.png,figure,no_generated_output
analysis/ELSA/figures/damage_repair_calibration_loglog/ELSA_SHARED/S3_S4/repair/disease/cal_ARTHRE.png,figure,no_generated_output
analysis/ELSA/figures/damage_repair_calibration_loglog/ELSA_SHARED/S3_S4/repair/disease/cal_CANCRE.png,figure,no_generated_output
analysis/ELSA/figures/damage_repair_calibration_loglog/ELSA_SHARED/S3_S4/repair/disease/cal_DIABE.png,figure,no_generated_output
analysis/ELSA/figures/damage_repair_calibration_loglog/ELSA_SHARED/S3_S4/repair/disease/cal_HIBPE.png,figure,no_generated_output
analysis/ELSA/figures/damage_repair_calibration_loglog/ELSA_SHARED/S3_S4/repair/disease/cal_LUNGE.png,figure,no_generated_output
analysis/ELSA/figures/damage_repair_calibration_loglog/ELSA_SHARED/S3_S4/repair/disease/cal_POOLED_disease.png,figure,no_generated_output
analysis/ELSA/figures/damage_repair_calibration_loglog/ELSA_SHARED/S3_S4/repair/disease/cal_STROKE.png,figure,no_generated_output
analysis/ELSA/figures/damage_repair_calibration_loglog/ELSA_SHARED/S4_S5/damage/adl/cal_ARMSA.png,figure,no_generated_output
analysis/ELSA/figures/damage_repair_calibration_loglog/ELSA_SHARED/S4_S5/damage/adl/cal_BATHA.png,figure,no_generated_output
analysis/ELSA/figures/damage_repair_calibration_loglog/ELSA_SHARED/S4_S5/damage/adl/cal_BEDA.png,figure,no_generated_output
analysis/ELSA/figures/damage_repair_calibration_loglog/ELSA_SHARED/S4_S5/damage/adl/cal_CHAIRA.png,figure,no_generated_output
analysis/ELSA/figures/damage_repair_calibration_loglog/ELSA_SHARED/S4_S5/damage/adl/cal_CLIM1A.png,figure,no_generated_output
analysis/ELSA/figures/damage_repair_calibration_loglog/ELSA_SHARED/S4_S5/damage/adl/cal_CLIMSA.png,figure,no_generated_output
analysis/ELSA/figures/damage_repair_calibration_loglog/ELSA_SHARED/S4_S5/damage/adl/cal_DIMEA.png,figure,no_generated_output
analysis/ELSA/figures/damage_repair_calibration_loglog/ELSA_SHARED/S4_S5/damage/adl/cal_DRESSA.png,figure,no_generated_output
analysis/ELSA/figures/damage_repair_calibration_loglog/ELSA_SHARED/S4_S5/damage/adl/cal_EATA.png,figure,no_generated_output
analysis/ELSA/figures/damage_repair_calibration_loglog/ELSA_SHARED/S4_S5/damage/adl/cal_LIFTA.png,figure,no_generated_output
analysis/ELSA/figures/damage_repair_calibration_loglog/ELSA_SHARED/S4_S5/damage/adl/cal_MONEYA.png,figure,no_generated_output
analysis/ELSA/figures/damage_repair_calibration_loglog/ELSA_SHARED/S4_S5/damage/adl/cal_PHONEA.png,figure,no_generated_output
analysis/ELSA/figures/damage_repair_calibration_loglog/ELSA_SHARED/S4_S5/damage/adl/cal_POOLED_adl.png,figure,no_generated_output
analysis/ELSA/figures/damage_repair_calibration_loglog/ELSA_SHARED/S4_S5/damage/adl/cal_PUSHA.png,figure,no_generated_output
analysis/ELSA/figures/damage_repair_calibration_loglog/ELSA_SHARED/S4_S5/damage/adl/cal_SHOPA.png,figure,no_generated_output
analysis/ELSA/figures/damage_repair_calibration_loglog/ELSA_SHARED/S4_S5/damage/adl/cal_STOOPA.png,figure,no_generated_output
analysis/ELSA/figures/damage_repair_calibration_loglog/ELSA_SHARED/S4_S5/damage/adl/cal_TOILTA.png,figure,no_generated_output
analysis/ELSA/figures/damage_repair_calibration_loglog/ELSA_SHARED/S4_S5/damage/adl/cal_WALKRA.png,figure,no_generated_output
analysis/ELSA/figures/damage_repair_calibration_loglog/ELSA_SHARED/S4_S5/damage/disease/cal_ARTHRE.png,figure,no_generated_output
analysis/ELSA/figures/damage_repair_calibration_loglog/ELSA_SHARED/S4_S5/damage/disease/cal_CANCRE.png,figure,no_generated_output
analysis/ELSA/figures/damage_repair_calibration_loglog/ELSA_SHARED/S4_S5/damage/disease/cal_DIABE.png,figure,no_generated_output
analysis/ELSA/figures/damage_repair_calibration_loglog/ELSA_SHARED/S4_S5/damage/disease/cal_HEARTE.png,figure,no_generated_output
analysis/ELSA/figures/damage_repair_calibration_loglog/ELSA_SHARED/S4_S5/damage/disease/cal_HIBPE.png,figure,no_generated_output
analysis/ELSA/figures/damage_repair_calibration_loglog/ELSA_SHARED/S4_S5/damage/disease/cal_LUNGE.png,figure,no_generated_output
analysis/ELSA/figures/damage_repair_calibration_loglog/ELSA_SHARED/S4_S5/damage/disease/cal_POOLED_disease.png,figure,no_generated_output
analysis/ELSA/figures/damage_repair_calibration_loglog/ELSA_SHARED/S4_S5/damage/disease/cal_STROKE.png,figure,no_generated_output
analysis/ELSA/figures/damage_repair_calibration_loglog/ELSA_SHARED/S4_S5/repair/adl/cal_ARMSA.png,figure,no_generated_output
analysis/ELSA/figures/damage_repair_calibration_loglog/ELSA_SHARED/S4_S5/repair/adl/cal_BATHA.png,figure,no_generated_output
analysis/ELSA/figures/damage_repair_calibration_loglog/ELSA_SHARED/S4_S5/repair/adl/cal_BEDA.png,figure,no_generated_output
analysis/ELSA/figures/damage_repair_calibration_loglog/ELSA_SHARED/S4_S5/repair/adl/cal_CHAIRA.png,figure,no_generated_output
analysis/ELSA/figures/damage_repair_calibration_loglog/ELSA_SHARED/S4_S5/repair/adl/cal_CLIM1A.png,figure,no_generated_output
analysis/ELSA/figures/damage_repair_calibration_loglog/ELSA_SHARED/S4_S5/repair/adl/cal_CLIMSA.png,figure,no_generated_output
analysis/ELSA/figures/damage_repair_calibration_loglog/ELSA_SHARED/S4_S5/repair/adl/cal_DIMEA.png,figure,no_generated_output
analysis/ELSA/figures/damage_repair_calibration_loglog/ELSA_SHARED/S4_S5/repair/adl/cal_DRESSA.png,figure,no_generated_output
analysis/ELSA/figures/damage_repair_calibration_loglog/ELSA_SHARED/S4_S5/repair/adl/cal_LIFTA.png,figure,no_generated_output
analysis/ELSA/figures/damage_repair_calibration_loglog/ELSA_SHARED/S4_S5/repair/adl/cal_MONEYA.png,figure,no_generated_output
analysis/ELSA/figures/damage_repair_calibration_loglog/ELSA_SHARED/S4_S5/repair/adl/cal_PHONEA.png,figure,no_generated_output
analysis/ELSA/figures/damage_repair_calibration_loglog/ELSA_SHARED/S4_S5/repair/adl/cal_POOLED_adl.png,figure,no_generated_output
analysis/ELSA/figures/damage_repair_calibration_loglog/ELSA_SHARED/S4_S5/repair/adl/cal_PUSHA.png,figure,no_generated_output
analysis/ELSA/figures/damage_repair_calibration_loglog/ELSA_SHARED/S4_S5/repair/adl/cal_SHOPA.png,figure,no_generated_output
analysis/ELSA/figures/damage_repair_calibration_loglog/ELSA_SHARED/S4_S5/repair/adl/cal_STOOPA.png,figure,no_generated_output
analysis/ELSA/figures/damage_repair_calibration_loglog/ELSA_SHARED/S4_S5/repair/adl/cal_TOILTA.png,figure,no_generated_output
analysis/ELSA/figures/damage_repair_calibration_loglog/ELSA_SHARED/S4_S5/repair/adl/cal_WALKRA.png,figure,no_generated_output
analysis/ELSA/figures/damage_repair_calibration_loglog/ELSA_SHARED/S4_S5/repair/disease/cal_ARTHRE.png,figure,no_generated_output
analysis/ELSA/figures/damage_repair_calibration_loglog/ELSA_SHARED/S4_S5/repair/disease/cal_CANCRE.png,figure,no_generated_output
analysis/ELSA/figures/damage_repair_calibration_loglog/ELSA_SHARED/S4_S5/repair/disease/cal_DIABE.png,figure,no_generated_output
analysis/ELSA/figures/damage_repair_calibration_loglog/ELSA_SHARED/S4_S5/repair/disease/cal_HEARTE.png,figure,no_generated_output
analysis/ELSA/figures/damage_repair_calibration_loglog/ELSA_SHARED/S4_S5/repair/disease/cal_HIBPE.png,figure,no_generated_output
analysis/ELSA/figures/damage_repair_calibration_loglog/ELSA_SHARED/S4_S5/repair/disease/cal_LUNGE.png,figure,no_generated_output
analysis/ELSA/figures/damage_repair_calibration_loglog/ELSA_SHARED/S4_S5/repair/disease/cal_POOLED_disease.png,figure,no_generated_output
analysis/ELSA/figures/damage_repair_calibration_loglog/ELSA_SHARED/S4_S5/repair/disease/cal_STROKE.png,figure,no_generated_output
analysis/ELSA/figures/damage_repair_calibration_loglog/ELSA_SHARED/S5_S6/damage/adl/cal_ARMSA.png,figure,no_generated_output
analysis/ELSA/figures/damage_repair_calibration_loglog/ELSA_SHARED/S5_S6/damage/adl/cal_BATHA.png,figure,no_generated_output
analysis/ELSA/figures/damage_repair_calibration_loglog/ELSA_SHARED/S5_S6/damage/adl/cal_BEDA.png,figure,no_generated_output
analysis/ELSA/figures/damage_repair_calibration_loglog/ELSA_SHARED/S5_S6/damage/adl/cal_CHAIRA.png,figure,no_generated_output
analysis/ELSA/figures/damage_repair_calibration_loglog/ELSA_SHARED/S5_S6/damage/adl/cal_CLIM1A.png,figure,no_generated_output
analysis/ELSA/figures/damage_repair_calibration_loglog/ELSA_SHARED/S5_S6/damage/adl/cal_CLIMSA.png,figure,no_generated_output
analysis/ELSA/figures/damage_repair_calibration_loglog/ELSA_SHARED/S5_S6/damage/adl/cal_DIMEA.png,figure,no_generated_output
analysis/ELSA/figures/damage_repair_calibration_loglog/ELSA_SHARED/S5_S6/damage/adl/cal_DRESSA.png,figure,no_generated_output
analysis/ELSA/figures/damage_repair_calibration_loglog/ELSA_SHARED/S5_S6/damage/adl/cal_EATA.png,figure,no_generated_output
analysis/ELSA/figures/damage_repair_calibration_loglog/ELSA_SHARED/S5_S6/damage/adl/cal_LIFTA.png,figure,no_generated_output
analysis/ELSA/figures/damage_repair_calibration_loglog/ELSA_SHARED/S5_S6/damage/adl/cal_MONEYA.png,figure,no_generated_output
analysis/ELSA/figures/damage_repair_calibration_loglog/ELSA_SHARED/S5_S6/damage/adl/cal_PHONEA.png,figure,no_generated_output
analysis/ELSA/figures/damage_repair_calibration_loglog/ELSA_SHARED/S5_S6/damage/adl/cal_POOLED_adl.png,figure,no_generated_output
analysis/ELSA/figures/damage_repair_calibration_loglog/ELSA_SHARED/S5_S6/damage/adl/cal_PUSHA.png,figure,no_generated_output
analysis/ELSA/figures/damage_repair_calibration_loglog/ELSA_SHARED/S5_S6/damage/adl/cal_SHOPA.png,figure,no_generated_output
analysis/ELSA/figures/damage_repair_calibration_loglog/ELSA_SHARED/S5_S6/damage/adl/cal_STOOPA.png,figure,no_generated_output
analysis/ELSA/figures/damage_repair_calibration_loglog/ELSA_SHARED/S5_S6/damage/adl/cal_TOILTA.png,figure,no_generated_output
analysis/ELSA/figures/damage_repair_calibration_loglog/ELSA_SHARED/S5_S6/damage/adl/cal_WALKRA.png,figure,no_generated_output
analysis/ELSA/figures/damage_repair_calibration_loglog/ELSA_SHARED/S5_S6/damage/disease/cal_ARTHRE.png,figure,no_generated_output
analysis/ELSA/figures/damage_repair_calibration_loglog/ELSA_SHARED/S5_S6/damage/disease/cal_CANCRE.png,figure,no_generated_output
analysis/ELSA/figures/damage_repair_calibration_loglog/ELSA_SHARED/S5_S6/damage/disease/cal_DIABE.png,figure,no_generated_output
analysis/ELSA/figures/damage_repair_calibration_loglog/ELSA_SHARED/S5_S6/damage/disease/cal_HEARTE.png,figure,no_generated_output
analysis/ELSA/figures/damage_repair_calibration_loglog/ELSA_SHARED/S5_S6/damage/disease/cal_HIBPE.png,figure,no_generated_output
analysis/ELSA/figures/damage_repair_calibration_loglog/ELSA_SHARED/S5_S6/damage/disease/cal_LUNGE.png,figure,no_generated_output
analysis/ELSA/figures/damage_repair_calibration_loglog/ELSA_SHARED/S5_S6/damage/disease/cal_POOLED_disease.png,figure,no_generated_output
analysis/ELSA/figures/damage_repair_calibration_loglog/ELSA_SHARED/S5_S6/damage/disease/cal_STROKE.png,figure,no_generated_output
analysis/ELSA/figures/damage_repair_calibration_loglog/ELSA_SHARED/S5_S6/repair/adl/cal_ARMSA.png,figure,no_generated_output
analysis/ELSA/figures/damage_repair_calibration_loglog/ELSA_SHARED/S5_S6/repair/adl/cal_BATHA.png,figure,no_generated_output
analysis/ELSA/figures/damage_repair_calibration_loglog/ELSA_SHARED/S5_S6/repair/adl/cal_BEDA.png,figure,no_generated_output
analysis/ELSA/figures/damage_repair_calibration_loglog/ELSA_SHARED/S5_S6/repair/adl/cal_CHAIRA.png,figure,no_generated_output
analysis/ELSA/figures/damage_repair_calibration_loglog/ELSA_SHARED/S5_S6/repair/adl/cal_CLIM1A.png,figure,no_generated_output
analysis/ELSA/figures/damage_repair_calibration_loglog/ELSA_SHARED/S5_S6/repair/adl/cal_CLIMSA.png,figure,no_generated_output
analysis/ELSA/figures/damage_repair_calibration_loglog/ELSA_SHARED/S5_S6/repair/adl/cal_DIMEA.png,figure,no_generated_output
analysis/ELSA/figures/damage_repair_calibration_loglog/ELSA_SHARED/S5_S6/repair/adl/cal_DRESSA.png,figure,no_generated_output
analysis/ELSA/figures/damage_repair_calibration_loglog/ELSA_SHARED/S5_S6/repair/adl/cal_LIFTA.png,figure,no_generated_output
analysis/ELSA/figures/damage_repair_calibration_loglog/ELSA_SHARED/S5_S6/repair/adl/cal_MONEYA.png,figure,no_generated_output
analysis/ELSA/figures/damage_repair_calibration_loglog/ELSA_SHARED/S5_S6/repair/adl/cal_PHONEA.png,figure,no_generated_output
analysis/ELSA/figures/damage_repair_calibration_loglog/ELSA_SHARED/S5_S6/repair/adl/cal_POOLED_adl.png,figure,no_generated_output
analysis/ELSA/figures/damage_repair_calibration_loglog/ELSA_SHARED/S5_S6/repair/adl/cal_PUSHA.png,figure,no_generated_output
analysis/ELSA/figures/damage_repair_calibration_loglog/ELSA_SHARED/S5_S6/repair/adl/cal_SHOPA.png,figure,no_generated_output
analysis/ELSA/figures/damage_repair_calibration_loglog/ELSA_SHARED/S5_S6/repair/adl/cal_STOOPA.png,figure,no_generated_output
analysis/ELSA/figures/damage_repair_calibration_loglog/ELSA_SHARED/S5_S6/repair/adl/cal_TOILTA.png,figure,no_generated_output
analysis/ELSA/figures/damage_repair_calibration_loglog/ELSA_SHARED/S5_S6/repair/adl/cal_WALKRA.png,figure,no_generated_output
analysis/ELSA/figures/damage_repair_calibration_loglog/ELSA_SHARED/S5_S6/repair/disease/cal_ARTHRE.png,figure,no_generated_output
analysis/ELSA/figures/damage_repair_calibration_loglog/ELSA_SHARED/S5_S6/repair/disease/cal_CANCRE.png,figure,no_generated_output
analysis/ELSA/figures/damage_repair_calibration_loglog/ELSA_SHARED/S5_S6/repair/disease/cal_DIABE.png,figure,no_generated_output
analysis/ELSA/figures/damage_repair_calibration_loglog/ELSA_SHARED/S5_S6/repair/disease/cal_HEARTE.png,figure,no_generated_output
analysis/ELSA/figures/damage_repair_calibration_loglog/ELSA_SHARED/S5_S6/repair/disease/cal_HIBPE.png,figure,no_generated_output
analysis/ELSA/figures/damage_repair_calibration_loglog/ELSA_SHARED/S5_S6/repair/disease/cal_LUNGE.png,figure,no_generated_output
analysis/ELSA/figures/damage_repair_calibration_loglog/ELSA_SHARED/S5_S6/repair/disease/cal_POOLED_disease.png,figure,no_generated_output
analysis/ELSA/figures/damage_repair_calibration_loglog/ELSA_SHARED/S5_S6/repair/disease/cal_STROKE.png,figure,no_generated_output
analysis/ELSA/figures/damage_repair_calibration_loglog/ELSA_SHARED/S6_S7/damage/adl/cal_ARMSA.png,figure,no_generated_output
analysis/ELSA/figures/damage_repair_calibration_loglog/ELSA_SHARED/S6_S7/damage/adl/cal_BATHA.png,figure,no_generated_output
analysis/ELSA/figures/damage_repair_calibration_loglog/ELSA_SHARED/S6_S7/damage/adl/cal_BEDA.png,figure,no_generated_output
analysis/ELSA/figures/damage_repair_calibration_loglog/ELSA_SHARED/S6_S7/damage/adl/cal_CHAIRA.png,figure,no_generated_output
analysis/ELSA/figures/damage_repair_calibration_loglog/ELSA_SHARED/S6_S7/damage/adl/cal_CLIM1A.png,figure,no_generated_output
analysis/ELSA/figures/damage_repair_calibration_loglog/ELSA_SHARED/S6_S7/damage/adl/cal_CLIMSA.png,figure,no_generated_output
analysis/ELSA/figures/damage_repair_calibration_loglog/ELSA_SHARED/S6_S7/damage/adl/cal_DIMEA.png,figure,no_generated_output
analysis/ELSA/figures/damage_repair_calibration_loglog/ELSA_SHARED/S6_S7/damage/adl/cal_DRESSA.png,figure,no_generated_output
analysis/ELSA/figures/damage_repair_calibration_loglog/ELSA_SHARED/S6_S7/damage/adl/cal_EATA.png,figure,no_generated_output
analysis/ELSA/figures/damage_repair_calibration_loglog/ELSA_SHARED/S6_S7/damage/adl/cal_LIFTA.png,figure,no_generated_output
analysis/ELSA/figures/damage_repair_calibration_loglog/ELSA_SHARED/S6_S7/damage/adl/cal_MONEYA.png,figure,no_generated_output
analysis/ELSA/figures/damage_repair_calibration_loglog/ELSA_SHARED/S6_S7/damage/adl/cal_PHONEA.png,figure,no_generated_output
analysis/ELSA/figures/damage_repair_calibration_loglog/ELSA_SHARED/S6_S7/damage/adl/cal_POOLED_adl.png,figure,no_generated_output
analysis/ELSA/figures/damage_repair_calibration_loglog/ELSA_SHARED/S6_S7/damage/adl/cal_PUSHA.png,figure,no_generated_output
analysis/ELSA/figures/damage_repair_calibration_loglog/ELSA_SHARED/S6_S7/damage/adl/cal_SHOPA.png,figure,no_generated_output
analysis/ELSA/figures/damage_repair_calibration_loglog/ELSA_SHARED/S6_S7/damage/adl/cal_STOOPA.png,figure,no_generated_output
analysis/ELSA/figures/damage_repair_calibration_loglog/ELSA_SHARED/S6_S7/damage/adl/cal_TOILTA.png,figure,no_generated_output
analysis/ELSA/figures/damage_repair_calibration_loglog/ELSA_SHARED/S6_S7/damage/adl/cal_WALKRA.png,figure,no_generated_output
analysis/ELSA/figures/damage_repair_calibration_loglog/ELSA_SHARED/S6_S7/damage/disease/cal_ARTHRE.png,figure,no_generated_output
analysis/ELSA/figures/damage_repair_calibration_loglog/ELSA_SHARED/S6_S7/damage/disease/cal_CANCRE.png,figure,no_generated_output
analysis/ELSA/figures/damage_repair_calibration_loglog/ELSA_SHARED/S6_S7/damage/disease/cal_DIABE.png,figure,no_generated_output
analysis/ELSA/figures/damage_repair_calibration_loglog/ELSA_SHARED/S6_S7/damage/disease/cal_HEARTE.png,figure,no_generated_output
analysis/ELSA/figures/damage_repair_calibration_loglog/ELSA_SHARED/S6_S7/damage/disease/cal_HIBPE.png,figure,no_generated_output
analysis/ELSA/figures/damage_repair_calibration_loglog/ELSA_SHARED/S6_S7/damage/disease/cal_LUNGE.png,figure,no_generated_output
analysis/ELSA/figures/damage_repair_calibration_loglog/ELSA_SHARED/S6_S7/damage/disease/cal_POOLED_disease.png,figure,no_generated_output
analysis/ELSA/figures/damage_repair_calibration_loglog/ELSA_SHARED/S6_S7/damage/disease/cal_STROKE.png,figure,no_generated_output
analysis/ELSA/figures/damage_repair_calibration_loglog/ELSA_SHARED/S6_S7/repair/adl/cal_ARMSA.png,figure,no_generated_output
analysis/ELSA/figures/damage_repair_calibration_loglog/ELSA_SHARED/S6_S7/repair/adl/cal_BATHA.png,figure,no_generated_output
analysis/ELSA/figures/damage_repair_calibration_loglog/ELSA_SHARED/S6_S7/repair/adl/cal_BEDA.png,figure,no_generated_output
analysis/ELSA/figures/damage_repair_calibration_loglog/ELSA_SHARED/S6_S7/repair/adl/cal_CHAIRA.png,figure,no_generated_output
analysis/ELSA/figures/damage_repair_calibration_loglog/ELSA_SHARED/S6_S7/repair/adl/cal_CLIM1A.png,figure,no_generated_output
analysis/ELSA/figures/damage_repair_calibration_loglog/ELSA_SHARED/S6_S7/repair/adl/cal_CLIMSA.png,figure,no_generated_output
analysis/ELSA/figures/damage_repair_calibration_loglog/ELSA_SHARED/S6_S7/repair/adl/cal_DIMEA.png,figure,no_generated_output
analysis/ELSA/figures/damage_repair_calibration_loglog/ELSA_SHARED/S6_S7/repair/adl/cal_DRESSA.png,figure,no_generated_output
analysis/ELSA/figures/damage_repair_calibration_loglog/ELSA_SHARED/S6_S7/repair/adl/cal_LIFTA.png,figure,no_generated_output
analysis/ELSA/figures/damage_repair_calibration_loglog/ELSA_SHARED/S6_S7/repair/adl/cal_MONEYA.png,figure,no_generated_output
analysis/ELSA/figures/damage_repair_calibration_loglog/ELSA_SHARED/S6_S7/repair/adl/cal_POOLED_adl.png,figure,no_generated_output
analysis/ELSA/figures/damage_repair_calibration_loglog/ELSA_SHARED/S6_S7/repair/adl/cal_PUSHA.png,figure,no_generated_output
analysis/ELSA/figures/damage_repair_calibration_loglog/ELSA_SHARED/S6_S7/repair/adl/cal_SHOPA.png,figure,no_generated_output
analysis/ELSA/figures/damage_repair_calibration_loglog/ELSA_SHARED/S6_S7/repair/adl/cal_STOOPA.png,figure,no_generated_output
analysis/ELSA/figures/damage_repair_calibration_loglog/ELSA_SHARED/S6_S7/repair/adl/cal_TOILTA.png,figure,no_generated_output
analysis/ELSA/figures/damage_repair_calibration_loglog/ELSA_SHARED/S6_S7/repair/adl/cal_WALKRA.png,figure,no_generated_output
analysis/ELSA/figures/damage_repair_calibration_loglog/ELSA_SHARED/S6_S7/repair/disease/cal_ARTHRE.png,figure,no_generated_output
analysis/ELSA/figures/damage_repair_calibration_loglog/ELSA_SHARED/S6_S7/repair/disease/cal_CANCRE.png,figure,no_generated_output
analysis/ELSA/figures/damage_repair_calibration_loglog/ELSA_SHARED/S6_S7/repair/disease/cal_DIABE.png,figure,no_generated_output
analysis/ELSA/figures/damage_repair_calibration_loglog/ELSA_SHARED/S6_S7/repair/disease/cal_HEARTE.png,figure,no_generated_output
analysis/ELSA/figures/damage_repair_calibration_loglog/ELSA_SHARED/S6_S7/repair/disease/cal_HIBPE.png,figure,no_generated_output
analysis/ELSA/figures/damage_repair_calibration_loglog/ELSA_SHARED/S6_S7/repair/disease/cal_LUNGE.png,figure,no_generated_output
analysis/ELSA/figures/damage_repair_calibration_loglog/ELSA_SHARED/S6_S7/repair/disease/cal_POOLED_disease.png,figure,no_generated_output
analysis/ELSA/figures/damage_repair_calibration_loglog/ELSA_SHARED/S6_S7/repair/disease/cal_STROKE.png,figure,no_generated_output
analysis/ELSA/figures/damage_repair_calibration_loglog/ELSA_SHARED/S7_S8/damage/adl/cal_ARMSA.png,figure,no_generated_output
analysis/ELSA/figures/damage_repair_calibration_loglog/ELSA_SHARED/S7_S8/damage/adl/cal_BATHA.png,figure,no_generated_output
analysis/ELSA/figures/damage_repair_calibration_loglog/ELSA_SHARED/S7_S8/damage/adl/cal_BEDA.png,figure,no_generated_output
analysis/ELSA/figures/damage_repair_calibration_loglog/ELSA_SHARED/S7_S8/damage/adl/cal_CHAIRA.png,figure,no_generated_output
analysis/ELSA/figures/damage_repair_calibration_loglog/ELSA_SHARED/S7_S8/damage/adl/cal_CLIM1A.png,figure,no_generated_output
analysis/ELSA/figures/damage_repair_calibration_loglog/ELSA_SHARED/S7_S8/damage/adl/cal_CLIMSA.png,figure,no_generated_output
analysis/ELSA/figures/damage_repair_calibration_loglog/ELSA_SHARED/S7_S8/damage/adl/cal_DIMEA.png,figure,no_generated_output
analysis/ELSA/figures/damage_repair_calibration_loglog/ELSA_SHARED/S7_S8/damage/adl/cal_DRESSA.png,figure,no_generated_output
analysis/ELSA/figures/damage_repair_calibration_loglog/ELSA_SHARED/S7_S8/damage/adl/cal_EATA.png,figure,no_generated_output
analysis/ELSA/figures/damage_repair_calibration_loglog/ELSA_SHARED/S7_S8/damage/adl/cal_LIFTA.png,figure,no_generated_output
analysis/ELSA/figures/damage_repair_calibration_loglog/ELSA_SHARED/S7_S8/damage/adl/cal_MONEYA.png,figure,no_generated_output
analysis/ELSA/figures/damage_repair_calibration_loglog/ELSA_SHARED/S7_S8/damage/adl/cal_PHONEA.png,figure,no_generated_output
analysis/ELSA/figures/damage_repair_calibration_loglog/ELSA_SHARED/S7_S8/damage/adl/cal_POOLED_adl.png,figure,no_generated_output
analysis/ELSA/figures/damage_repair_calibration_loglog/ELSA_SHARED/S7_S8/damage/adl/cal_PUSHA.png,figure,no_generated_output
analysis/ELSA/figures/damage_repair_calibration_loglog/ELSA_SHARED/S7_S8/damage/adl/cal_SHOPA.png,figure,no_generated_output
analysis/ELSA/figures/damage_repair_calibration_loglog/ELSA_SHARED/S7_S8/damage/adl/cal_STOOPA.png,figure,no_generated_output
analysis/ELSA/figures/damage_repair_calibration_loglog/ELSA_SHARED/S7_S8/damage/adl/cal_TOILTA.png,figure,no_generated_output
analysis/ELSA/figures/damage_repair_calibration_loglog/ELSA_SHARED/S7_S8/damage/adl/cal_WALKRA.png,figure,no_generated_output
analysis/ELSA/figures/damage_repair_calibration_loglog/ELSA_SHARED/S7_S8/damage/disease/cal_ARTHRE.png,figure,no_generated_output
analysis/ELSA/figures/damage_repair_calibration_loglog/ELSA_SHARED/S7_S8/damage/disease/cal_CANCRE.png,figure,no_generated_output
analysis/ELSA/figures/damage_repair_calibration_loglog/ELSA_SHARED/S7_S8/damage/disease/cal_DIABE.png,figure,no_generated_output
analysis/ELSA/figures/damage_repair_calibration_loglog/ELSA_SHARED/S7_S8/damage/disease/cal_HEARTE.png,figure,no_generated_output
analysis/ELSA/figures/damage_repair_calibration_loglog/ELSA_SHARED/S7_S8/damage/disease/cal_HIBPE.png,figure,no_generated_output
analysis/ELSA/figures/damage_repair_calibration_loglog/ELSA_SHARED/S7_S8/damage/disease/cal_LUNGE.png,figure,no_generated_output
analysis/ELSA/figures/damage_repair_calibration_loglog/ELSA_SHARED/S7_S8/damage/disease/cal_POOLED_disease.png,figure,no_generated_output
analysis/ELSA/figures/damage_repair_calibration_loglog/ELSA_SHARED/S7_S8/damage/disease/cal_STROKE.png,figure,no_generated_output
analysis/ELSA/figures/damage_repair_calibration_loglog/ELSA_SHARED/S7_S8/repair/adl/cal_ARMSA.png,figure,no_generated_output
analysis/ELSA/figures/damage_repair_calibration_loglog/ELSA_SHARED/S7_S8/repair/adl/cal_BATHA.png,figure,no_generated_output
analysis/ELSA/figures/damage_repair_calibration_loglog/ELSA_SHARED/S7_S8/repair/adl/cal_BEDA.png,figure,no_generated_output
analysis/ELSA/figures/damage_repair_calibration_loglog/ELSA_SHARED/S7_S8/repair/adl/cal_CHAIRA.png,figure,no_generated_output
analysis/ELSA/figures/damage_repair_calibration_loglog/ELSA_SHARED/S7_S8/repair/adl/cal_CLIM1A.png,figure,no_generated_output
analysis/ELSA/figures/damage_repair_calibration_loglog/ELSA_SHARED/S7_S8/repair/adl/cal_CLIMSA.png,figure,no_generated_output
analysis/ELSA/figures/damage_repair_calibration_loglog/ELSA_SHARED/S7_S8/repair/adl/cal_DIMEA.png,figure,no_generated_output
analysis/ELSA/figures/damage_repair_calibration_loglog/ELSA_SHARED/S7_S8/repair/adl/cal_DRESSA.png,figure,no_generated_output
analysis/ELSA/figures/damage_repair_calibration_loglog/ELSA_SHARED/S7_S8/repair/adl/cal_LIFTA.png,figure,no_generated_output
analysis/ELSA/figures/damage_repair_calibration_loglog/ELSA_SHARED/S7_S8/repair/adl/cal_POOLED_adl.png,figure,no_generated_output
analysis/ELSA/figures/damage_repair_calibration_loglog/ELSA_SHARED/S7_S8/repair/adl/cal_PUSHA.png,figure,no_generated_output
analysis/ELSA/figures/damage_repair_calibration_loglog/ELSA_SHARED/S7_S8/repair/adl/cal_SHOPA.png,figure,no_generated_output
analysis/ELSA/figures/damage_repair_calibration_loglog/ELSA_SHARED/S7_S8/repair/adl/cal_STOOPA.png,figure,no_generated_output
analysis/ELSA/figures/damage_repair_calibration_loglog/ELSA_SHARED/S7_S8/repair/adl/cal_TOILTA.png,figure,no_generated_output
analysis/ELSA/figures/damage_repair_calibration_loglog/ELSA_SHARED/S7_S8/repair/adl/cal_WALKRA.png,figure,no_generated_output
analysis/ELSA/figures/damage_repair_calibration_loglog/ELSA_SHARED/S7_S8/repair/disease/cal_ARTHRE.png,figure,no_generated_output
analysis/ELSA/figures/damage_repair_calibration_loglog/ELSA_SHARED/S7_S8/repair/disease/cal_CANCRE.png,figure,no_generated_output
analysis/ELSA/figures/damage_repair_calibration_loglog/ELSA_SHARED/S7_S8/repair/disease/cal_DIABE.png,figure,no_generated_output
analysis/ELSA/figures/damage_repair_calibration_loglog/ELSA_SHARED/S7_S8/repair/disease/cal_HIBPE.png,figure,no_generated_output
analysis/ELSA/figures/damage_repair_calibration_loglog/ELSA_SHARED/S7_S8/repair/disease/cal_LUNGE.png,figure,no_generated_output
analysis/ELSA/figures/damage_repair_calibration_loglog/ELSA_SHARED/S7_S8/repair/disease/cal_POOLED_disease.png,figure,no_generated_output
analysis/ELSA/figures/damage_repair_calibration_loglog/ELSA_SHARED/S7_S8/repair/disease/cal_STROKE.png,figure,no_generated_output
analysis/ELSA/figures/damage_repair_calibration_loglog/ELSA_SHARED/S8_S9/damage/adl/cal_ARMSA.png,figure,no_generated_output
analysis/ELSA/figures/damage_repair_calibration_loglog/ELSA_SHARED/S8_S9/damage/adl/cal_BATHA.png,figure,no_generated_output
analysis/ELSA/figures/damage_repair_calibration_loglog/ELSA_SHARED/S8_S9/damage/adl/cal_BEDA.png,figure,no_generated_output
analysis/ELSA/figures/damage_repair_calibration_loglog/ELSA_SHARED/S8_S9/damage/adl/cal_CHAIRA.png,figure,no_generated_output
analysis/ELSA/figures/damage_repair_calibration_loglog/ELSA_SHARED/S8_S9/damage/adl/cal_CLIM1A.png,figure,no_generated_output
analysis/ELSA/figures/damage_repair_calibration_loglog/ELSA_SHARED/S8_S9/damage/adl/cal_CLIMSA.png,figure,no_generated_output
analysis/ELSA/figures/damage_repair_calibration_loglog/ELSA_SHARED/S8_S9/damage/adl/cal_DIMEA.png,figure,no_generated_output
analysis/ELSA/figures/damage_repair_calibration_loglog/ELSA_SHARED/S8_S9/damage/adl/cal_DRESSA.png,figure,no_generated_output
analysis/ELSA/figures/damage_repair_calibration_loglog/ELSA_SHARED/S8_S9/damage/adl/cal_EATA.png,figure,no_generated_output
analysis/ELSA/figures/damage_repair_calibration_loglog/ELSA_SHARED/S8_S9/damage/adl/cal_LIFTA.png,figure,no_generated_output
analysis/ELSA/figures/damage_repair_calibration_loglog/ELSA_SHARED/S8_S9/damage/adl/cal_MONEYA.png,figure,no_generated_output
analysis/ELSA/figures/damage_repair_calibration_loglog/ELSA_SHARED/S8_S9/damage/adl/cal_PHONEA.png,figure,no_generated_output
analysis/ELSA/figures/damage_repair_calibration_loglog/ELSA_SHARED/S8_S9/damage/adl/cal_POOLED_adl.png,figure,no_generated_output
analysis/ELSA/figures/damage_repair_calibration_loglog/ELSA_SHARED/S8_S9/damage/adl/cal_PUSHA.png,figure,no_generated_output
analysis/ELSA/figures/damage_repair_calibration_loglog/ELSA_SHARED/S8_S9/damage/adl/cal_SHOPA.png,figure,no_generated_output
analysis/ELSA/figures/damage_repair_calibration_loglog/ELSA_SHARED/S8_S9/damage/adl/cal_STOOPA.png,figure,no_generated_output
analysis/ELSA/figures/damage_repair_calibration_loglog/ELSA_SHARED/S8_S9/damage/adl/cal_TOILTA.png,figure,no_generated_output
analysis/ELSA/figures/damage_repair_calibration_loglog/ELSA_SHARED/S8_S9/damage/adl/cal_WALKRA.png,figure,no_generated_output
analysis/ELSA/figures/damage_repair_calibration_loglog/ELSA_SHARED/S8_S9/damage/disease/cal_ARTHRE.png,figure,no_generated_output
analysis/ELSA/figures/damage_repair_calibration_loglog/ELSA_SHARED/S8_S9/damage/disease/cal_CANCRE.png,figure,no_generated_output
analysis/ELSA/figures/damage_repair_calibration_loglog/ELSA_SHARED/S8_S9/damage/disease/cal_DIABE.png,figure,no_generated_output
analysis/ELSA/figures/damage_repair_calibration_loglog/ELSA_SHARED/S8_S9/damage/disease/cal_HEARTE.png,figure,no_generated_output
analysis/ELSA/figures/damage_repair_calibration_loglog/ELSA_SHARED/S8_S9/damage/disease/cal_HIBPE.png,figure,no_generated_output
analysis/ELSA/figures/damage_repair_calibration_loglog/ELSA_SHARED/S8_S9/damage/disease/cal_LUNGE.png,figure,no_generated_output
analysis/ELSA/figures/damage_repair_calibration_loglog/ELSA_SHARED/S8_S9/damage/disease/cal_POOLED_disease.png,figure,no_generated_output
analysis/ELSA/figures/damage_repair_calibration_loglog/ELSA_SHARED/S8_S9/damage/disease/cal_STROKE.png,figure,no_generated_output
analysis/ELSA/figures/damage_repair_calibration_loglog/ELSA_SHARED/S8_S9/repair/adl/cal_ARMSA.png,figure,no_generated_output
analysis/ELSA/figures/damage_repair_calibration_loglog/ELSA_SHARED/S8_S9/repair/adl/cal_BATHA.png,figure,no_generated_output
analysis/ELSA/figures/damage_repair_calibration_loglog/ELSA_SHARED/S8_S9/repair/adl/cal_BEDA.png,figure,no_generated_output
analysis/ELSA/figures/damage_repair_calibration_loglog/ELSA_SHARED/S8_S9/repair/adl/cal_CHAIRA.png,figure,no_generated_output
analysis/ELSA/figures/damage_repair_calibration_loglog/ELSA_SHARED/S8_S9/repair/adl/cal_CLIM1A.png,figure,no_generated_output
analysis/ELSA/figures/damage_repair_calibration_loglog/ELSA_SHARED/S8_S9/repair/adl/cal_CLIMSA.png,figure,no_generated_output
analysis/ELSA/figures/damage_repair_calibration_loglog/ELSA_SHARED/S8_S9/repair/adl/cal_DIMEA.png,figure,no_generated_output
analysis/ELSA/figures/damage_repair_calibration_loglog/ELSA_SHARED/S8_S9/repair/adl/cal_DRESSA.png,figure,no_generated_output
analysis/ELSA/figures/damage_repair_calibration_loglog/ELSA_SHARED/S8_S9/repair/adl/cal_LIFTA.png,figure,no_generated_output
analysis/ELSA/figures/damage_repair_calibration_loglog/ELSA_SHARED/S8_S9/repair/adl/cal_POOLED_adl.png,figure,no_generated_output
analysis/ELSA/figures/damage_repair_calibration_loglog/ELSA_SHARED/S8_S9/repair/adl/cal_PUSHA.png,figure,no_generated_output
analysis/ELSA/figures/damage_repair_calibration_loglog/ELSA_SHARED/S8_S9/repair/adl/cal_SHOPA.png,figure,no_generated_output
analysis/ELSA/figures/damage_repair_calibration_loglog/ELSA_SHARED/S8_S9/repair/adl/cal_STOOPA.png,figure,no_generated_output
analysis/ELSA/figures/damage_repair_calibration_loglog/ELSA_SHARED/S8_S9/repair/adl/cal_TOILTA.png,figure,no_generated_output
analysis/ELSA/figures/damage_repair_calibration_loglog/ELSA_SHARED/S8_S9/repair/disease/cal_ARTHRE.png,figure,no_generated_output
analysis/ELSA/figures/damage_repair_calibration_loglog/ELSA_SHARED/S8_S9/repair/disease/cal_CANCRE.png,figure,no_generated_output
analysis/ELSA/figures/damage_repair_calibration_loglog/ELSA_SHARED/S8_S9/repair/disease/cal_DIABE.png,figure,no_generated_output
analysis/ELSA/figures/damage_repair_calibration_loglog/ELSA_SHARED/S8_S9/repair/disease/cal_HIBPE.png,figure,no_generated_output
analysis/ELSA/figures/damage_repair_calibration_loglog/ELSA_SHARED/S8_S9/repair/disease/cal_LUNGE.png,figure,no_generated_output
analysis/ELSA/figures/damage_repair_calibration_loglog/ELSA_SHARED/S8_S9/repair/disease/cal_POOLED_disease.png,figure,no_generated_output
analysis/ELSA/figures/damage_repair_calibration_loglog/ELSA_SHARED/S8_S9/repair/disease/cal_STROKE.png,figure,no_generated_output
analysis/ELSA/figures/damage_repair_calibration_loglog/MNAR_Pmm/S1_S2/damage/adl/cal_ARMSA.png,figure,no_generated_output
analysis/ELSA/figures/damage_repair_calibration_loglog/MNAR_Pmm/S1_S2/damage/adl/cal_BATHA.png,figure,no_generated_output
analysis/ELSA/figures/damage_repair_calibration_loglog/MNAR_Pmm/S1_S2/damage/adl/cal_BEDA.png,figure,no_generated_output
analysis/ELSA/figures/damage_repair_calibration_loglog/MNAR_Pmm/S1_S2/damage/adl/cal_CHAIRA.png,figure,no_generated_output
analysis/ELSA/figures/damage_repair_calibration_loglog/MNAR_Pmm/S1_S2/damage/adl/cal_CLIM1A.png,figure,no_generated_output
analysis/ELSA/figures/damage_repair_calibration_loglog/MNAR_Pmm/S1_S2/damage/adl/cal_CLIMSA.png,figure,no_generated_output
analysis/ELSA/figures/damage_repair_calibration_loglog/MNAR_Pmm/S1_S2/damage/adl/cal_COMMUNA.png,figure,no_generated_output
analysis/ELSA/figures/damage_repair_calibration_loglog/MNAR_Pmm/S1_S2/damage/adl/cal_DANGERA.png,figure,no_generated_output
analysis/ELSA/figures/damage_repair_calibration_loglog/MNAR_Pmm/S1_S2/damage/adl/cal_DIMEA.png,figure,no_generated_output
analysis/ELSA/figures/damage_repair_calibration_loglog/MNAR_Pmm/S1_S2/damage/adl/cal_DRESSA.png,figure,no_generated_output
analysis/ELSA/figures/damage_repair_calibration_loglog/MNAR_Pmm/S1_S2/damage/adl/cal_EATA.png,figure,no_generated_output
analysis/ELSA/figures/damage_repair_calibration_loglog/MNAR_Pmm/S1_S2/damage/adl/cal_HOUSEWKA.png,figure,no_generated_output
analysis/ELSA/figures/damage_repair_calibration_loglog/MNAR_Pmm/S1_S2/damage/adl/cal_LIFTA.png,figure,no_generated_output
analysis/ELSA/figures/damage_repair_calibration_loglog/MNAR_Pmm/S1_S2/damage/adl/cal_MAPA.png,figure,no_generated_output
analysis/ELSA/figures/damage_repair_calibration_loglog/MNAR_Pmm/S1_S2/damage/adl/cal_MEALSA.png,figure,no_generated_output
analysis/ELSA/figures/damage_repair_calibration_loglog/MNAR_Pmm/S1_S2/damage/adl/cal_MEDSA.png,figure,no_generated_output
analysis/ELSA/figures/damage_repair_calibration_loglog/MNAR_Pmm/S1_S2/damage/adl/cal_MONEYA.png,figure,no_generated_output
analysis/ELSA/figures/damage_repair_calibration_loglog/MNAR_Pmm/S1_S2/damage/adl/cal_PHONEA.png,figure,no_generated_output
analysis/ELSA/figures/damage_repair_calibration_loglog/MNAR_Pmm/S1_S2/damage/adl/cal_POOLED_adl.png,figure,no_generated_output
analysis/ELSA/figures/damage_repair_calibration_loglog/MNAR_Pmm/S1_S2/damage/adl/cal_PUSHA.png,figure,no_generated_output
analysis/ELSA/figures/damage_repair_calibration_loglog/MNAR_Pmm/S1_S2/damage/adl/cal_SHOPA.png,figure,no_generated_output
analysis/ELSA/figures/damage_repair_calibration_loglog/MNAR_Pmm/S1_S2/damage/adl/cal_SITA.png,figure,no_generated_output
analysis/ELSA/figures/damage_repair_calibration_loglog/MNAR_Pmm/S1_S2/damage/adl/cal_STOOPA.png,figure,no_generated_output
analysis/ELSA/figures/damage_repair_calibration_loglog/MNAR_Pmm/S1_S2/damage/adl/cal_TOILTA.png,figure,no_generated_output
analysis/ELSA/figures/damage_repair_calibration_loglog/MNAR_Pmm/S1_S2/damage/adl/cal_WALK100A.png,figure,no_generated_output
analysis/ELSA/figures/damage_repair_calibration_loglog/MNAR_Pmm/S1_S2/damage/adl/cal_WALKRA.png,figure,no_generated_output
analysis/ELSA/figures/damage_repair_calibration_loglog/MNAR_Pmm/S1_S2/damage/disease/cal_ANGINE.png,figure,no_generated_output
analysis/ELSA/figures/damage_repair_calibration_loglog/MNAR_Pmm/S1_S2/damage/disease/cal_ARTHRE.png,figure,no_generated_output
analysis/ELSA/figures/damage_repair_calibration_loglog/MNAR_Pmm/S1_S2/damage/disease/cal_ASTHMAE.png,figure,no_generated_output
analysis/ELSA/figures/damage_repair_calibration_loglog/MNAR_Pmm/S1_S2/damage/disease/cal_CANCRE.png,figure,no_generated_output
analysis/ELSA/figures/damage_repair_calibration_loglog/MNAR_Pmm/S1_S2/damage/disease/cal_CATRACTE.png,figure,no_generated_output
analysis/ELSA/figures/damage_repair_calibration_loglog/MNAR_Pmm/S1_S2/damage/disease/cal_CONHRTFE.png,figure,no_generated_output
analysis/ELSA/figures/damage_repair_calibration_loglog/MNAR_Pmm/S1_S2/damage/disease/cal_DIABE.png,figure,no_generated_output
analysis/ELSA/figures/damage_repair_calibration_loglog/MNAR_Pmm/S1_S2/damage/disease/cal_HCHOLE.png,figure,no_generated_output
analysis/ELSA/figures/damage_repair_calibration_loglog/MNAR_Pmm/S1_S2/damage/disease/cal_HEARTE.png,figure,no_generated_output
analysis/ELSA/figures/damage_repair_calibration_loglog/MNAR_Pmm/S1_S2/damage/disease/cal_HIBPE.png,figure,no_generated_output
analysis/ELSA/figures/damage_repair_calibration_loglog/MNAR_Pmm/S1_S2/damage/disease/cal_HIPE.png,figure,no_generated_output
analysis/ELSA/figures/damage_repair_calibration_loglog/MNAR_Pmm/S1_S2/damage/disease/cal_HRTATTE.png,figure,no_generated_output
analysis/ELSA/figures/damage_repair_calibration_loglog/MNAR_Pmm/S1_S2/damage/disease/cal_HRTMRE.png,figure,no_generated_output
analysis/ELSA/figures/damage_repair_calibration_loglog/MNAR_Pmm/S1_S2/damage/disease/cal_HRTRHME.png,figure,no_generated_output
analysis/ELSA/figures/damage_repair_calibration_loglog/MNAR_Pmm/S1_S2/damage/disease/cal_LUNGE.png,figure,no_generated_output
analysis/ELSA/figures/damage_repair_calibration_loglog/MNAR_Pmm/S1_S2/damage/disease/cal_OSTEOE.png,figure,no_generated_output
analysis/ELSA/figures/damage_repair_calibration_loglog/MNAR_Pmm/S1_S2/damage/disease/cal_PARKINE.png,figure,no_generated_output
analysis/ELSA/figures/damage_repair_calibration_loglog/MNAR_Pmm/S1_S2/damage/disease/cal_POOLED_disease.png,figure,no_generated_output
analysis/ELSA/figures/damage_repair_calibration_loglog/MNAR_Pmm/S1_S2/damage/disease/cal_PSYCHE.png,figure,no_generated_output
analysis/ELSA/figures/damage_repair_calibration_loglog/MNAR_Pmm/S1_S2/damage/disease/cal_STROKE.png,figure,no_generated_output
analysis/ELSA/figures/damage_repair_calibration_loglog/MNAR_Pmm/S1_S2/repair/adl/cal_ARMSA.png,figure,no_generated_output
analysis/ELSA/figures/damage_repair_calibration_loglog/MNAR_Pmm/S1_S2/repair/adl/cal_BATHA.png,figure,no_generated_output
analysis/ELSA/figures/damage_repair_calibration_loglog/MNAR_Pmm/S1_S2/repair/adl/cal_CHAIRA.png,figure,no_generated_output
analysis/ELSA/figures/damage_repair_calibration_loglog/MNAR_Pmm/S1_S2/repair/adl/cal_CLIM1A.png,figure,no_generated_output
analysis/ELSA/figures/damage_repair_calibration_loglog/MNAR_Pmm/S1_S2/repair/adl/cal_CLIMSA.png,figure,no_generated_output
analysis/ELSA/figures/damage_repair_calibration_loglog/MNAR_Pmm/S1_S2/repair/adl/cal_DIMEA.png,figure,no_generated_output
analysis/ELSA/figures/damage_repair_calibration_loglog/MNAR_Pmm/S1_S2/repair/adl/cal_DRESSA.png,figure,no_generated_output
analysis/ELSA/figures/damage_repair_calibration_loglog/MNAR_Pmm/S1_S2/repair/adl/cal_HOUSEWKA.png,figure,no_generated_output
analysis/ELSA/figures/damage_repair_calibration_loglog/MNAR_Pmm/S1_S2/repair/adl/cal_LIFTA.png,figure,no_generated_output
analysis/ELSA/figures/damage_repair_calibration_loglog/MNAR_Pmm/S1_S2/repair/adl/cal_MAPA.png,figure,no_generated_output
analysis/ELSA/figures/damage_repair_calibration_loglog/MNAR_Pmm/S1_S2/repair/adl/cal_MEALSA.png,figure,no_generated_output
analysis/ELSA/figures/damage_repair_calibration_loglog/MNAR_Pmm/S1_S2/repair/adl/cal_POOLED_adl.png,figure,no_generated_output
analysis/ELSA/figures/damage_repair_calibration_loglog/MNAR_Pmm/S1_S2/repair/adl/cal_PUSHA.png,figure,no_generated_output
analysis/ELSA/figures/damage_repair_calibration_loglog/MNAR_Pmm/S1_S2/repair/adl/cal_SHOPA.png,figure,no_generated_output
analysis/ELSA/figures/damage_repair_calibration_loglog/MNAR_Pmm/S1_S2/repair/adl/cal_SITA.png,figure,no_generated_output
analysis/ELSA/figures/damage_repair_calibration_loglog/MNAR_Pmm/S1_S2/repair/adl/cal_STOOPA.png,figure,no_generated_output
analysis/ELSA/figures/damage_repair_calibration_loglog/MNAR_Pmm/S1_S2/repair/adl/cal_TOILTA.png,figure,no_generated_output
analysis/ELSA/figures/damage_repair_calibration_loglog/MNAR_Pmm/S1_S2/repair/adl/cal_WALK100A.png,figure,no_generated_output
analysis/ELSA/figures/damage_repair_calibration_loglog/MNAR_Pmm/S1_S2/repair/adl/cal_WALKRA.png,figure,no_generated_output
analysis/ELSA/figures/damage_repair_calibration_loglog/MNAR_Pmm/S1_S2/repair/disease/cal_ANGINE.png,figure,no_generated_output
analysis/ELSA/figures/damage_repair_calibration_loglog/MNAR_Pmm/S1_S2/repair/disease/cal_ARTHRE.png,figure,no_generated_output
analysis/ELSA/figures/damage_repair_calibration_loglog/MNAR_Pmm/S1_S2/repair/disease/cal_ASTHMAE.png,figure,no_generated_output
analysis/ELSA/figures/damage_repair_calibration_loglog/MNAR_Pmm/S1_S2/repair/disease/cal_CANCRE.png,figure,no_generated_output
analysis/ELSA/figures/damage_repair_calibration_loglog/MNAR_Pmm/S1_S2/repair/disease/cal_CATRACTE.png,figure,no_generated_output
analysis/ELSA/figures/damage_repair_calibration_loglog/MNAR_Pmm/S1_S2/repair/disease/cal_DIABE.png,figure,no_generated_output
analysis/ELSA/figures/damage_repair_calibration_loglog/MNAR_Pmm/S1_S2/repair/disease/cal_HIBPE.png,figure,no_generated_output
analysis/ELSA/figures/damage_repair_calibration_loglog/MNAR_Pmm/S1_S2/repair/disease/cal_HRTMRE.png,figure,no_generated_output
analysis/ELSA/figures/damage_repair_calibration_loglog/MNAR_Pmm/S1_S2/repair/disease/cal_HRTRHME.png,figure,no_generated_output
analysis/ELSA/figures/damage_repair_calibration_loglog/MNAR_Pmm/S1_S2/repair/disease/cal_LUNGE.png,figure,no_generated_output
analysis/ELSA/figures/damage_repair_calibration_loglog/MNAR_Pmm/S1_S2/repair/disease/cal_OSTEOE.png,figure,no_generated_output
analysis/ELSA/figures/damage_repair_calibration_loglog/MNAR_Pmm/S1_S2/repair/disease/cal_POOLED_disease.png,figure,no_generated_output
analysis/ELSA/figures/damage_repair_calibration_loglog/MNAR_Pmm/S1_S2/repair/disease/cal_PSYCHE.png,figure,no_generated_output
analysis/ELSA/figures/damage_repair_calibration_loglog/MNAR_Pmm/S1_S2/repair/disease/cal_STROKE.png,figure,no_generated_output
analysis/ELSA/figures/damage_repair_calibration_loglog/MNAR_Pmm/S2_S3/damage/adl/cal_ARMSA.png,figure,no_generated_output
analysis/ELSA/figures/damage_repair_calibration_loglog/MNAR_Pmm/S2_S3/damage/adl/cal_BATHA.png,figure,no_generated_output
analysis/ELSA/figures/damage_repair_calibration_loglog/MNAR_Pmm/S2_S3/damage/adl/cal_BEDA.png,figure,no_generated_output
analysis/ELSA/figures/damage_repair_calibration_loglog/MNAR_Pmm/S2_S3/damage/adl/cal_CHAIRA.png,figure,no_generated_output
analysis/ELSA/figures/damage_repair_calibration_loglog/MNAR_Pmm/S2_S3/damage/adl/cal_CLIM1A.png,figure,no_generated_output
analysis/ELSA/figures/damage_repair_calibration_loglog/MNAR_Pmm/S2_S3/damage/adl/cal_CLIMSA.png,figure,no_generated_output
analysis/ELSA/figures/damage_repair_calibration_loglog/MNAR_Pmm/S2_S3/damage/adl/cal_COMMUNA.png,figure,no_generated_output
analysis/ELSA/figures/damage_repair_calibration_loglog/MNAR_Pmm/S2_S3/damage/adl/cal_DANGERA.png,figure,no_generated_output
analysis/ELSA/figures/damage_repair_calibration_loglog/MNAR_Pmm/S2_S3/damage/adl/cal_DIMEA.png,figure,no_generated_output
analysis/ELSA/figures/damage_repair_calibration_loglog/MNAR_Pmm/S2_S3/damage/adl/cal_DRESSA.png,figure,no_generated_output
analysis/ELSA/figures/damage_repair_calibration_loglog/MNAR_Pmm/S2_S3/damage/adl/cal_EATA.png,figure,no_generated_output
analysis/ELSA/figures/damage_repair_calibration_loglog/MNAR_Pmm/S2_S3/damage/adl/cal_HOUSEWKA.png,figure,no_generated_output
analysis/ELSA/figures/damage_repair_calibration_loglog/MNAR_Pmm/S2_S3/damage/adl/cal_LIFTA.png,figure,no_generated_output
analysis/ELSA/figures/damage_repair_calibration_loglog/MNAR_Pmm/S2_S3/damage/adl/cal_MAPA.png,figure,no_generated_output
analysis/ELSA/figures/damage_repair_calibration_loglog/MNAR_Pmm/S2_S3/damage/adl/cal_MEALSA.png,figure,no_generated_output
analysis/ELSA/figures/damage_repair_calibration_loglog/MNAR_Pmm/S2_S3/damage/adl/cal_MEDSA.png,figure,no_generated_output
analysis/ELSA/figures/damage_repair_calibration_loglog/MNAR_Pmm/S2_S3/damage/adl/cal_MONEYA.png,figure,no_generated_output
analysis/ELSA/figures/damage_repair_calibration_loglog/MNAR_Pmm/S2_S3/damage/adl/cal_PHONEA.png,figure,no_generated_output
analysis/ELSA/figures/damage_repair_calibration_loglog/MNAR_Pmm/S2_S3/damage/adl/cal_POOLED_adl.png,figure,no_generated_output
analysis/ELSA/figures/damage_repair_calibration_loglog/MNAR_Pmm/S2_S3/damage/adl/cal_PUSHA.png,figure,no_generated_output
analysis/ELSA/figures/damage_repair_calibration_loglog/MNAR_Pmm/S2_S3/damage/adl/cal_SHOPA.png,figure,no_generated_output
analysis/ELSA/figures/damage_repair_calibration_loglog/MNAR_Pmm/S2_S3/damage/adl/cal_SITA.png,figure,no_generated_output
analysis/ELSA/figures/damage_repair_calibration_loglog/MNAR_Pmm/S2_S3/damage/adl/cal_STOOPA.png,figure,no_generated_output
analysis/ELSA/figures/damage_repair_calibration_loglog/MNAR_Pmm/S2_S3/damage/adl/cal_TOILTA.png,figure,no_generated_output
analysis/ELSA/figures/damage_repair_calibration_loglog/MNAR_Pmm/S2_S3/damage/adl/cal_WALK100A.png,figure,no_generated_output
analysis/ELSA/figures/damage_repair_calibration_loglog/MNAR_Pmm/S2_S3/damage/adl/cal_WALKRA.png,figure,no_generated_output
analysis/ELSA/figures/damage_repair_calibration_loglog/MNAR_Pmm/S2_S3/damage/disease/cal_ANGINE.png,figure,no_generated_output
analysis/ELSA/figures/damage_repair_calibration_loglog/MNAR_Pmm/S2_S3/damage/disease/cal_ARTHRE.png,figure,no_generated_output
analysis/ELSA/figures/damage_repair_calibration_loglog/MNAR_Pmm/S2_S3/damage/disease/cal_ASTHMAE.png,figure,no_generated_output
analysis/ELSA/figures/damage_repair_calibration_loglog/MNAR_Pmm/S2_S3/damage/disease/cal_CANCRE.png,figure,no_generated_output
analysis/ELSA/figures/damage_repair_calibration_loglog/MNAR_Pmm/S2_S3/damage/disease/cal_CATRACTE.png,figure,no_generated_output
analysis/ELSA/figures/damage_repair_calibration_loglog/MNAR_Pmm/S2_S3/damage/disease/cal_CONHRTFE.png,figure,no_generated_output
analysis/ELSA/figures/damage_repair_calibration_loglog/MNAR_Pmm/S2_S3/damage/disease/cal_DIABE.png,figure,no_generated_output
analysis/ELSA/figures/damage_repair_calibration_loglog/MNAR_Pmm/S2_S3/damage/disease/cal_HCHOLE.png,figure,no_generated_output
analysis/ELSA/figures/damage_repair_calibration_loglog/MNAR_Pmm/S2_S3/damage/disease/cal_HEARTE.png,figure,no_generated_output
analysis/ELSA/figures/damage_repair_calibration_loglog/MNAR_Pmm/S2_S3/damage/disease/cal_HIBPE.png,figure,no_generated_output
analysis/ELSA/figures/damage_repair_calibration_loglog/MNAR_Pmm/S2_S3/damage/disease/cal_HIPE.png,figure,no_generated_output
analysis/ELSA/figures/damage_repair_calibration_loglog/MNAR_Pmm/S2_S3/damage/disease/cal_HRTATTE.png,figure,no_generated_output
analysis/ELSA/figures/damage_repair_calibration_loglog/MNAR_Pmm/S2_S3/damage/disease/cal_HRTMRE.png,figure,no_generated_output
analysis/ELSA/figures/damage_repair_calibration_loglog/MNAR_Pmm/S2_S3/damage/disease/cal_HRTRHME.png,figure,no_generated_output
analysis/ELSA/figures/damage_repair_calibration_loglog/MNAR_Pmm/S2_S3/damage/disease/cal_LUNGE.png,figure,no_generated_output
analysis/ELSA/figures/damage_repair_calibration_loglog/MNAR_Pmm/S2_S3/damage/disease/cal_OSTEOE.png,figure,no_generated_output
analysis/ELSA/figures/damage_repair_calibration_loglog/MNAR_Pmm/S2_S3/damage/disease/cal_PARKINE.png,figure,no_generated_output
analysis/ELSA/figures/damage_repair_calibration_loglog/MNAR_Pmm/S2_S3/damage/disease/cal_POOLED_disease.png,figure,no_generated_output
analysis/ELSA/figures/damage_repair_calibration_loglog/MNAR_Pmm/S2_S3/damage/disease/cal_PSYCHE.png,figure,no_generated_output
analysis/ELSA/figures/damage_repair_calibration_loglog/MNAR_Pmm/S2_S3/damage/disease/cal_STROKE.png,figure,no_generated_output
analysis/ELSA/figures/damage_repair_calibration_loglog/MNAR_Pmm/S2_S3/repair/adl/cal_ARMSA.png,figure,no_generated_output
analysis/ELSA/figures/damage_repair_calibration_loglog/MNAR_Pmm/S2_S3/repair/adl/cal_BATHA.png,figure,no_generated_output
analysis/ELSA/figures/damage_repair_calibration_loglog/MNAR_Pmm/S2_S3/repair/adl/cal_BEDA.png,figure,no_generated_output
analysis/ELSA/figures/damage_repair_calibration_loglog/MNAR_Pmm/S2_S3/repair/adl/cal_CHAIRA.png,figure,no_generated_output
analysis/ELSA/figures/damage_repair_calibration_loglog/MNAR_Pmm/S2_S3/repair/adl/cal_CLIM1A.png,figure,no_generated_output
analysis/ELSA/figures/damage_repair_calibration_loglog/MNAR_Pmm/S2_S3/repair/adl/cal_CLIMSA.png,figure,no_generated_output
analysis/ELSA/figures/damage_repair_calibration_loglog/MNAR_Pmm/S2_S3/repair/adl/cal_DIMEA.png,figure,no_generated_output
analysis/ELSA/figures/damage_repair_calibration_loglog/MNAR_Pmm/S2_S3/repair/adl/cal_DRESSA.png,figure,no_generated_output
analysis/ELSA/figures/damage_repair_calibration_loglog/MNAR_Pmm/S2_S3/repair/adl/cal_HOUSEWKA.png,figure,no_generated_output
analysis/ELSA/figures/damage_repair_calibration_loglog/MNAR_Pmm/S2_S3/repair/adl/cal_LIFTA.png,figure,no_generated_output
analysis/ELSA/figures/damage_repair_calibration_loglog/MNAR_Pmm/S2_S3/repair/adl/cal_MAPA.png,figure,no_generated_output
analysis/ELSA/figures/damage_repair_calibration_loglog/MNAR_Pmm/S2_S3/repair/adl/cal_MEALSA.png,figure,no_generated_output
analysis/ELSA/figures/damage_repair_calibration_loglog/MNAR_Pmm/S2_S3/repair/adl/cal_MONEYA.png,figure,no_generated_output
analysis/ELSA/figures/damage_repair_calibration_loglog/MNAR_Pmm/S2_S3/repair/adl/cal_POOLED_adl.png,figure,no_generated_output
analysis/ELSA/figures/damage_repair_calibration_loglog/MNAR_Pmm/S2_S3/repair/adl/cal_PUSHA.png,figure,no_generated_output
analysis/ELSA/figures/damage_repair_calibration_loglog/MNAR_Pmm/S2_S3/repair/adl/cal_SHOPA.png,figure,no_generated_output
analysis/ELSA/figures/damage_repair_calibration_loglog/MNAR_Pmm/S2_S3/repair/adl/cal_SITA.png,figure,no_generated_output
analysis/ELSA/figures/damage_repair_calibration_loglog/MNAR_Pmm/S2_S3/repair/adl/cal_STOOPA.png,figure,no_generated_output
analysis/ELSA/figures/damage_repair_calibration_loglog/MNAR_Pmm/S2_S3/repair/adl/cal_TOILTA.png,figure,no_generated_output
analysis/ELSA/figures/damage_repair_calibration_loglog/MNAR_Pmm/S2_S3/repair/adl/cal_WALK100A.png,figure,no_generated_output
analysis/ELSA/figures/damage_repair_calibration_loglog/MNAR_Pmm/S2_S3/repair/adl/cal_WALKRA.png,figure,no_generated_output
analysis/ELSA/figures/damage_repair_calibration_loglog/MNAR_Pmm/S2_S3/repair/disease/cal_ANGINE.png,figure,no_generated_output
analysis/ELSA/figures/damage_repair_calibration_loglog/MNAR_Pmm/S2_S3/repair/disease/cal_ARTHRE.png,figure,no_generated_output
analysis/ELSA/figures/damage_repair_calibration_loglog/MNAR_Pmm/S2_S3/repair/disease/cal_ASTHMAE.png,figure,no_generated_output
analysis/ELSA/figures/damage_repair_calibration_loglog/MNAR_Pmm/S2_S3/repair/disease/cal_CANCRE.png,figure,no_generated_output
analysis/ELSA/figures/damage_repair_calibration_loglog/MNAR_Pmm/S2_S3/repair/disease/cal_CATRACTE.png,figure,no_generated_output
analysis/ELSA/figures/damage_repair_calibration_loglog/MNAR_Pmm/S2_S3/repair/disease/cal_DIABE.png,figure,no_generated_output
analysis/ELSA/figures/damage_repair_calibration_loglog/MNAR_Pmm/S2_S3/repair/disease/cal_HCHOLE.png,figure,no_generated_output
analysis/ELSA/figures/damage_repair_calibration_loglog/MNAR_Pmm/S2_S3/repair/disease/cal_HIBPE.png,figure,no_generated_output
analysis/ELSA/figures/damage_repair_calibration_loglog/MNAR_Pmm/S2_S3/repair/disease/cal_HRTATTE.png,figure,no_generated_output
analysis/ELSA/figures/damage_repair_calibration_loglog/MNAR_Pmm/S2_S3/repair/disease/cal_HRTMRE.png,figure,no_generated_output
analysis/ELSA/figures/damage_repair_calibration_loglog/MNAR_Pmm/S2_S3/repair/disease/cal_HRTRHME.png,figure,no_generated_output
analysis/ELSA/figures/damage_repair_calibration_loglog/MNAR_Pmm/S2_S3/repair/disease/cal_LUNGE.png,figure,no_generated_output
analysis/ELSA/figures/damage_repair_calibration_loglog/MNAR_Pmm/S2_S3/repair/disease/cal_OSTEOE.png,figure,no_generated_output
analysis/ELSA/figures/damage_repair_calibration_loglog/MNAR_Pmm/S2_S3/repair/disease/cal_POOLED_disease.png,figure,no_generated_output
analysis/ELSA/figures/damage_repair_calibration_loglog/MNAR_Pmm/S2_S3/repair/disease/cal_PSYCHE.png,figure,no_generated_output
analysis/ELSA/figures/damage_repair_calibration_loglog/MNAR_Pmm/S2_S3/repair/disease/cal_STROKE.png,figure,no_generated_output
analysis/ELSA/figures/damage_repair_calibration_loglog/MNAR_Pmm/S3_S4/damage/adl/cal_ARMSA.png,figure,no_generated_output
analysis/ELSA/figures/damage_repair_calibration_loglog/MNAR_Pmm/S3_S4/damage/adl/cal_BATHA.png,figure,no_generated_output
analysis/ELSA/figures/damage_repair_calibration_loglog/MNAR_Pmm/S3_S4/damage/adl/cal_BEDA.png,figure,no_generated_output
analysis/ELSA/figures/damage_repair_calibration_loglog/MNAR_Pmm/S3_S4/damage/adl/cal_CHAIRA.png,figure,no_generated_output
analysis/ELSA/figures/damage_repair_calibration_loglog/MNAR_Pmm/S3_S4/damage/adl/cal_CLIM1A.png,figure,no_generated_output
analysis/ELSA/figures/damage_repair_calibration_loglog/MNAR_Pmm/S3_S4/damage/adl/cal_CLIMSA.png,figure,no_generated_output
analysis/ELSA/figures/damage_repair_calibration_loglog/MNAR_Pmm/S3_S4/damage/adl/cal_COMMUNA.png,figure,no_generated_output
analysis/ELSA/figures/damage_repair_calibration_loglog/MNAR_Pmm/S3_S4/damage/adl/cal_DANGERA.png,figure,no_generated_output
analysis/ELSA/figures/damage_repair_calibration_loglog/MNAR_Pmm/S3_S4/damage/adl/cal_DIMEA.png,figure,no_generated_output
analysis/ELSA/figures/damage_repair_calibration_loglog/MNAR_Pmm/S3_S4/damage/adl/cal_DRESSA.png,figure,no_generated_output
analysis/ELSA/figures/damage_repair_calibration_loglog/MNAR_Pmm/S3_S4/damage/adl/cal_EATA.png,figure,no_generated_output
analysis/ELSA/figures/damage_repair_calibration_loglog/MNAR_Pmm/S3_S4/damage/adl/cal_HOUSEWKA.png,figure,no_generated_output
analysis/ELSA/figures/damage_repair_calibration_loglog/MNAR_Pmm/S3_S4/damage/adl/cal_LIFTA.png,figure,no_generated_output
analysis/ELSA/figures/damage_repair_calibration_loglog/MNAR_Pmm/S3_S4/damage/adl/cal_MAPA.png,figure,no_generated_output
analysis/ELSA/figures/damage_repair_calibration_loglog/MNAR_Pmm/S3_S4/damage/adl/cal_MEALSA.png,figure,no_generated_output
analysis/ELSA/figures/damage_repair_calibration_loglog/MNAR_Pmm/S3_S4/damage/adl/cal_MEDSA.png,figure,no_generated_output
analysis/ELSA/figures/damage_repair_calibration_loglog/MNAR_Pmm/S3_S4/damage/adl/cal_MONEYA.png,figure,no_generated_output
analysis/ELSA/figures/damage_repair_calibration_loglog/MNAR_Pmm/S3_S4/damage/adl/cal_PHONEA.png,figure,no_generated_output
analysis/ELSA/figures/damage_repair_calibration_loglog/MNAR_Pmm/S3_S4/damage/adl/cal_POOLED_adl.png,figure,no_generated_output
analysis/ELSA/figures/damage_repair_calibration_loglog/MNAR_Pmm/S3_S4/damage/adl/cal_PUSHA.png,figure,no_generated_output
analysis/ELSA/figures/damage_repair_calibration_loglog/MNAR_Pmm/S3_S4/damage/adl/cal_SHOPA.png,figure,no_generated_output
analysis/ELSA/figures/damage_repair_calibration_loglog/MNAR_Pmm/S3_S4/damage/adl/cal_SITA.png,figure,no_generated_output
analysis/ELSA/figures/damage_repair_calibration_loglog/MNAR_Pmm/S3_S4/damage/adl/cal_STOOPA.png,figure,no_generated_output
analysis/ELSA/figures/damage_repair_calibration_loglog/MNAR_Pmm/S3_S4/damage/adl/cal_TOILTA.png,figure,no_generated_output
analysis/ELSA/figures/damage_repair_calibration_loglog/MNAR_Pmm/S3_S4/damage/adl/cal_WALK100A.png,figure,no_generated_output
analysis/ELSA/figures/damage_repair_calibration_loglog/MNAR_Pmm/S3_S4/damage/adl/cal_WALKRA.png,figure,no_generated_output
analysis/ELSA/figures/damage_repair_calibration_loglog/MNAR_Pmm/S3_S4/damage/disease/cal_ANGINE.png,figure,no_generated_output
analysis/ELSA/figures/damage_repair_calibration_loglog/MNAR_Pmm/S3_S4/damage/disease/cal_ARTHRE.png,figure,no_generated_output
analysis/ELSA/figures/damage_repair_calibration_loglog/MNAR_Pmm/S3_S4/damage/disease/cal_ASTHMAE.png,figure,no_generated_output
analysis/ELSA/figures/damage_repair_calibration_loglog/MNAR_Pmm/S3_S4/damage/disease/cal_CANCRE.png,figure,no_generated_output
analysis/ELSA/figures/damage_repair_calibration_loglog/MNAR_Pmm/S3_S4/damage/disease/cal_CATRACTE.png,figure,no_generated_output
analysis/ELSA/figures/damage_repair_calibration_loglog/MNAR_Pmm/S3_S4/damage/disease/cal_CONHRTFE.png,figure,no_generated_output
analysis/ELSA/figures/damage_repair_calibration_loglog/MNAR_Pmm/S3_S4/damage/disease/cal_DIABE.png,figure,no_generated_output
analysis/ELSA/figures/damage_repair_calibration_loglog/MNAR_Pmm/S3_S4/damage/disease/cal_HCHOLE.png,figure,no_generated_output
analysis/ELSA/figures/damage_repair_calibration_loglog/MNAR_Pmm/S3_S4/damage/disease/cal_HEARTE.png,figure,no_generated_output
analysis/ELSA/figures/damage_repair_calibration_loglog/MNAR_Pmm/S3_S4/damage/disease/cal_HIBPE.png,figure,no_generated_output
analysis/ELSA/figures/damage_repair_calibration_loglog/MNAR_Pmm/S3_S4/damage/disease/cal_HIPE.png,figure,no_generated_output
analysis/ELSA/figures/damage_repair_calibration_loglog/MNAR_Pmm/S3_S4/damage/disease/cal_HRTATTE.png,figure,no_generated_output
analysis/ELSA/figures/damage_repair_calibration_loglog/MNAR_Pmm/S3_S4/damage/disease/cal_HRTMRE.png,figure,no_generated_output
analysis/ELSA/figures/damage_repair_calibration_loglog/MNAR_Pmm/S3_S4/damage/disease/cal_HRTRHME.png,figure,no_generated_output
analysis/ELSA/figures/damage_repair_calibration_loglog/MNAR_Pmm/S3_S4/damage/disease/cal_LUNGE.png,figure,no_generated_output
analysis/ELSA/figures/damage_repair_calibration_loglog/MNAR_Pmm/S3_S4/damage/disease/cal_OSTEOE.png,figure,no_generated_output
analysis/ELSA/figures/damage_repair_calibration_loglog/MNAR_Pmm/S3_S4/damage/disease/cal_PARKINE.png,figure,no_generated_output
analysis/ELSA/figures/damage_repair_calibration_loglog/MNAR_Pmm/S3_S4/damage/disease/cal_POOLED_disease.png,figure,no_generated_output
analysis/ELSA/figures/damage_repair_calibration_loglog/MNAR_Pmm/S3_S4/damage/disease/cal_PSYCHE.png,figure,no_generated_output
analysis/ELSA/figures/damage_repair_calibration_loglog/MNAR_Pmm/S3_S4/damage/disease/cal_STROKE.png,figure,no_generated_output
analysis/ELSA/figures/damage_repair_calibration_loglog/MNAR_Pmm/S3_S4/repair/adl/cal_ARMSA.png,figure,no_generated_output
analysis/ELSA/figures/damage_repair_calibration_loglog/MNAR_Pmm/S3_S4/repair/adl/cal_BATHA.png,figure,no_generated_output
analysis/ELSA/figures/damage_repair_calibration_loglog/MNAR_Pmm/S3_S4/repair/adl/cal_BEDA.png,figure,no_generated_output
analysis/ELSA/figures/damage_repair_calibration_loglog/MNAR_Pmm/S3_S4/repair/adl/cal_CHAIRA.png,figure,no_generated_output
analysis/ELSA/figures/damage_repair_calibration_loglog/MNAR_Pmm/S3_S4/repair/adl/cal_CLIM1A.png,figure,no_generated_output
analysis/ELSA/figures/damage_repair_calibration_loglog/MNAR_Pmm/S3_S4/repair/adl/cal_CLIMSA.png,figure,no_generated_output
analysis/ELSA/figures/damage_repair_calibration_loglog/MNAR_Pmm/S3_S4/repair/adl/cal_DIMEA.png,figure,no_generated_output
analysis/ELSA/figures/damage_repair_calibration_loglog/MNAR_Pmm/S3_S4/repair/adl/cal_DRESSA.png,figure,no_generated_output
analysis/ELSA/figures/damage_repair_calibration_loglog/MNAR_Pmm/S3_S4/repair/adl/cal_HOUSEWKA.png,figure,no_generated_output
analysis/ELSA/figures/damage_repair_calibration_loglog/MNAR_Pmm/S3_S4/repair/adl/cal_LIFTA.png,figure,no_generated_output
analysis/ELSA/figures/damage_repair_calibration_loglog/MNAR_Pmm/S3_S4/repair/adl/cal_MAPA.png,figure,no_generated_output
analysis/ELSA/figures/damage_repair_calibration_loglog/MNAR_Pmm/S3_S4/repair/adl/cal_MEALSA.png,figure,no_generated_output
analysis/ELSA/figures/damage_repair_calibration_loglog/MNAR_Pmm/S3_S4/repair/adl/cal_MONEYA.png,figure,no_generated_output
analysis/ELSA/figures/damage_repair_calibration_loglog/MNAR_Pmm/S3_S4/repair/adl/cal_POOLED_adl.png,figure,no_generated_output
analysis/ELSA/figures/damage_repair_calibration_loglog/MNAR_Pmm/S3_S4/repair/adl/cal_PUSHA.png,figure,no_generated_output
analysis/ELSA/figures/damage_repair_calibration_loglog/MNAR_Pmm/S3_S4/repair/adl/cal_SHOPA.png,figure,no_generated_output
analysis/ELSA/figures/damage_repair_calibration_loglog/MNAR_Pmm/S3_S4/repair/adl/cal_SITA.png,figure,no_generated_output
analysis/ELSA/figures/damage_repair_calibration_loglog/MNAR_Pmm/S3_S4/repair/adl/cal_STOOPA.png,figure,no_generated_output
analysis/ELSA/figures/damage_repair_calibration_loglog/MNAR_Pmm/S3_S4/repair/adl/cal_TOILTA.png,figure,no_generated_output
analysis/ELSA/figures/damage_repair_calibration_loglog/MNAR_Pmm/S3_S4/repair/adl/cal_WALK100A.png,figure,no_generated_output
analysis/ELSA/figures/damage_repair_calibration_loglog/MNAR_Pmm/S3_S4/repair/adl/cal_WALKRA.png,figure,no_generated_output
analysis/ELSA/figures/damage_repair_calibration_loglog/MNAR_Pmm/S3_S4/repair/disease/cal_ANGINE.png,figure,no_generated_output
analysis/ELSA/figures/damage_repair_calibration_loglog/MNAR_Pmm/S3_S4/repair/disease/cal_ARTHRE.png,figure,no_generated_output
analysis/ELSA/figures/damage_repair_calibration_loglog/MNAR_Pmm/S3_S4/repair/disease/cal_ASTHMAE.png,figure,no_generated_output
analysis/ELSA/figures/damage_repair_calibration_loglog/MNAR_Pmm/S3_S4/repair/disease/cal_CANCRE.png,figure,no_generated_output
analysis/ELSA/figures/damage_repair_calibration_loglog/MNAR_Pmm/S3_S4/repair/disease/cal_CATRACTE.png,figure,no_generated_output
analysis/ELSA/figures/damage_repair_calibration_loglog/MNAR_Pmm/S3_S4/repair/disease/cal_DIABE.png,figure,no_generated_output
analysis/ELSA/figures/damage_repair_calibration_loglog/MNAR_Pmm/S3_S4/repair/disease/cal_HCHOLE.png,figure,no_generated_output
analysis/ELSA/figures/damage_repair_calibration_loglog/MNAR_Pmm/S3_S4/repair/disease/cal_HIBPE.png,figure,no_generated_output
analysis/ELSA/figures/damage_repair_calibration_loglog/MNAR_Pmm/S3_S4/repair/disease/cal_HRTATTE.png,figure,no_generated_output
analysis/ELSA/figures/damage_repair_calibration_loglog/MNAR_Pmm/S3_S4/repair/disease/cal_HRTMRE.png,figure,no_generated_output
analysis/ELSA/figures/damage_repair_calibration_loglog/MNAR_Pmm/S3_S4/repair/disease/cal_HRTRHME.png,figure,no_generated_output
analysis/ELSA/figures/damage_repair_calibration_loglog/MNAR_Pmm/S3_S4/repair/disease/cal_LUNGE.png,figure,no_generated_output
analysis/ELSA/figures/damage_repair_calibration_loglog/MNAR_Pmm/S3_S4/repair/disease/cal_OSTEOE.png,figure,no_generated_output
analysis/ELSA/figures/damage_repair_calibration_loglog/MNAR_Pmm/S3_S4/repair/disease/cal_POOLED_disease.png,figure,no_generated_output
analysis/ELSA/figures/damage_repair_calibration_loglog/MNAR_Pmm/S3_S4/repair/disease/cal_PSYCHE.png,figure,no_generated_output
analysis/ELSA/figures/damage_repair_calibration_loglog/MNAR_Pmm/S3_S4/repair/disease/cal_STROKE.png,figure,no_generated_output
analysis/ELSA/figures/damage_repair_calibration_loglog/MNAR_Pmm/S4_S5/damage/adl/cal_ARMSA.png,figure,no_generated_output
analysis/ELSA/figures/damage_repair_calibration_loglog/MNAR_Pmm/S4_S5/damage/adl/cal_BATHA.png,figure,no_generated_output
analysis/ELSA/figures/damage_repair_calibration_loglog/MNAR_Pmm/S4_S5/damage/adl/cal_BEDA.png,figure,no_generated_output
analysis/ELSA/figures/damage_repair_calibration_loglog/MNAR_Pmm/S4_S5/damage/adl/cal_CHAIRA.png,figure,no_generated_output
analysis/ELSA/figures/damage_repair_calibration_loglog/MNAR_Pmm/S4_S5/damage/adl/cal_CLIM1A.png,figure,no_generated_output
analysis/ELSA/figures/damage_repair_calibration_loglog/MNAR_Pmm/S4_S5/damage/adl/cal_CLIMSA.png,figure,no_generated_output
analysis/ELSA/figures/damage_repair_calibration_loglog/MNAR_Pmm/S4_S5/damage/adl/cal_COMMUNA.png,figure,no_generated_output
analysis/ELSA/figures/damage_repair_calibration_loglog/MNAR_Pmm/S4_S5/damage/adl/cal_DANGERA.png,figure,no_generated_output
analysis/ELSA/figures/damage_repair_calibration_loglog/MNAR_Pmm/S4_S5/damage/adl/cal_DIMEA.png,figure,no_generated_output
analysis/ELSA/figures/damage_repair_calibration_loglog/MNAR_Pmm/S4_S5/damage/adl/cal_DRESSA.png,figure,no_generated_output
analysis/ELSA/figures/damage_repair_calibration_loglog/MNAR_Pmm/S4_S5/damage/adl/cal_EATA.png,figure,no_generated_output
analysis/ELSA/figures/damage_repair_calibration_loglog/MNAR_Pmm/S4_S5/damage/adl/cal_HOUSEWKA.png,figure,no_generated_output
analysis/ELSA/figures/damage_repair_calibration_loglog/MNAR_Pmm/S4_S5/damage/adl/cal_LIFTA.png,figure,no_generated_output
analysis/ELSA/figures/damage_repair_calibration_loglog/MNAR_Pmm/S4_S5/damage/adl/cal_MAPA.png,figure,no_generated_output
analysis/ELSA/figures/damage_repair_calibration_loglog/MNAR_Pmm/S4_S5/damage/adl/cal_MEALSA.png,figure,no_generated_output
analysis/ELSA/figures/damage_repair_calibration_loglog/MNAR_Pmm/S4_S5/damage/adl/cal_MEDSA.png,figure,no_generated_output
analysis/ELSA/figures/damage_repair_calibration_loglog/MNAR_Pmm/S4_S5/damage/adl/cal_MONEYA.png,figure,no_generated_output
analysis/ELSA/figures/damage_repair_calibration_loglog/MNAR_Pmm/S4_S5/damage/adl/cal_PHONEA.png,figure,no_generated_output
analysis/ELSA/figures/damage_repair_calibration_loglog/MNAR_Pmm/S4_S5/damage/adl/cal_POOLED_adl.png,figure,no_generated_output
analysis/ELSA/figures/damage_repair_calibration_loglog/MNAR_Pmm/S4_S5/damage/adl/cal_PUSHA.png,figure,no_generated_output
analysis/ELSA/figures/damage_repair_calibration_loglog/MNAR_Pmm/S4_S5/damage/adl/cal_SHOPA.png,figure,no_generated_output
analysis/ELSA/figures/damage_repair_calibration_loglog/MNAR_Pmm/S4_S5/damage/adl/cal_SITA.png,figure,no_generated_output
analysis/ELSA/figures/damage_repair_calibration_loglog/MNAR_Pmm/S4_S5/damage/adl/cal_STOOPA.png,figure,no_generated_output
analysis/ELSA/figures/damage_repair_calibration_loglog/MNAR_Pmm/S4_S5/damage/adl/cal_TOILTA.png,figure,no_generated_output
analysis/ELSA/figures/damage_repair_calibration_loglog/MNAR_Pmm/S4_S5/damage/adl/cal_WALK100A.png,figure,no_generated_output
analysis/ELSA/figures/damage_repair_calibration_loglog/MNAR_Pmm/S4_S5/damage/adl/cal_WALKRA.png,figure,no_generated_output
analysis/ELSA/figures/damage_repair_calibration_loglog/MNAR_Pmm/S4_S5/damage/disease/cal_ANGINE.png,figure,no_generated_output
analysis/ELSA/figures/damage_repair_calibration_loglog/MNAR_Pmm/S4_S5/damage/disease/cal_ARTHRE.png,figure,no_generated_output
analysis/ELSA/figures/damage_repair_calibration_loglog/MNAR_Pmm/S4_S5/damage/disease/cal_ASTHMAE.png,figure,no_generated_output
analysis/ELSA/figures/damage_repair_calibration_loglog/MNAR_Pmm/S4_S5/damage/disease/cal_CANCRE.png,figure,no_generated_output
analysis/ELSA/figures/damage_repair_calibration_loglog/MNAR_Pmm/S4_S5/damage/disease/cal_CATRACTE.png,figure,no_generated_output
analysis/ELSA/figures/damage_repair_calibration_loglog/MNAR_Pmm/S4_S5/damage/disease/cal_CONHRTFE.png,figure,no_generated_output
analysis/ELSA/figures/damage_repair_calibration_loglog/MNAR_Pmm/S4_S5/damage/disease/cal_DIABE.png,figure,no_generated_output
analysis/ELSA/figures/damage_repair_calibration_loglog/MNAR_Pmm/S4_S5/damage/disease/cal_HCHOLE.png,figure,no_generated_output
analysis/ELSA/figures/damage_repair_calibration_loglog/MNAR_Pmm/S4_S5/damage/disease/cal_HEARTE.png,figure,no_generated_output
analysis/ELSA/figures/damage_repair_calibration_loglog/MNAR_Pmm/S4_S5/damage/disease/cal_HIBPE.png,figure,no_generated_output
analysis/ELSA/figures/damage_repair_calibration_loglog/MNAR_Pmm/S4_S5/damage/disease/cal_HIPE.png,figure,no_generated_output
analysis/ELSA/figures/damage_repair_calibration_loglog/MNAR_Pmm/S4_S5/damage/disease/cal_HRTATTE.png,figure,no_generated_output
analysis/ELSA/figures/damage_repair_calibration_loglog/MNAR_Pmm/S4_S5/damage/disease/cal_HRTMRE.png,figure,no_generated_output
analysis/ELSA/figures/damage_repair_calibration_loglog/MNAR_Pmm/S4_S5/damage/disease/cal_HRTRHME.png,figure,no_generated_output
analysis/ELSA/figures/damage_repair_calibration_loglog/MNAR_Pmm/S4_S5/damage/disease/cal_LUNGE.png,figure,no_generated_output
analysis/ELSA/figures/damage_repair_calibration_loglog/MNAR_Pmm/S4_S5/damage/disease/cal_OSTEOE.png,figure,no_generated_output
analysis/ELSA/figures/damage_repair_calibration_loglog/MNAR_Pmm/S4_S5/damage/disease/cal_PARKINE.png,figure,no_generated_output
analysis/ELSA/figures/damage_repair_calibration_loglog/MNAR_Pmm/S4_S5/damage/disease/cal_POOLED_disease.png,figure,no_generated_output
analysis/ELSA/figures/damage_repair_calibration_loglog/MNAR_Pmm/S4_S5/damage/disease/cal_PSYCHE.png,figure,no_generated_output
analysis/ELSA/figures/damage_repair_calibration_loglog/MNAR_Pmm/S4_S5/damage/disease/cal_STROKE.png,figure,no_generated_output
analysis/ELSA/figures/damage_repair_calibration_loglog/MNAR_Pmm/S4_S5/repair/adl/cal_ARMSA.png,figure,no_generated_output
analysis/ELSA/figures/damage_repair_calibration_loglog/MNAR_Pmm/S4_S5/repair/adl/cal_BATHA.png,figure,no_generated_output
analysis/ELSA/figures/damage_repair_calibration_loglog/MNAR_Pmm/S4_S5/repair/adl/cal_BEDA.png,figure,no_generated_output
analysis/ELSA/figures/damage_repair_calibration_loglog/MNAR_Pmm/S4_S5/repair/adl/cal_CHAIRA.png,figure,no_generated_output
analysis/ELSA/figures/damage_repair_calibration_loglog/MNAR_Pmm/S4_S5/repair/adl/cal_CLIM1A.png,figure,no_generated_output
analysis/ELSA/figures/damage_repair_calibration_loglog/MNAR_Pmm/S4_S5/repair/adl/cal_CLIMSA.png,figure,no_generated_output
analysis/ELSA/figures/damage_repair_calibration_loglog/MNAR_Pmm/S4_S5/repair/adl/cal_COMMUNA.png,figure,no_generated_output
analysis/ELSA/figures/damage_repair_calibration_loglog/MNAR_Pmm/S4_S5/repair/adl/cal_DIMEA.png,figure,no_generated_output
analysis/ELSA/figures/damage_repair_calibration_loglog/MNAR_Pmm/S4_S5/repair/adl/cal_DRESSA.png,figure,no_generated_output
analysis/ELSA/figures/damage_repair_calibration_loglog/MNAR_Pmm/S4_S5/repair/adl/cal_HOUSEWKA.png,figure,no_generated_output
analysis/ELSA/figures/damage_repair_calibration_loglog/MNAR_Pmm/S4_S5/repair/adl/cal_LIFTA.png,figure,no_generated_output
analysis/ELSA/figures/damage_repair_calibration_loglog/MNAR_Pmm/S4_S5/repair/adl/cal_MAPA.png,figure,no_generated_output
analysis/ELSA/figures/damage_repair_calibration_loglog/MNAR_Pmm/S4_S5/repair/adl/cal_MEALSA.png,figure,no_generated_output
analysis/ELSA/figures/damage_repair_calibration_loglog/MNAR_Pmm/S4_S5/repair/adl/cal_MONEYA.png,figure,no_generated_output
analysis/ELSA/figures/damage_repair_calibration_loglog/MNAR_Pmm/S4_S5/repair/adl/cal_PHONEA.png,figure,no_generated_output
analysis/ELSA/figures/damage_repair_calibration_loglog/MNAR_Pmm/S4_S5/repair/adl/cal_POOLED_adl.png,figure,no_generated_output
analysis/ELSA/figures/damage_repair_calibration_loglog/MNAR_Pmm/S4_S5/repair/adl/cal_PUSHA.png,figure,no_generated_output
analysis/ELSA/figures/damage_repair_calibration_loglog/MNAR_Pmm/S4_S5/repair/adl/cal_SHOPA.png,figure,no_generated_output
analysis/ELSA/figures/damage_repair_calibration_loglog/MNAR_Pmm/S4_S5/repair/adl/cal_SITA.png,figure,no_generated_output
analysis/ELSA/figures/damage_repair_calibration_loglog/MNAR_Pmm/S4_S5/repair/adl/cal_STOOPA.png,figure,no_generated_output
analysis/ELSA/figures/damage_repair_calibration_loglog/MNAR_Pmm/S4_S5/repair/adl/cal_TOILTA.png,figure,no_generated_output
analysis/ELSA/figures/damage_repair_calibration_loglog/MNAR_Pmm/S4_S5/repair/adl/cal_WALK100A.png,figure,no_generated_output
analysis/ELSA/figures/damage_repair_calibration_loglog/MNAR_Pmm/S4_S5/repair/adl/cal_WALKRA.png,figure,no_generated_output
analysis/ELSA/figures/damage_repair_calibration_loglog/MNAR_Pmm/S4_S5/repair/disease/cal_ANGINE.png,figure,no_generated_output
analysis/ELSA/figures/damage_repair_calibration_loglog/MNAR_Pmm/S4_S5/repair/disease/cal_ARTHRE.png,figure,no_generated_output
analysis/ELSA/figures/damage_repair_calibration_loglog/MNAR_Pmm/S4_S5/repair/disease/cal_ASTHMAE.png,figure,no_generated_output
analysis/ELSA/figures/damage_repair_calibration_loglog/MNAR_Pmm/S4_S5/repair/disease/cal_CANCRE.png,figure,no_generated_output
analysis/ELSA/figures/damage_repair_calibration_loglog/MNAR_Pmm/S4_S5/repair/disease/cal_CATRACTE.png,figure,no_generated_output
analysis/ELSA/figures/damage_repair_calibration_loglog/MNAR_Pmm/S4_S5/repair/disease/cal_DIABE.png,figure,no_generated_output
analysis/ELSA/figures/damage_repair_calibration_loglog/MNAR_Pmm/S4_S5/repair/disease/cal_HCHOLE.png,figure,no_generated_output
analysis/ELSA/figures/damage_repair_calibration_loglog/MNAR_Pmm/S4_S5/repair/disease/cal_HEARTE.png,figure,no_generated_output
analysis/ELSA/figures/damage_repair_calibration_loglog/MNAR_Pmm/S4_S5/repair/disease/cal_HIBPE.png,figure,no_generated_output
analysis/ELSA/figures/damage_repair_calibration_loglog/MNAR_Pmm/S4_S5/repair/disease/cal_HRTATTE.png,figure,no_generated_output
analysis/ELSA/figures/damage_repair_calibration_loglog/MNAR_Pmm/S4_S5/repair/disease/cal_HRTMRE.png,figure,no_generated_output
analysis/ELSA/figures/damage_repair_calibration_loglog/MNAR_Pmm/S4_S5/repair/disease/cal_HRTRHME.png,figure,no_generated_output
analysis/ELSA/figures/damage_repair_calibration_loglog/MNAR_Pmm/S4_S5/repair/disease/cal_LUNGE.png,figure,no_generated_output
analysis/ELSA/figures/damage_repair_calibration_loglog/MNAR_Pmm/S4_S5/repair/disease/cal_OSTEOE.png,figure,no_generated_output
analysis/ELSA/figures/damage_repair_calibration_loglog/MNAR_Pmm/S4_S5/repair/disease/cal_POOLED_disease.png,figure,no_generated_output
analysis/ELSA/figures/damage_repair_calibration_loglog/MNAR_Pmm/S4_S5/repair/disease/cal_PSYCHE.png,figure,no_generated_output
analysis/ELSA/figures/damage_repair_calibration_loglog/MNAR_Pmm/S4_S5/repair/disease/cal_STROKE.png,figure,no_generated_output
analysis/ELSA/figures/damage_repair_calibration_loglog/MNAR_Pmm/S5_S6/damage/adl/cal_ARMSA.png,figure,no_generated_output
analysis/ELSA/figures/damage_repair_calibration_loglog/MNAR_Pmm/S5_S6/damage/adl/cal_BATHA.png,figure,no_generated_output
analysis/ELSA/figures/damage_repair_calibration_loglog/MNAR_Pmm/S5_S6/damage/adl/cal_BEDA.png,figure,no_generated_output
analysis/ELSA/figures/damage_repair_calibration_loglog/MNAR_Pmm/S5_S6/damage/adl/cal_CHAIRA.png,figure,no_generated_output
analysis/ELSA/figures/damage_repair_calibration_loglog/MNAR_Pmm/S5_S6/damage/adl/cal_CLIM1A.png,figure,no_generated_output
analysis/ELSA/figures/damage_repair_calibration_loglog/MNAR_Pmm/S5_S6/damage/adl/cal_CLIMSA.png,figure,no_generated_output
analysis/ELSA/figures/damage_repair_calibration_loglog/MNAR_Pmm/S5_S6/damage/adl/cal_COMMUNA.png,figure,no_generated_output
analysis/ELSA/figures/damage_repair_calibration_loglog/MNAR_Pmm/S5_S6/damage/adl/cal_DANGERA.png,figure,no_generated_output
analysis/ELSA/figures/damage_repair_calibration_loglog/MNAR_Pmm/S5_S6/damage/adl/cal_DIMEA.png,figure,no_generated_output
analysis/ELSA/figures/damage_repair_calibration_loglog/MNAR_Pmm/S5_S6/damage/adl/cal_DRESSA.png,figure,no_generated_output
analysis/ELSA/figures/damage_repair_calibration_loglog/MNAR_Pmm/S5_S6/damage/adl/cal_EATA.png,figure,no_generated_output
analysis/ELSA/figures/damage_repair_calibration_loglog/MNAR_Pmm/S5_S6/damage/adl/cal_HOUSEWKA.png,figure,no_generated_output
analysis/ELSA/figures/damage_repair_calibration_loglog/MNAR_Pmm/S5_S6/damage/adl/cal_LIFTA.png,figure,no_generated_output
analysis/ELSA/figures/damage_repair_calibration_loglog/MNAR_Pmm/S5_S6/damage/adl/cal_MAPA.png,figure,no_generated_output
analysis/ELSA/figures/damage_repair_calibration_loglog/MNAR_Pmm/S5_S6/damage/adl/cal_MEALSA.png,figure,no_generated_output
analysis/ELSA/figures/damage_repair_calibration_loglog/MNAR_Pmm/S5_S6/damage/adl/cal_MEDSA.png,figure,no_generated_output
analysis/ELSA/figures/damage_repair_calibration_loglog/MNAR_Pmm/S5_S6/damage/adl/cal_MONEYA.png,figure,no_generated_output
analysis/ELSA/figures/damage_repair_calibration_loglog/MNAR_Pmm/S5_S6/damage/adl/cal_PHONEA.png,figure,no_generated_output
analysis/ELSA/figures/damage_repair_calibration_loglog/MNAR_Pmm/S5_S6/damage/adl/cal_POOLED_adl.png,figure,no_generated_output
analysis/ELSA/figures/damage_repair_calibration_loglog/MNAR_Pmm/S5_S6/damage/adl/cal_PUSHA.png,figure,no_generated_output
analysis/ELSA/figures/damage_repair_calibration_loglog/MNAR_Pmm/S5_S6/damage/adl/cal_SHOPA.png,figure,no_generated_output
analysis/ELSA/figures/damage_repair_calibration_loglog/MNAR_Pmm/S5_S6/damage/adl/cal_SITA.png,figure,no_generated_output
analysis/ELSA/figures/damage_repair_calibration_loglog/MNAR_Pmm/S5_S6/damage/adl/cal_STOOPA.png,figure,no_generated_output
analysis/ELSA/figures/damage_repair_calibration_loglog/MNAR_Pmm/S5_S6/damage/adl/cal_TOILTA.png,figure,no_generated_output
analysis/ELSA/figures/damage_repair_calibration_loglog/MNAR_Pmm/S5_S6/damage/adl/cal_WALK100A.png,figure,no_generated_output
analysis/ELSA/figures/damage_repair_calibration_loglog/MNAR_Pmm/S5_S6/damage/adl/cal_WALKRA.png,figure,no_generated_output
analysis/ELSA/figures/damage_repair_calibration_loglog/MNAR_Pmm/S5_S6/damage/disease/cal_ANGINE.png,figure,no_generated_output
analysis/ELSA/figures/damage_repair_calibration_loglog/MNAR_Pmm/S5_S6/damage/disease/cal_ARTHRE.png,figure,no_generated_output
analysis/ELSA/figures/damage_repair_calibration_loglog/MNAR_Pmm/S5_S6/damage/disease/cal_ASTHMAE.png,figure,no_generated_output
analysis/ELSA/figures/damage_repair_calibration_loglog/MNAR_Pmm/S5_S6/damage/disease/cal_CANCRE.png,figure,no_generated_output
analysis/ELSA/figures/damage_repair_calibration_loglog/MNAR_Pmm/S5_S6/damage/disease/cal_CATRACTE.png,figure,no_generated_output
analysis/ELSA/figures/damage_repair_calibration_loglog/MNAR_Pmm/S5_S6/damage/disease/cal_CONHRTFE.png,figure,no_generated_output
analysis/ELSA/figures/damage_repair_calibration_loglog/MNAR_Pmm/S5_S6/damage/disease/cal_DIABE.png,figure,no_generated_output
analysis/ELSA/figures/damage_repair_calibration_loglog/MNAR_Pmm/S5_S6/damage/disease/cal_HCHOLE.png,figure,no_generated_output
analysis/ELSA/figures/damage_repair_calibration_loglog/MNAR_Pmm/S5_S6/damage/disease/cal_HEARTE.png,figure,no_generated_output
analysis/ELSA/figures/damage_repair_calibration_loglog/MNAR_Pmm/S5_S6/damage/disease/cal_HIBPE.png,figure,no_generated_output
analysis/ELSA/figures/damage_repair_calibration_loglog/MNAR_Pmm/S5_S6/damage/disease/cal_HIPE.png,figure,no_generated_output
analysis/ELSA/figures/damage_repair_calibration_loglog/MNAR_Pmm/S5_S6/damage/disease/cal_HRTATTE.png,figure,no_generated_output
analysis/ELSA/figures/damage_repair_calibration_loglog/MNAR_Pmm/S5_S6/damage/disease/cal_HRTMRE.png,figure,no_generated_output
analysis/ELSA/figures/damage_repair_calibration_loglog/MNAR_Pmm/S5_S6/damage/disease/cal_HRTRHME.png,figure,no_generated_output
analysis/ELSA/figures/damage_repair_calibration_loglog/MNAR_Pmm/S5_S6/damage/disease/cal_LUNGE.png,figure,no_generated_output
analysis/ELSA/figures/damage_repair_calibration_loglog/MNAR_Pmm/S5_S6/damage/disease/cal_OSTEOE.png,figure,no_generated_output
analysis/ELSA/figures/damage_repair_calibration_loglog/MNAR_Pmm/S5_S6/damage/disease/cal_PARKINE.png,figure,no_generated_output
analysis/ELSA/figures/damage_repair_calibration_loglog/MNAR_Pmm/S5_S6/damage/disease/cal_POOLED_disease.png,figure,no_generated_output
analysis/ELSA/figures/damage_repair_calibration_loglog/MNAR_Pmm/S5_S6/damage/disease/cal_PSYCHE.png,figure,no_generated_output
analysis/ELSA/figures/damage_repair_calibration_loglog/MNAR_Pmm/S5_S6/damage/disease/cal_STROKE.png,figure,no_generated_output
analysis/ELSA/figures/damage_repair_calibration_loglog/MNAR_Pmm/S5_S6/repair/adl/cal_ARMSA.png,figure,no_generated_output
analysis/ELSA/figures/damage_repair_calibration_loglog/MNAR_Pmm/S5_S6/repair/adl/cal_BATHA.png,figure,no_generated_output
analysis/ELSA/figures/damage_repair_calibration_loglog/MNAR_Pmm/S5_S6/repair/adl/cal_BEDA.png,figure,no_generated_output
analysis/ELSA/figures/damage_repair_calibration_loglog/MNAR_Pmm/S5_S6/repair/adl/cal_CHAIRA.png,figure,no_generated_output
analysis/ELSA/figures/damage_repair_calibration_loglog/MNAR_Pmm/S5_S6/repair/adl/cal_CLIM1A.png,figure,no_generated_output
analysis/ELSA/figures/damage_repair_calibration_loglog/MNAR_Pmm/S5_S6/repair/adl/cal_CLIMSA.png,figure,no_generated_output
analysis/ELSA/figures/damage_repair_calibration_loglog/MNAR_Pmm/S5_S6/repair/adl/cal_COMMUNA.png,figure,no_generated_output
analysis/ELSA/figures/damage_repair_calibration_loglog/MNAR_Pmm/S5_S6/repair/adl/cal_DIMEA.png,figure,no_generated_output
analysis/ELSA/figures/damage_repair_calibration_loglog/MNAR_Pmm/S5_S6/repair/adl/cal_DRESSA.png,figure,no_generated_output
analysis/ELSA/figures/damage_repair_calibration_loglog/MNAR_Pmm/S5_S6/repair/adl/cal_HOUSEWKA.png,figure,no_generated_output
analysis/ELSA/figures/damage_repair_calibration_loglog/MNAR_Pmm/S5_S6/repair/adl/cal_LIFTA.png,figure,no_generated_output
analysis/ELSA/figures/damage_repair_calibration_loglog/MNAR_Pmm/S5_S6/repair/adl/cal_MAPA.png,figure,no_generated_output
analysis/ELSA/figures/damage_repair_calibration_loglog/MNAR_Pmm/S5_S6/repair/adl/cal_MEALSA.png,figure,no_generated_output
analysis/ELSA/figures/damage_repair_calibration_loglog/MNAR_Pmm/S5_S6/repair/adl/cal_MONEYA.png,figure,no_generated_output
analysis/ELSA/figures/damage_repair_calibration_loglog/MNAR_Pmm/S5_S6/repair/adl/cal_PHONEA.png,figure,no_generated_output
analysis/ELSA/figures/damage_repair_calibration_loglog/MNAR_Pmm/S5_S6/repair/adl/cal_POOLED_adl.png,figure,no_generated_output
analysis/ELSA/figures/damage_repair_calibration_loglog/MNAR_Pmm/S5_S6/repair/adl/cal_PUSHA.png,figure,no_generated_output
analysis/ELSA/figures/damage_repair_calibration_loglog/MNAR_Pmm/S5_S6/repair/adl/cal_SHOPA.png,figure,no_generated_output
analysis/ELSA/figures/damage_repair_calibration_loglog/MNAR_Pmm/S5_S6/repair/adl/cal_SITA.png,figure,no_generated_output
analysis/ELSA/figures/damage_repair_calibration_loglog/MNAR_Pmm/S5_S6/repair/adl/cal_STOOPA.png,figure,no_generated_output
analysis/ELSA/figures/damage_repair_calibration_loglog/MNAR_Pmm/S5_S6/repair/adl/cal_TOILTA.png,figure,no_generated_output
analysis/ELSA/figures/damage_repair_calibration_loglog/MNAR_Pmm/S5_S6/repair/adl/cal_WALK100A.png,figure,no_generated_output
analysis/ELSA/figures/damage_repair_calibration_loglog/MNAR_Pmm/S5_S6/repair/adl/cal_WALKRA.png,figure,no_generated_output
analysis/ELSA/figures/damage_repair_calibration_loglog/MNAR_Pmm/S5_S6/repair/disease/cal_ANGINE.png,figure,no_generated_output
analysis/ELSA/figures/damage_repair_calibration_loglog/MNAR_Pmm/S5_S6/repair/disease/cal_ARTHRE.png,figure,no_generated_output
analysis/ELSA/figures/damage_repair_calibration_loglog/MNAR_Pmm/S5_S6/repair/disease/cal_ASTHMAE.png,figure,no_generated_output
analysis/ELSA/figures/damage_repair_calibration_loglog/MNAR_Pmm/S5_S6/repair/disease/cal_CANCRE.png,figure,no_generated_output
analysis/ELSA/figures/damage_repair_calibration_loglog/MNAR_Pmm/S5_S6/repair/disease/cal_CATRACTE.png,figure,no_generated_output
analysis/ELSA/figures/damage_repair_calibration_loglog/MNAR_Pmm/S5_S6/repair/disease/cal_DIABE.png,figure,no_generated_output
analysis/ELSA/figures/damage_repair_calibration_loglog/MNAR_Pmm/S5_S6/repair/disease/cal_HCHOLE.png,figure,no_generated_output
analysis/ELSA/figures/damage_repair_calibration_loglog/MNAR_Pmm/S5_S6/repair/disease/cal_HEARTE.png,figure,no_generated_output
analysis/ELSA/figures/damage_repair_calibration_loglog/MNAR_Pmm/S5_S6/repair/disease/cal_HIBPE.png,figure,no_generated_output
analysis/ELSA/figures/damage_repair_calibration_loglog/MNAR_Pmm/S5_S6/repair/disease/cal_HRTATTE.png,figure,no_generated_output
analysis/ELSA/figures/damage_repair_calibration_loglog/MNAR_Pmm/S5_S6/repair/disease/cal_HRTMRE.png,figure,no_generated_output
analysis/ELSA/figures/damage_repair_calibration_loglog/MNAR_Pmm/S5_S6/repair/disease/cal_HRTRHME.png,figure,no_generated_output
analysis/ELSA/figures/damage_repair_calibration_loglog/MNAR_Pmm/S5_S6/repair/disease/cal_LUNGE.png,figure,no_generated_output
analysis/ELSA/figures/damage_repair_calibration_loglog/MNAR_Pmm/S5_S6/repair/disease/cal_OSTEOE.png,figure,no_generated_output
analysis/ELSA/figures/damage_repair_calibration_loglog/MNAR_Pmm/S5_S6/repair/disease/cal_POOLED_disease.png,figure,no_generated_output
analysis/ELSA/figures/damage_repair_calibration_loglog/MNAR_Pmm/S5_S6/repair/disease/cal_PSYCHE.png,figure,no_generated_output
analysis/ELSA/figures/damage_repair_calibration_loglog/MNAR_Pmm/S5_S6/repair/disease/cal_STROKE.png,figure,no_generated_output
analysis/ELSA/figures/damage_repair_calibration_loglog/MNAR_Pmm/S6_S7/damage/adl/cal_ARMSA.png,figure,no_generated_output
analysis/ELSA/figures/damage_repair_calibration_loglog/MNAR_Pmm/S6_S7/damage/adl/cal_BATHA.png,figure,no_generated_output
analysis/ELSA/figures/damage_repair_calibration_loglog/MNAR_Pmm/S6_S7/damage/adl/cal_BEDA.png,figure,no_generated_output
analysis/ELSA/figures/damage_repair_calibration_loglog/MNAR_Pmm/S6_S7/damage/adl/cal_CHAIRA.png,figure,no_generated_output
analysis/ELSA/figures/damage_repair_calibration_loglog/MNAR_Pmm/S6_S7/damage/adl/cal_CLIM1A.png,figure,no_generated_output
analysis/ELSA/figures/damage_repair_calibration_loglog/MNAR_Pmm/S6_S7/damage/adl/cal_CLIMSA.png,figure,no_generated_output
analysis/ELSA/figures/damage_repair_calibration_loglog/MNAR_Pmm/S6_S7/damage/adl/cal_COMMUNA.png,figure,no_generated_output
analysis/ELSA/figures/damage_repair_calibration_loglog/MNAR_Pmm/S6_S7/damage/adl/cal_DANGERA.png,figure,no_generated_output
analysis/ELSA/figures/damage_repair_calibration_loglog/MNAR_Pmm/S6_S7/damage/adl/cal_DIMEA.png,figure,no_generated_output
analysis/ELSA/figures/damage_repair_calibration_loglog/MNAR_Pmm/S6_S7/damage/adl/cal_DRESSA.png,figure,no_generated_output
analysis/ELSA/figures/damage_repair_calibration_loglog/MNAR_Pmm/S6_S7/damage/adl/cal_EATA.png,figure,no_generated_output
analysis/ELSA/figures/damage_repair_calibration_loglog/MNAR_Pmm/S6_S7/damage/adl/cal_HOUSEWKA.png,figure,no_generated_output
analysis/ELSA/figures/damage_repair_calibration_loglog/MNAR_Pmm/S6_S7/damage/adl/cal_LIFTA.png,figure,no_generated_output
analysis/ELSA/figures/damage_repair_calibration_loglog/MNAR_Pmm/S6_S7/damage/adl/cal_MAPA.png,figure,no_generated_output
analysis/ELSA/figures/damage_repair_calibration_loglog/MNAR_Pmm/S6_S7/damage/adl/cal_MEALSA.png,figure,no_generated_output
analysis/ELSA/figures/damage_repair_calibration_loglog/MNAR_Pmm/S6_S7/damage/adl/cal_MEDSA.png,figure,no_generated_output
analysis/ELSA/figures/damage_repair_calibration_loglog/MNAR_Pmm/S6_S7/damage/adl/cal_MONEYA.png,figure,no_generated_output
analysis/ELSA/figures/damage_repair_calibration_loglog/MNAR_Pmm/S6_S7/damage/adl/cal_PHONEA.png,figure,no_generated_output
analysis/ELSA/figures/damage_repair_calibration_loglog/MNAR_Pmm/S6_S7/damage/adl/cal_POOLED_adl.png,figure,no_generated_output
analysis/ELSA/figures/damage_repair_calibration_loglog/MNAR_Pmm/S6_S7/damage/adl/cal_PUSHA.png,figure,no_generated_output
analysis/ELSA/figures/damage_repair_calibration_loglog/MNAR_Pmm/S6_S7/damage/adl/cal_SHOPA.png,figure,no_generated_output
analysis/ELSA/figures/damage_repair_calibration_loglog/MNAR_Pmm/S6_S7/damage/adl/cal_SITA.png,figure,no_generated_output
analysis/ELSA/figures/damage_repair_calibration_loglog/MNAR_Pmm/S6_S7/damage/adl/cal_STOOPA.png,figure,no_generated_output
analysis/ELSA/figures/damage_repair_calibration_loglog/MNAR_Pmm/S6_S7/damage/adl/cal_TOILTA.png,figure,no_generated_output
analysis/ELSA/figures/damage_repair_calibration_loglog/MNAR_Pmm/S6_S7/damage/adl/cal_WALK100A.png,figure,no_generated_output
analysis/ELSA/figures/damage_repair_calibration_loglog/MNAR_Pmm/S6_S7/damage/adl/cal_WALKRA.png,figure,no_generated_output
analysis/ELSA/figures/damage_repair_calibration_loglog/MNAR_Pmm/S6_S7/damage/disease/cal_ANGINE.png,figure,no_generated_output
analysis/ELSA/figures/damage_repair_calibration_loglog/MNAR_Pmm/S6_S7/damage/disease/cal_ARTHRE.png,figure,no_generated_output
analysis/ELSA/figures/damage_repair_calibration_loglog/MNAR_Pmm/S6_S7/damage/disease/cal_ASTHMAE.png,figure,no_generated_output
analysis/ELSA/figures/damage_repair_calibration_loglog/MNAR_Pmm/S6_S7/damage/disease/cal_CANCRE.png,figure,no_generated_output
analysis/ELSA/figures/damage_repair_calibration_loglog/MNAR_Pmm/S6_S7/damage/disease/cal_CATRACTE.png,figure,no_generated_output
analysis/ELSA/figures/damage_repair_calibration_loglog/MNAR_Pmm/S6_S7/damage/disease/cal_CONHRTFE.png,figure,no_generated_output
analysis/ELSA/figures/damage_repair_calibration_loglog/MNAR_Pmm/S6_S7/damage/disease/cal_DIABE.png,figure,no_generated_output
analysis/ELSA/figures/damage_repair_calibration_loglog/MNAR_Pmm/S6_S7/damage/disease/cal_HCHOLE.png,figure,no_generated_output
analysis/ELSA/figures/damage_repair_calibration_loglog/MNAR_Pmm/S6_S7/damage/disease/cal_HEARTE.png,figure,no_generated_output
analysis/ELSA/figures/damage_repair_calibration_loglog/MNAR_Pmm/S6_S7/damage/disease/cal_HIBPE.png,figure,no_generated_output
analysis/ELSA/figures/damage_repair_calibration_loglog/MNAR_Pmm/S6_S7/damage/disease/cal_HIPE.png,figure,no_generated_output
analysis/ELSA/figures/damage_repair_calibration_loglog/MNAR_Pmm/S6_S7/damage/disease/cal_HRTATTE.png,figure,no_generated_output
analysis/ELSA/figures/damage_repair_calibration_loglog/MNAR_Pmm/S6_S7/damage/disease/cal_HRTMRE.png,figure,no_generated_output
analysis/ELSA/figures/damage_repair_calibration_loglog/MNAR_Pmm/S6_S7/damage/disease/cal_HRTRHME.png,figure,no_generated_output
analysis/ELSA/figures/damage_repair_calibration_loglog/MNAR_Pmm/S6_S7/damage/disease/cal_LUNGE.png,figure,no_generated_output
analysis/ELSA/figures/damage_repair_calibration_loglog/MNAR_Pmm/S6_S7/damage/disease/cal_OSTEOE.png,figure,no_generated_output
analysis/ELSA/figures/damage_repair_calibration_loglog/MNAR_Pmm/S6_S7/damage/disease/cal_PARKINE.png,figure,no_generated_output
analysis/ELSA/figures/damage_repair_calibration_loglog/MNAR_Pmm/S6_S7/damage/disease/cal_POOLED_disease.png,figure,no_generated_output
analysis/ELSA/figures/damage_repair_calibration_loglog/MNAR_Pmm/S6_S7/damage/disease/cal_PSYCHE.png,figure,no_generated_output
analysis/ELSA/figures/damage_repair_calibration_loglog/MNAR_Pmm/S6_S7/damage/disease/cal_STROKE.png,figure,no_generated_output
analysis/ELSA/figures/damage_repair_calibration_loglog/MNAR_Pmm/S6_S7/repair/adl/cal_ARMSA.png,figure,no_generated_output
analysis/ELSA/figures/damage_repair_calibration_loglog/MNAR_Pmm/S6_S7/repair/adl/cal_BATHA.png,figure,no_generated_output
analysis/ELSA/figures/damage_repair_calibration_loglog/MNAR_Pmm/S6_S7/repair/adl/cal_BEDA.png,figure,no_generated_output
analysis/ELSA/figures/damage_repair_calibration_loglog/MNAR_Pmm/S6_S7/repair/adl/cal_CHAIRA.png,figure,no_generated_output
analysis/ELSA/figures/damage_repair_calibration_loglog/MNAR_Pmm/S6_S7/repair/adl/cal_CLIM1A.png,figure,no_generated_output
analysis/ELSA/figures/damage_repair_calibration_loglog/MNAR_Pmm/S6_S7/repair/adl/cal_CLIMSA.png,figure,no_generated_output
analysis/ELSA/figures/damage_repair_calibration_loglog/MNAR_Pmm/S6_S7/repair/adl/cal_COMMUNA.png,figure,no_generated_output
analysis/ELSA/figures/damage_repair_calibration_loglog/MNAR_Pmm/S6_S7/repair/adl/cal_DIMEA.png,figure,no_generated_output
analysis/ELSA/figures/damage_repair_calibration_loglog/MNAR_Pmm/S6_S7/repair/adl/cal_DRESSA.png,figure,no_generated_output
analysis/ELSA/figures/damage_repair_calibration_loglog/MNAR_Pmm/S6_S7/repair/adl/cal_HOUSEWKA.png,figure,no_generated_output
analysis/ELSA/figures/damage_repair_calibration_loglog/MNAR_Pmm/S6_S7/repair/adl/cal_LIFTA.png,figure,no_generated_output
analysis/ELSA/figures/damage_repair_calibration_loglog/MNAR_Pmm/S6_S7/repair/adl/cal_MAPA.png,figure,no_generated_output
analysis/ELSA/figures/damage_repair_calibration_loglog/MNAR_Pmm/S6_S7/repair/adl/cal_MEALSA.png,figure,no_generated_output
analysis/ELSA/figures/damage_repair_calibration_loglog/MNAR_Pmm/S6_S7/repair/adl/cal_MONEYA.png,figure,no_generated_output
analysis/ELSA/figures/damage_repair_calibration_loglog/MNAR_Pmm/S6_S7/repair/adl/cal_POOLED_adl.png,figure,no_generated_output
analysis/ELSA/figures/damage_repair_calibration_loglog/MNAR_Pmm/S6_S7/repair/adl/cal_PUSHA.png,figure,no_generated_output
analysis/ELSA/figures/damage_repair_calibration_loglog/MNAR_Pmm/S6_S7/repair/adl/cal_SHOPA.png,figure,no_generated_output
analysis/ELSA/figures/damage_repair_calibration_loglog/MNAR_Pmm/S6_S7/repair/adl/cal_SITA.png,figure,no_generated_output
analysis/ELSA/figures/damage_repair_calibration_loglog/MNAR_Pmm/S6_S7/repair/adl/cal_STOOPA.png,figure,no_generated_output
analysis/ELSA/figures/damage_repair_calibration_loglog/MNAR_Pmm/S6_S7/repair/adl/cal_TOILTA.png,figure,no_generated_output
analysis/ELSA/figures/damage_repair_calibration_loglog/MNAR_Pmm/S6_S7/repair/adl/cal_WALK100A.png,figure,no_generated_output
analysis/ELSA/figures/damage_repair_calibration_loglog/MNAR_Pmm/S6_S7/repair/adl/cal_WALKRA.png,figure,no_generated_output
analysis/ELSA/figures/damage_repair_calibration_loglog/MNAR_Pmm/S6_S7/repair/disease/cal_ANGINE.png,figure,no_generated_output
analysis/ELSA/figures/damage_repair_calibration_loglog/MNAR_Pmm/S6_S7/repair/disease/cal_ARTHRE.png,figure,no_generated_output
analysis/ELSA/figures/damage_repair_calibration_loglog/MNAR_Pmm/S6_S7/repair/disease/cal_ASTHMAE.png,figure,no_generated_output
analysis/ELSA/figures/damage_repair_calibration_loglog/MNAR_Pmm/S6_S7/repair/disease/cal_CANCRE.png,figure,no_generated_output
analysis/ELSA/figures/damage_repair_calibration_loglog/MNAR_Pmm/S6_S7/repair/disease/cal_CATRACTE.png,figure,no_generated_output
analysis/ELSA/figures/damage_repair_calibration_loglog/MNAR_Pmm/S6_S7/repair/disease/cal_DIABE.png,figure,no_generated_output
analysis/ELSA/figures/damage_repair_calibration_loglog/MNAR_Pmm/S6_S7/repair/disease/cal_HCHOLE.png,figure,no_generated_output
analysis/ELSA/figures/damage_repair_calibration_loglog/MNAR_Pmm/S6_S7/repair/disease/cal_HEARTE.png,figure,no_generated_output
analysis/ELSA/figures/damage_repair_calibration_loglog/MNAR_Pmm/S6_S7/repair/disease/cal_HIBPE.png,figure,no_generated_output
analysis/ELSA/figures/damage_repair_calibration_loglog/MNAR_Pmm/S6_S7/repair/disease/cal_HRTATTE.png,figure,no_generated_output
analysis/ELSA/figures/damage_repair_calibration_loglog/MNAR_Pmm/S6_S7/repair/disease/cal_HRTMRE.png,figure,no_generated_output
analysis/ELSA/figures/damage_repair_calibration_loglog/MNAR_Pmm/S6_S7/repair/disease/cal_HRTRHME.png,figure,no_generated_output
analysis/ELSA/figures/damage_repair_calibration_loglog/MNAR_Pmm/S6_S7/repair/disease/cal_LUNGE.png,figure,no_generated_output
analysis/ELSA/figures/damage_repair_calibration_loglog/MNAR_Pmm/S6_S7/repair/disease/cal_OSTEOE.png,figure,no_generated_output
analysis/ELSA/figures/damage_repair_calibration_loglog/MNAR_Pmm/S6_S7/repair/disease/cal_POOLED_disease.png,figure,no_generated_output
analysis/ELSA/figures/damage_repair_calibration_loglog/MNAR_Pmm/S6_S7/repair/disease/cal_PSYCHE.png,figure,no_generated_output
analysis/ELSA/figures/damage_repair_calibration_loglog/MNAR_Pmm/S6_S7/repair/disease/cal_STROKE.png,figure,no_generated_output
analysis/ELSA/figures/damage_repair_calibration_loglog/MNAR_Pmm/S7_S8/damage/adl/cal_ARMSA.png,figure,no_generated_output
analysis/ELSA/figures/damage_repair_calibration_loglog/MNAR_Pmm/S7_S8/damage/adl/cal_BATHA.png,figure,no_generated_output
analysis/ELSA/figures/damage_repair_calibration_loglog/MNAR_Pmm/S7_S8/damage/adl/cal_BEDA.png,figure,no_generated_output
analysis/ELSA/figures/damage_repair_calibration_loglog/MNAR_Pmm/S7_S8/damage/adl/cal_CHAIRA.png,figure,no_generated_output
analysis/ELSA/figures/damage_repair_calibration_loglog/MNAR_Pmm/S7_S8/damage/adl/cal_CLIM1A.png,figure,no_generated_output
analysis/ELSA/figures/damage_repair_calibration_loglog/MNAR_Pmm/S7_S8/damage/adl/cal_CLIMSA.png,figure,no_generated_output
analysis/ELSA/figures/damage_repair_calibration_loglog/MNAR_Pmm/S7_S8/damage/adl/cal_COMMUNA.png,figure,no_generated_output
analysis/ELSA/figures/damage_repair_calibration_loglog/MNAR_Pmm/S7_S8/damage/adl/cal_DANGERA.png,figure,no_generated_output
analysis/ELSA/figures/damage_repair_calibration_loglog/MNAR_Pmm/S7_S8/damage/adl/cal_DIMEA.png,figure,no_generated_output
analysis/ELSA/figures/damage_repair_calibration_loglog/MNAR_Pmm/S7_S8/damage/adl/cal_DRESSA.png,figure,no_generated_output
analysis/ELSA/figures/damage_repair_calibration_loglog/MNAR_Pmm/S7_S8/damage/adl/cal_EATA.png,figure,no_generated_output
analysis/ELSA/figures/damage_repair_calibration_loglog/MNAR_Pmm/S7_S8/damage/adl/cal_HOUSEWKA.png,figure,no_generated_output
analysis/ELSA/figures/damage_repair_calibration_loglog/MNAR_Pmm/S7_S8/damage/adl/cal_LIFTA.png,figure,no_generated_output
analysis/ELSA/figures/damage_repair_calibration_loglog/MNAR_Pmm/S7_S8/damage/adl/cal_MAPA.png,figure,no_generated_output
analysis/ELSA/figures/damage_repair_calibration_loglog/MNAR_Pmm/S7_S8/damage/adl/cal_MEALSA.png,figure,no_generated_output
analysis/ELSA/figures/damage_repair_calibration_loglog/MNAR_Pmm/S7_S8/damage/adl/cal_MEDSA.png,figure,no_generated_output
analysis/ELSA/figures/damage_repair_calibration_loglog/MNAR_Pmm/S7_S8/damage/adl/cal_MONEYA.png,figure,no_generated_output
analysis/ELSA/figures/damage_repair_calibration_loglog/MNAR_Pmm/S7_S8/damage/adl/cal_PHONEA.png,figure,no_generated_output
analysis/ELSA/figures/damage_repair_calibration_loglog/MNAR_Pmm/S7_S8/damage/adl/cal_POOLED_adl.png,figure,no_generated_output
analysis/ELSA/figures/damage_repair_calibration_loglog/MNAR_Pmm/S7_S8/damage/adl/cal_PUSHA.png,figure,no_generated_output
analysis/ELSA/figures/damage_repair_calibration_loglog/MNAR_Pmm/S7_S8/damage/adl/cal_SHOPA.png,figure,no_generated_output
analysis/ELSA/figures/damage_repair_calibration_loglog/MNAR_Pmm/S7_S8/damage/adl/cal_SITA.png,figure,no_generated_output
analysis/ELSA/figures/damage_repair_calibration_loglog/MNAR_Pmm/S7_S8/damage/adl/cal_STOOPA.png,figure,no_generated_output
analysis/ELSA/figures/damage_repair_calibration_loglog/MNAR_Pmm/S7_S8/damage/adl/cal_TOILTA.png,figure,no_generated_output
analysis/ELSA/figures/damage_repair_calibration_loglog/MNAR_Pmm/S7_S8/damage/adl/cal_WALK100A.png,figure,no_generated_output
analysis/ELSA/figures/damage_repair_calibration_loglog/MNAR_Pmm/S7_S8/damage/adl/cal_WALKRA.png,figure,no_generated_output
analysis/ELSA/figures/damage_repair_calibration_loglog/MNAR_Pmm/S7_S8/damage/disease/cal_ANGINE.png,figure,no_generated_output
analysis/ELSA/figures/damage_repair_calibration_loglog/MNAR_Pmm/S7_S8/damage/disease/cal_ARTHRE.png,figure,no_generated_output
analysis/ELSA/figures/damage_repair_calibration_loglog/MNAR_Pmm/S7_S8/damage/disease/cal_ASTHMAE.png,figure,no_generated_output
analysis/ELSA/figures/damage_repair_calibration_loglog/MNAR_Pmm/S7_S8/damage/disease/cal_CANCRE.png,figure,no_generated_output
analysis/ELSA/figures/damage_repair_calibration_loglog/MNAR_Pmm/S7_S8/damage/disease/cal_CATRACTE.png,figure,no_generated_output
analysis/ELSA/figures/damage_repair_calibration_loglog/MNAR_Pmm/S7_S8/damage/disease/cal_CONHRTFE.png,figure,no_generated_output
analysis/ELSA/figures/damage_repair_calibration_loglog/MNAR_Pmm/S7_S8/damage/disease/cal_DIABE.png,figure,no_generated_output
analysis/ELSA/figures/damage_repair_calibration_loglog/MNAR_Pmm/S7_S8/damage/disease/cal_HCHOLE.png,figure,no_generated_output
analysis/ELSA/figures/damage_repair_calibration_loglog/MNAR_Pmm/S7_S8/damage/disease/cal_HEARTE.png,figure,no_generated_output
analysis/ELSA/figures/damage_repair_calibration_loglog/MNAR_Pmm/S7_S8/damage/disease/cal_HIBPE.png,figure,no_generated_output
analysis/ELSA/figures/damage_repair_calibration_loglog/MNAR_Pmm/S7_S8/damage/disease/cal_HIPE.png,figure,no_generated_output
analysis/ELSA/figures/damage_repair_calibration_loglog/MNAR_Pmm/S7_S8/damage/disease/cal_HRTATTE.png,figure,no_generated_output
analysis/ELSA/figures/damage_repair_calibration_loglog/MNAR_Pmm/S7_S8/damage/disease/cal_HRTMRE.png,figure,no_generated_output
analysis/ELSA/figures/damage_repair_calibration_loglog/MNAR_Pmm/S7_S8/damage/disease/cal_HRTRHME.png,figure,no_generated_output
analysis/ELSA/figures/damage_repair_calibration_loglog/MNAR_Pmm/S7_S8/damage/disease/cal_LUNGE.png,figure,no_generated_output
analysis/ELSA/figures/damage_repair_calibration_loglog/MNAR_Pmm/S7_S8/damage/disease/cal_OSTEOE.png,figure,no_generated_output
analysis/ELSA/figures/damage_repair_calibration_loglog/MNAR_Pmm/S7_S8/damage/disease/cal_PARKINE.png,figure,no_generated_output
analysis/ELSA/figures/damage_repair_calibration_loglog/MNAR_Pmm/S7_S8/damage/disease/cal_POOLED_disease.png,figure,no_generated_output
analysis/ELSA/figures/damage_repair_calibration_loglog/MNAR_Pmm/S7_S8/damage/disease/cal_PSYCHE.png,figure,no_generated_output
analysis/ELSA/figures/damage_repair_calibration_loglog/MNAR_Pmm/S7_S8/damage/disease/cal_STROKE.png,figure,no_generated_output
analysis/ELSA/figures/damage_repair_calibration_loglog/MNAR_Pmm/S7_S8/repair/adl/cal_ARMSA.png,figure,no_generated_output
analysis/ELSA/figures/damage_repair_calibration_loglog/MNAR_Pmm/S7_S8/repair/adl/cal_BATHA.png,figure,no_generated_output
analysis/ELSA/figures/damage_repair_calibration_loglog/MNAR_Pmm/S7_S8/repair/adl/cal_BEDA.png,figure,no_generated_output
analysis/ELSA/figures/damage_repair_calibration_loglog/MNAR_Pmm/S7_S8/repair/adl/cal_CHAIRA.png,figure,no_generated_output
analysis/ELSA/figures/damage_repair_calibration_loglog/MNAR_Pmm/S7_S8/repair/adl/cal_CLIM1A.png,figure,no_generated_output
analysis/ELSA/figures/damage_repair_calibration_loglog/MNAR_Pmm/S7_S8/repair/adl/cal_CLIMSA.png,figure,no_generated_output
analysis/ELSA/figures/damage_repair_calibration_loglog/MNAR_Pmm/S7_S8/repair/adl/cal_COMMUNA.png,figure,no_generated_output
analysis/ELSA/figures/damage_repair_calibration_loglog/MNAR_Pmm/S7_S8/repair/adl/cal_DIMEA.png,figure,no_generated_output
analysis/ELSA/figures/damage_repair_calibration_loglog/MNAR_Pmm/S7_S8/repair/adl/cal_DRESSA.png,figure,no_generated_output
analysis/ELSA/figures/damage_repair_calibration_loglog/MNAR_Pmm/S7_S8/repair/adl/cal_HOUSEWKA.png,figure,no_generated_output
analysis/ELSA/figures/damage_repair_calibration_loglog/MNAR_Pmm/S7_S8/repair/adl/cal_LIFTA.png,figure,no_generated_output
analysis/ELSA/figures/damage_repair_calibration_loglog/MNAR_Pmm/S7_S8/repair/adl/cal_MAPA.png,figure,no_generated_output
analysis/ELSA/figures/damage_repair_calibration_loglog/MNAR_Pmm/S7_S8/repair/adl/cal_MEALSA.png,figure,no_generated_output
analysis/ELSA/figures/damage_repair_calibration_loglog/MNAR_Pmm/S7_S8/repair/adl/cal_POOLED_adl.png,figure,no_generated_output
analysis/ELSA/figures/damage_repair_calibration_loglog/MNAR_Pmm/S7_S8/repair/adl/cal_PUSHA.png,figure,no_generated_output
analysis/ELSA/figures/damage_repair_calibration_loglog/MNAR_Pmm/S7_S8/repair/adl/cal_SHOPA.png,figure,no_generated_output
analysis/ELSA/figures/damage_repair_calibration_loglog/MNAR_Pmm/S7_S8/repair/adl/cal_SITA.png,figure,no_generated_output
analysis/ELSA/figures/damage_repair_calibration_loglog/MNAR_Pmm/S7_S8/repair/adl/cal_STOOPA.png,figure,no_generated_output
analysis/ELSA/figures/damage_repair_calibration_loglog/MNAR_Pmm/S7_S8/repair/adl/cal_TOILTA.png,figure,no_generated_output
analysis/ELSA/figures/damage_repair_calibration_loglog/MNAR_Pmm/S7_S8/repair/adl/cal_WALK100A.png,figure,no_generated_output
analysis/ELSA/figures/damage_repair_calibration_loglog/MNAR_Pmm/S7_S8/repair/adl/cal_WALKRA.png,figure,no_generated_output
analysis/ELSA/figures/damage_repair_calibration_loglog/MNAR_Pmm/S7_S8/repair/disease/cal_ANGINE.png,figure,no_generated_output
analysis/ELSA/figures/damage_repair_calibration_loglog/MNAR_Pmm/S7_S8/repair/disease/cal_ARTHRE.png,figure,no_generated_output
analysis/ELSA/figures/damage_repair_calibration_loglog/MNAR_Pmm/S7_S8/repair/disease/cal_ASTHMAE.png,figure,no_generated_output
analysis/ELSA/figures/damage_repair_calibration_loglog/MNAR_Pmm/S7_S8/repair/disease/cal_CANCRE.png,figure,no_generated_output
analysis/ELSA/figures/damage_repair_calibration_loglog/MNAR_Pmm/S7_S8/repair/disease/cal_CATRACTE.png,figure,no_generated_output
analysis/ELSA/figures/damage_repair_calibration_loglog/MNAR_Pmm/S7_S8/repair/disease/cal_DIABE.png,figure,no_generated_output
analysis/ELSA/figures/damage_repair_calibration_loglog/MNAR_Pmm/S7_S8/repair/disease/cal_HCHOLE.png,figure,no_generated_output
analysis/ELSA/figures/damage_repair_calibration_loglog/MNAR_Pmm/S7_S8/repair/disease/cal_HIBPE.png,figure,no_generated_output
analysis/ELSA/figures/damage_repair_calibration_loglog/MNAR_Pmm/S7_S8/repair/disease/cal_HRTATTE.png,figure,no_generated_output
analysis/ELSA/figures/damage_repair_calibration_loglog/MNAR_Pmm/S7_S8/repair/disease/cal_HRTMRE.png,figure,no_generated_output
analysis/ELSA/figures/damage_repair_calibration_loglog/MNAR_Pmm/S7_S8/repair/disease/cal_HRTRHME.png,figure,no_generated_output
analysis/ELSA/figures/damage_repair_calibration_loglog/MNAR_Pmm/S7_S8/repair/disease/cal_LUNGE.png,figure,no_generated_output
analysis/ELSA/figures/damage_repair_calibration_loglog/MNAR_Pmm/S7_S8/repair/disease/cal_OSTEOE.png,figure,no_generated_output
analysis/ELSA/figures/damage_repair_calibration_loglog/MNAR_Pmm/S7_S8/repair/disease/cal_POOLED_disease.png,figure,no_generated_output
analysis/ELSA/figures/damage_repair_calibration_loglog/MNAR_Pmm/S7_S8/repair/disease/cal_PSYCHE.png,figure,no_generated_output
analysis/ELSA/figures/damage_repair_calibration_loglog/MNAR_Pmm/S7_S8/repair/disease/cal_STROKE.png,figure,no_generated_output
analysis/ELSA/figures/damage_repair_calibration_loglog/MNAR_Pmm/S8_S9/damage/adl/cal_ARMSA.png,figure,no_generated_output
analysis/ELSA/figures/damage_repair_calibration_loglog/MNAR_Pmm/S8_S9/damage/adl/cal_BATHA.png,figure,no_generated_output
analysis/ELSA/figures/damage_repair_calibration_loglog/MNAR_Pmm/S8_S9/damage/adl/cal_BEDA.png,figure,no_generated_output
analysis/ELSA/figures/damage_repair_calibration_loglog/MNAR_Pmm/S8_S9/damage/adl/cal_CHAIRA.png,figure,no_generated_output
analysis/ELSA/figures/damage_repair_calibration_loglog/MNAR_Pmm/S8_S9/damage/adl/cal_CLIM1A.png,figure,no_generated_output
analysis/ELSA/figures/damage_repair_calibration_loglog/MNAR_Pmm/S8_S9/damage/adl/cal_CLIMSA.png,figure,no_generated_output
analysis/ELSA/figures/damage_repair_calibration_loglog/MNAR_Pmm/S8_S9/damage/adl/cal_COMMUNA.png,figure,no_generated_output
analysis/ELSA/figures/damage_repair_calibration_loglog/MNAR_Pmm/S8_S9/damage/adl/cal_DANGERA.png,figure,no_generated_output
analysis/ELSA/figures/damage_repair_calibration_loglog/MNAR_Pmm/S8_S9/damage/adl/cal_DIMEA.png,figure,no_generated_output
analysis/ELSA/figures/damage_repair_calibration_loglog/MNAR_Pmm/S8_S9/damage/adl/cal_DRESSA.png,figure,no_generated_output
analysis/ELSA/figures/damage_repair_calibration_loglog/MNAR_Pmm/S8_S9/damage/adl/cal_EATA.png,figure,no_generated_output
analysis/ELSA/figures/damage_repair_calibration_loglog/MNAR_Pmm/S8_S9/damage/adl/cal_HOUSEWKA.png,figure,no_generated_output
analysis/ELSA/figures/damage_repair_calibration_loglog/MNAR_Pmm/S8_S9/damage/adl/cal_LIFTA.png,figure,no_generated_output
analysis/ELSA/figures/damage_repair_calibration_loglog/MNAR_Pmm/S8_S9/damage/adl/cal_MAPA.png,figure,no_generated_output
analysis/ELSA/figures/damage_repair_calibration_loglog/MNAR_Pmm/S8_S9/damage/adl/cal_MEALSA.png,figure,no_generated_output
analysis/ELSA/figures/damage_repair_calibration_loglog/MNAR_Pmm/S8_S9/damage/adl/cal_MEDSA.png,figure,no_generated_output
analysis/ELSA/figures/damage_repair_calibration_loglog/MNAR_Pmm/S8_S9/damage/adl/cal_MONEYA.png,figure,no_generated_output
analysis/ELSA/figures/damage_repair_calibration_loglog/MNAR_Pmm/S8_S9/damage/adl/cal_PHONEA.png,figure,no_generated_output
analysis/ELSA/figures/damage_repair_calibration_loglog/MNAR_Pmm/S8_S9/damage/adl/cal_POOLED_adl.png,figure,no_generated_output
analysis/ELSA/figures/damage_repair_calibration_loglog/MNAR_Pmm/S8_S9/damage/adl/cal_PUSHA.png,figure,no_generated_output
analysis/ELSA/figures/damage_repair_calibration_loglog/MNAR_Pmm/S8_S9/damage/adl/cal_SHOPA.png,figure,no_generated_output
analysis/ELSA/figures/damage_repair_calibration_loglog/MNAR_Pmm/S8_S9/damage/adl/cal_SITA.png,figure,no_generated_output
analysis/ELSA/figures/damage_repair_calibration_loglog/MNAR_Pmm/S8_S9/damage/adl/cal_STOOPA.png,figure,no_generated_output
analysis/ELSA/figures/damage_repair_calibration_loglog/MNAR_Pmm/S8_S9/damage/adl/cal_TOILTA.png,figure,no_generated_output
analysis/ELSA/figures/damage_repair_calibration_loglog/MNAR_Pmm/S8_S9/damage/adl/cal_WALK100A.png,figure,no_generated_output
analysis/ELSA/figures/damage_repair_calibration_loglog/MNAR_Pmm/S8_S9/damage/adl/cal_WALKRA.png,figure,no_generated_output
analysis/ELSA/figures/damage_repair_calibration_loglog/MNAR_Pmm/S8_S9/damage/disease/cal_ANGINE.png,figure,no_generated_output
analysis/ELSA/figures/damage_repair_calibration_loglog/MNAR_Pmm/S8_S9/damage/disease/cal_ARTHRE.png,figure,no_generated_output
analysis/ELSA/figures/damage_repair_calibration_loglog/MNAR_Pmm/S8_S9/damage/disease/cal_ASTHMAE.png,figure,no_generated_output
analysis/ELSA/figures/damage_repair_calibration_loglog/MNAR_Pmm/S8_S9/damage/disease/cal_CANCRE.png,figure,no_generated_output
analysis/ELSA/figures/damage_repair_calibration_loglog/MNAR_Pmm/S8_S9/damage/disease/cal_CATRACTE.png,figure,no_generated_output
analysis/ELSA/figures/damage_repair_calibration_loglog/MNAR_Pmm/S8_S9/damage/disease/cal_CONHRTFE.png,figure,no_generated_output
analysis/ELSA/figures/damage_repair_calibration_loglog/MNAR_Pmm/S8_S9/damage/disease/cal_DIABE.png,figure,no_generated_output
analysis/ELSA/figures/damage_repair_calibration_loglog/MNAR_Pmm/S8_S9/damage/disease/cal_HCHOLE.png,figure,no_generated_output
analysis/ELSA/figures/damage_repair_calibration_loglog/MNAR_Pmm/S8_S9/damage/disease/cal_HEARTE.png,figure,no_generated_output
analysis/ELSA/figures/damage_repair_calibration_loglog/MNAR_Pmm/S8_S9/damage/disease/cal_HIBPE.png,figure,no_generated_output
analysis/ELSA/figures/damage_repair_calibration_loglog/MNAR_Pmm/S8_S9/damage/disease/cal_HIPE.png,figure,no_generated_output
analysis/ELSA/figures/damage_repair_calibration_loglog/MNAR_Pmm/S8_S9/damage/disease/cal_HRTATTE.png,figure,no_generated_output
analysis/ELSA/figures/damage_repair_calibration_loglog/MNAR_Pmm/S8_S9/damage/disease/cal_HRTMRE.png,figure,no_generated_output
analysis/ELSA/figures/damage_repair_calibration_loglog/MNAR_Pmm/S8_S9/damage/disease/cal_HRTRHME.png,figure,no_generated_output
analysis/ELSA/figures/damage_repair_calibration_loglog/MNAR_Pmm/S8_S9/damage/disease/cal_LUNGE.png,figure,no_generated_output
analysis/ELSA/figures/damage_repair_calibration_loglog/MNAR_Pmm/S8_S9/damage/disease/cal_OSTEOE.png,figure,no_generated_output
analysis/ELSA/figures/damage_repair_calibration_loglog/MNAR_Pmm/S8_S9/damage/disease/cal_PARKINE.png,figure,no_generated_output
analysis/ELSA/figures/damage_repair_calibration_loglog/MNAR_Pmm/S8_S9/damage/disease/cal_POOLED_disease.png,figure,no_generated_output
analysis/ELSA/figures/damage_repair_calibration_loglog/MNAR_Pmm/S8_S9/damage/disease/cal_PSYCHE.png,figure,no_generated_output
analysis/ELSA/figures/damage_repair_calibration_loglog/MNAR_Pmm/S8_S9/damage/disease/cal_STROKE.png,figure,no_generated_output
analysis/ELSA/figures/damage_repair_calibration_loglog/MNAR_Pmm/S8_S9/repair/adl/cal_ARMSA.png,figure,no_generated_output
analysis/ELSA/figures/damage_repair_calibration_loglog/MNAR_Pmm/S8_S9/repair/adl/cal_BATHA.png,figure,no_generated_output
analysis/ELSA/figures/damage_repair_calibration_loglog/MNAR_Pmm/S8_S9/repair/adl/cal_BEDA.png,figure,no_generated_output
analysis/ELSA/figures/damage_repair_calibration_loglog/MNAR_Pmm/S8_S9/repair/adl/cal_CHAIRA.png,figure,no_generated_output
analysis/ELSA/figures/damage_repair_calibration_loglog/MNAR_Pmm/S8_S9/repair/adl/cal_CLIM1A.png,figure,no_generated_output
analysis/ELSA/figures/damage_repair_calibration_loglog/MNAR_Pmm/S8_S9/repair/adl/cal_CLIMSA.png,figure,no_generated_output
analysis/ELSA/figures/damage_repair_calibration_loglog/MNAR_Pmm/S8_S9/repair/adl/cal_COMMUNA.png,figure,no_generated_output
analysis/ELSA/figures/damage_repair_calibration_loglog/MNAR_Pmm/S8_S9/repair/adl/cal_DIMEA.png,figure,no_generated_output
analysis/ELSA/figures/damage_repair_calibration_loglog/MNAR_Pmm/S8_S9/repair/adl/cal_DRESSA.png,figure,no_generated_output
analysis/ELSA/figures/damage_repair_calibration_loglog/MNAR_Pmm/S8_S9/repair/adl/cal_HOUSEWKA.png,figure,no_generated_output
analysis/ELSA/figures/damage_repair_calibration_loglog/MNAR_Pmm/S8_S9/repair/adl/cal_LIFTA.png,figure,no_generated_output
analysis/ELSA/figures/damage_repair_calibration_loglog/MNAR_Pmm/S8_S9/repair/adl/cal_MAPA.png,figure,no_generated_output
analysis/ELSA/figures/damage_repair_calibration_loglog/MNAR_Pmm/S8_S9/repair/adl/cal_MEALSA.png,figure,no_generated_output
analysis/ELSA/figures/damage_repair_calibration_loglog/MNAR_Pmm/S8_S9/repair/adl/cal_POOLED_adl.png,figure,no_generated_output
analysis/ELSA/figures/damage_repair_calibration_loglog/MNAR_Pmm/S8_S9/repair/adl/cal_PUSHA.png,figure,no_generated_output
analysis/ELSA/figures/damage_repair_calibration_loglog/MNAR_Pmm/S8_S9/repair/adl/cal_SHOPA.png,figure,no_generated_output
analysis/ELSA/figures/damage_repair_calibration_loglog/MNAR_Pmm/S8_S9/repair/adl/cal_SITA.png,figure,no_generated_output
analysis/ELSA/figures/damage_repair_calibration_loglog/MNAR_Pmm/S8_S9/repair/adl/cal_STOOPA.png,figure,no_generated_output
analysis/ELSA/figures/damage_repair_calibration_loglog/MNAR_Pmm/S8_S9/repair/adl/cal_TOILTA.png,figure,no_generated_output
analysis/ELSA/figures/damage_repair_calibration_loglog/MNAR_Pmm/S8_S9/repair/adl/cal_WALK100A.png,figure,no_generated_output
analysis/ELSA/figures/damage_repair_calibration_loglog/MNAR_Pmm/S8_S9/repair/disease/cal_ANGINE.png,figure,no_generated_output
analysis/ELSA/figures/damage_repair_calibration_loglog/MNAR_Pmm/S8_S9/repair/disease/cal_ARTHRE.png,figure,no_generated_output
analysis/ELSA/figures/damage_repair_calibration_loglog/MNAR_Pmm/S8_S9/repair/disease/cal_ASTHMAE.png,figure,no_generated_output
analysis/ELSA/figures/damage_repair_calibration_loglog/MNAR_Pmm/S8_S9/repair/disease/cal_CANCRE.png,figure,no_generated_output
analysis/ELSA/figures/damage_repair_calibration_loglog/MNAR_Pmm/S8_S9/repair/disease/cal_CATRACTE.png,figure,no_generated_output
analysis/ELSA/figures/damage_repair_calibration_loglog/MNAR_Pmm/S8_S9/repair/disease/cal_DIABE.png,figure,no_generated_output
analysis/ELSA/figures/damage_repair_calibration_loglog/MNAR_Pmm/S8_S9/repair/disease/cal_HCHOLE.png,figure,no_generated_output
analysis/ELSA/figures/damage_repair_calibration_loglog/MNAR_Pmm/S8_S9/repair/disease/cal_HIBPE.png,figure,no_generated_output
analysis/ELSA/figures/damage_repair_calibration_loglog/MNAR_Pmm/S8_S9/repair/disease/cal_HRTATTE.png,figure,no_generated_output
analysis/ELSA/figures/damage_repair_calibration_loglog/MNAR_Pmm/S8_S9/repair/disease/cal_HRTMRE.png,figure,no_generated_output
analysis/ELSA/figures/damage_repair_calibration_loglog/MNAR_Pmm/S8_S9/repair/disease/cal_HRTRHME.png,figure,no_generated_output
analysis/ELSA/figures/damage_repair_calibration_loglog/MNAR_Pmm/S8_S9/repair/disease/cal_LUNGE.png,figure,no_generated_output
analysis/ELSA/figures/damage_repair_calibration_loglog/MNAR_Pmm/S8_S9/repair/disease/cal_OSTEOE.png,figure,no_generated_output
analysis/ELSA/figures/damage_repair_calibration_loglog/MNAR_Pmm/S8_S9/repair/disease/cal_POOLED_disease.png,figure,no_generated_output
analysis/ELSA/figures/damage_repair_calibration_loglog/MNAR_Pmm/S8_S9/repair/disease/cal_PSYCHE.png,figure,no_generated_output
analysis/ELSA/figures/damage_repair_calibration_loglog/MNAR_Pmm/S8_S9/repair/disease/cal_STROKE.png,figure,no_generated_output
analysis/ELSA/figures/damage_repair_transition_metrics/MNAR_Pmm/damage/mean_auc_by_transition.png,figure,no_generated_output
analysis/ELSA/figures/damage_repair_transition_metrics/MNAR_Pmm/damage/mean_brier_by_transition.png,figure,no_generated_output
analysis/ELSA/figures/damage_repair_transition_metrics/MNAR_Pmm/damage/mean_ece_by_transition.png,figure,no_generated_output
analysis/ELSA/figures/damage_repair_transition_metrics/MNAR_Pmm/damage/mean_r2cal_by_transition.png,figure,no_generated_output
analysis/ELSA/figures/damage_repair_transition_metrics/MNAR_Pmm/repair/mean_auc_by_transition.png,figure,no_generated_output
analysis/ELSA/figures/damage_repair_transition_metrics/MNAR_Pmm/repair/mean_brier_by_transition.png,figure,no_generated_output
analysis/ELSA/figures/damage_repair_transition_metrics/MNAR_Pmm/repair/mean_ece_by_transition.png,figure,no_generated_output
analysis/ELSA/figures/damage_repair_transition_metrics/MNAR_Pmm/repair/mean_r2cal_by_transition.png,figure,no_generated_output
analysis/ELSA/figures/damage_risk_vs_age/MNAR_Pmm/damage_risk_vs_age_by_transition.png,figure,no_generated_output
analysis/ELSA/figures/damage_risk_vs_age/MNAR_Pmm/damage_risk_vs_age_pooled.png,figure,no_generated_output
analysis/ELSA/figures/decision_curve/MNAR_Pmm/damage/decision_curve_summary_table.png,figure,no_generated_output
analysis/ELSA/figures/decision_curve/MNAR_Pmm/damage/pooled_decision_curve.png,figure,no_generated_output
analysis/ELSA/figures/decision_curve/MNAR_Pmm/repair/decision_curve_summary_table.png,figure,no_generated_output
analysis/ELSA/figures/decision_curve/MNAR_Pmm/repair/pooled_decision_curve.png,figure,no_generated_output
analysis/ELSA/figures/decision_curve/MNAR_Pmm/standard/decision_curve_summary_table.png,figure,no_generated_output
analysis/ELSA/figures/decision_curve/MNAR_Pmm/standard/pooled_decision_curve.png,figure,no_generated_output
analysis/ELSA/figures/ece_plots/ELSA_SHARED/01_ece_box_by_transition.png,figure,no_generated_output
analysis/ELSA/figures/ece_plots/ELSA_SHARED/02_ece_vs_prevalence.png,figure,no_generated_output
analysis/ELSA/figures/ece_plots/ELSA_SHARED/03_ece_heatmap_transition_by_type_DNN.png,figure,no_generated_output
analysis/ELSA/figures/ece_plots/ELSA_SHARED/03_ece_heatmap_transition_by_type_LR.png,figure,no_generated_output
analysis/ELSA/figures/ece_plots/ELSA_SHARED/04_delta_ece_worst_targets.png,figure,no_generated_output
analysis/ELSA/figures/ece_plots/MNAR_Pmm/01_ece_box_by_transition.png,figure,no_generated_output
analysis/ELSA/figures/ece_plots/MNAR_Pmm/02_ece_vs_prevalence.png,figure,no_generated_output
analysis/ELSA/figures/ece_plots/MNAR_Pmm/03_ece_heatmap_transition_by_type_DNN.png,figure,no_generated_output
analysis/ELSA/figures/ece_plots/MNAR_Pmm/03_ece_heatmap_transition_by_type_LR.png,figure,no_generated_output
analysis/ELSA/figures/ece_plots/MNAR_Pmm/04_delta_ece_worst_targets.png,figure,no_generated_output
analysis/ELSA/figures/feature_selection/stable_mrmr/MNAR_Pmm/feature_stability.png,figure,no_generated_output
analysis/ELSA/figures/feature_selection/stable_mrmr/MNAR_Pmm/reduced_vs_full_comparison.png,figure,no_generated_output
analysis/ELSA/figures/feature_selection/stable_mrmr/MNAR_Pmm/selection_curves_auc_brier.png,figure,no_generated_output
analysis/ELSA/figures/feature_selection/stable_mrmr/MNAR_Pmm/selection_curves_ece_r2.png,figure,no_generated_output
analysis/ELSA/figures/hazard_ratio/ELSA_SHARED/DNN/HR_ADL.png,figure,no_generated_output
analysis/ELSA/figures/hazard_ratio/ELSA_SHARED/DNN/HR_Disease.png,figure,no_generated_output
analysis/ELSA/figures/hazard_ratio/ELSA_SHARED/DNN/per_transition/S1_S2/HR_ADL.png,figure,no_generated_output
analysis/ELSA/figures/hazard_ratio/ELSA_SHARED/DNN/per_transition/S1_S2/HR_Disease.png,figure,no_generated_output
analysis/ELSA/figures/hazard_ratio/ELSA_SHARED/DNN/per_transition/S2_S3/HR_ADL.png,figure,no_generated_output
analysis/ELSA/figures/hazard_ratio/ELSA_SHARED/DNN/per_transition/S2_S3/HR_Disease.png,figure,no_generated_output
analysis/ELSA/figures/hazard_ratio/ELSA_SHARED/DNN/per_transition/S3_S4/HR_ADL.png,figure,no_generated_output
analysis/ELSA/figures/hazard_ratio/ELSA_SHARED/DNN/per_transition/S3_S4/HR_Disease.png,figure,no_generated_output
analysis/ELSA/figures/hazard_ratio/ELSA_SHARED/DNN/per_transition/S4_S5/HR_ADL.png,figure,no_generated_output
analysis/ELSA/figures/hazard_ratio/ELSA_SHARED/DNN/per_transition/S4_S5/HR_Disease.png,figure,no_generated_output
analysis/ELSA/figures/hazard_ratio/ELSA_SHARED/DNN/per_transition/S5_S6/HR_ADL.png,figure,no_generated_output
analysis/ELSA/figures/hazard_ratio/ELSA_SHARED/DNN/per_transition/S5_S6/HR_Disease.png,figure,no_generated_output
analysis/ELSA/figures/hazard_ratio/ELSA_SHARED/DNN/per_transition/S6_S7/HR_ADL.png,figure,no_generated_output
analysis/ELSA/figures/hazard_ratio/ELSA_SHARED/DNN/per_transition/S6_S7/HR_Disease.png,figure,no_generated_output
analysis/ELSA/figures/hazard_ratio/ELSA_SHARED/DNN/per_transition/S7_S8/HR_ADL.png,figure,no_generated_output
analysis/ELSA/figures/hazard_ratio/ELSA_SHARED/DNN/per_transition/S7_S8/HR_Disease.png,figure,no_generated_output
analysis/ELSA/figures/hazard_ratio/ELSA_SHARED/DNN/per_transition/S8_S9/HR_ADL.png,figure,no_generated_output
analysis/ELSA/figures/hazard_ratio/ELSA_SHARED/DNN/per_transition/S8_S9/HR_Disease.png,figure,no_generated_output
analysis/ELSA/figures/hazard_ratio/ELSA_SHARED/LR/HR_ADL.png,figure,no_generated_output
analysis/ELSA/figures/hazard_ratio/ELSA_SHARED/LR/HR_Disease.png,figure,no_generated_output
analysis/ELSA/figures/hazard_ratio/ELSA_SHARED/LR/per_transition/S1_S2/HR_ADL.png,figure,no_generated_output
analysis/ELSA/figures/hazard_ratio/ELSA_SHARED/LR/per_transition/S1_S2/HR_Disease.png,figure,no_generated_output
analysis/ELSA/figures/hazard_ratio/ELSA_SHARED/LR/per_transition/S2_S3/HR_ADL.png,figure,no_generated_output
analysis/ELSA/figures/hazard_ratio/ELSA_SHARED/LR/per_transition/S2_S3/HR_Disease.png,figure,no_generated_output
analysis/ELSA/figures/hazard_ratio/ELSA_SHARED/LR/per_transition/S3_S4/HR_ADL.png,figure,no_generated_output
analysis/ELSA/figures/hazard_ratio/ELSA_SHARED/LR/per_transition/S3_S4/HR_Disease.png,figure,no_generated_output
analysis/ELSA/figures/hazard_ratio/ELSA_SHARED/LR/per_transition/S4_S5/HR_ADL.png,figure,no_generated_output
analysis/ELSA/figures/hazard_ratio/ELSA_SHARED/LR/per_transition/S4_S5/HR_Disease.png,figure,no_generated_output
analysis/ELSA/figures/hazard_ratio/ELSA_SHARED/LR/per_transition/S5_S6/HR_ADL.png,figure,no_generated_output
analysis/ELSA/figures/hazard_ratio/ELSA_SHARED/LR/per_transition/S5_S6/HR_Disease.png,figure,no_generated_output
analysis/ELSA/figures/hazard_ratio/ELSA_SHARED/LR/per_transition/S6_S7/HR_ADL.png,figure,no_generated_output
analysis/ELSA/figures/hazard_ratio/ELSA_SHARED/LR/per_transition/S6_S7/HR_Disease.png,figure,no_generated_output
analysis/ELSA/figures/hazard_ratio/ELSA_SHARED/LR/per_transition/S7_S8/HR_ADL.png,figure,no_generated_output
analysis/ELSA/figures/hazard_ratio/ELSA_SHARED/LR/per_transition/S7_S8/HR_Disease.png,figure,no_generated_output
analysis/ELSA/figures/hazard_ratio/ELSA_SHARED/LR/per_transition/S8_S9/HR_ADL.png,figure,no_generated_output
analysis/ELSA/figures/hazard_ratio/ELSA_SHARED/LR/per_transition/S8_S9/HR_Disease.png,figure,no_generated_output
analysis/ELSA/figures/hazard_ratio/MNAR_Pmm/DNN/HR_ADL.png,figure,no_generated_output
analysis/ELSA/figures/hazard_ratio/MNAR_Pmm/DNN/HR_Disease.png,figure,no_generated_output
analysis/ELSA/figures/hazard_ratio/MNAR_Pmm/DNN/per_transition/S1_S2/HR_ADL.png,figure,no_generated_output
analysis/ELSA/figures/hazard_ratio/MNAR_Pmm/DNN/per_transition/S1_S2/HR_Disease.png,figure,no_generated_output
analysis/ELSA/figures/hazard_ratio/MNAR_Pmm/DNN/per_transition/S2_S3/HR_ADL.png,figure,no_generated_output
analysis/ELSA/figures/hazard_ratio/MNAR_Pmm/DNN/per_transition/S2_S3/HR_Disease.png,figure,no_generated_output
analysis/ELSA/figures/hazard_ratio/MNAR_Pmm/DNN/per_transition/S3_S4/HR_ADL.png,figure,no_generated_output
analysis/ELSA/figures/hazard_ratio/MNAR_Pmm/DNN/per_transition/S3_S4/HR_Disease.png,figure,no_generated_output
analysis/ELSA/figures/hazard_ratio/MNAR_Pmm/DNN/per_transition/S4_S5/HR_ADL.png,figure,no_generated_output
analysis/ELSA/figures/hazard_ratio/MNAR_Pmm/DNN/per_transition/S4_S5/HR_Disease.png,figure,no_generated_output
analysis/ELSA/figures/hazard_ratio/MNAR_Pmm/DNN/per_transition/S5_S6/HR_ADL.png,figure,no_generated_output
analysis/ELSA/figures/hazard_ratio/MNAR_Pmm/DNN/per_transition/S5_S6/HR_Disease.png,figure,no_generated_output
analysis/ELSA/figures/hazard_ratio/MNAR_Pmm/DNN/per_transition/S6_S7/HR_ADL.png,figure,no_generated_output
analysis/ELSA/figures/hazard_ratio/MNAR_Pmm/DNN/per_transition/S6_S7/HR_Disease.png,figure,no_generated_output
analysis/ELSA/figures/hazard_ratio/MNAR_Pmm/DNN/per_transition/S7_S8/HR_ADL.png,figure,no_generated_output
analysis/ELSA/figures/hazard_ratio/MNAR_Pmm/DNN/per_transition/S7_S8/HR_Disease.png,figure,no_generated_output
analysis/ELSA/figures/hazard_ratio/MNAR_Pmm/DNN/per_transition/S8_S9/HR_ADL.png,figure,no_generated_output
analysis/ELSA/figures/hazard_ratio/MNAR_Pmm/DNN/per_transition/S8_S9/HR_Disease.png,figure,no_generated_output
analysis/ELSA/figures/hazard_ratio/MNAR_Pmm/LR/HR_ADL.png,figure,no_generated_output
analysis/ELSA/figures/hazard_ratio/MNAR_Pmm/LR/HR_Disease.png,figure,no_generated_output
analysis/ELSA/figures/hazard_ratio/MNAR_Pmm/LR/per_transition/S1_S2/HR_ADL.png,figure,no_generated_output
analysis/ELSA/figures/hazard_ratio/MNAR_Pmm/LR/per_transition/S1_S2/HR_Disease.png,figure,no_generated_output
analysis/ELSA/figures/hazard_ratio/MNAR_Pmm/LR/per_transition/S2_S3/HR_ADL.png,figure,no_generated_output
analysis/ELSA/figures/hazard_ratio/MNAR_Pmm/LR/per_transition/S2_S3/HR_Disease.png,figure,no_generated_output
analysis/ELSA/figures/hazard_ratio/MNAR_Pmm/LR/per_transition/S3_S4/HR_ADL.png,figure,no_generated_output
analysis/ELSA/figures/hazard_ratio/MNAR_Pmm/LR/per_transition/S3_S4/HR_Disease.png,figure,no_generated_output
analysis/ELSA/figures/hazard_ratio/MNAR_Pmm/LR/per_transition/S4_S5/HR_ADL.png,figure,no_generated_output
analysis/ELSA/figures/hazard_ratio/MNAR_Pmm/LR/per_transition/S4_S5/HR_Disease.png,figure,no_generated_output
analysis/ELSA/figures/hazard_ratio/MNAR_Pmm/LR/per_transition/S5_S6/HR_ADL.png,figure,no_generated_output
analysis/ELSA/figures/hazard_ratio/MNAR_Pmm/LR/per_transition/S5_S6/HR_Disease.png,figure,no_generated_output
analysis/ELSA/figures/hazard_ratio/MNAR_Pmm/LR/per_transition/S6_S7/HR_ADL.png,figure,no_generated_output
analysis/ELSA/figures/hazard_ratio/MNAR_Pmm/LR/per_transition/S6_S7/HR_Disease.png,figure,no_generated_output
analysis/ELSA/figures/hazard_ratio/MNAR_Pmm/LR/per_transition/S7_S8/HR_ADL.png,figure,no_generated_output
analysis/ELSA/figures/hazard_ratio/MNAR_Pmm/LR/per_transition/S7_S8/HR_Disease.png,figure,no_generated_output
analysis/ELSA/figures/hazard_ratio/MNAR_Pmm/LR/per_transition/S8_S9/HR_ADL.png,figure,no_generated_output
analysis/ELSA/figures/hazard_ratio/MNAR_Pmm/LR/per_transition/S8_S9/HR_Disease.png,figure,no_generated_output
analysis/ELSA/figures/lr_coefficients/MNAR_Pmm/lr_beta_heatmap_top_predictors.png,figure,no_generated_output
analysis/ELSA/figures/metrics_by_target/MNAR_Pmm/damage/mean_auc_by_target.png,figure,no_generated_output
analysis/ELSA/figures/metrics_by_target/MNAR_Pmm/damage/mean_brier_by_target.png,figure,no_generated_output
analysis/ELSA/figures/metrics_by_target/MNAR_Pmm/damage/mean_ece_by_target.png,figure,no_generated_output
analysis/ELSA/figures/metrics_by_target/MNAR_Pmm/damage/mean_r2cal_by_target.png,figure,no_generated_output
analysis/ELSA/figures/metrics_by_target/MNAR_Pmm/repair/mean_auc_by_target.png,figure,no_generated_output
analysis/ELSA/figures/metrics_by_target/MNAR_Pmm/repair/mean_brier_by_target.png,figure,no_generated_output
analysis/ELSA/figures/metrics_by_target/MNAR_Pmm/repair/mean_ece_by_target.png,figure,no_generated_output
analysis/ELSA/figures/metrics_by_target/MNAR_Pmm/repair/mean_r2cal_by_target.png,figure,no_generated_output
analysis/ELSA/figures/metrics_by_target/MNAR_Pmm/standard/mean_auc_by_target.png,figure,no_generated_output
analysis/ELSA/figures/metrics_by_target/MNAR_Pmm/standard/mean_brier_by_target.png,figure,no_generated_output
analysis/ELSA/figures/metrics_by_target/MNAR_Pmm/standard/mean_ece_by_target.png,figure,no_generated_output
analysis/ELSA/figures/metrics_by_target/MNAR_Pmm/standard/mean_r2cal_by_target.png,figure,no_generated_output
analysis/HRS/figures/by_sex/calibration/HRS_SHARED/female/pooled_adl.png,figure,no_generated_output
analysis/HRS/figures/by_sex/calibration/HRS_SHARED/female/pooled_all.png,figure,no_generated_output
analysis/HRS/figures/by_sex/calibration/HRS_SHARED/female/pooled_disease.png,figure,no_generated_output
analysis/HRS/figures/by_sex/calibration/HRS_SHARED/male/pooled_adl.png,figure,no_generated_output
analysis/HRS/figures/by_sex/calibration/HRS_SHARED/male/pooled_all.png,figure,no_generated_output
analysis/HRS/figures/by_sex/calibration/HRS_SHARED/male/pooled_disease.png,figure,no_generated_output
analysis/HRS/figures/by_sex/damage_repair_calibration/HRS_SHARED/female/damage/pooled_adl.png,figure,no_generated_output
analysis/HRS/figures/by_sex/damage_repair_calibration/HRS_SHARED/female/damage/pooled_all.png,figure,no_generated_output
analysis/HRS/figures/by_sex/damage_repair_calibration/HRS_SHARED/female/damage/pooled_disease.png,figure,no_generated_output
analysis/HRS/figures/by_sex/damage_repair_calibration/HRS_SHARED/female/repair/pooled_adl.png,figure,no_generated_output
analysis/HRS/figures/by_sex/damage_repair_calibration/HRS_SHARED/female/repair/pooled_all.png,figure,no_generated_output
analysis/HRS/figures/by_sex/damage_repair_calibration/HRS_SHARED/female/repair/pooled_disease.png,figure,no_generated_output
analysis/HRS/figures/by_sex/damage_repair_calibration/HRS_SHARED/male/damage/pooled_adl.png,figure,no_generated_output
analysis/HRS/figures/by_sex/damage_repair_calibration/HRS_SHARED/male/damage/pooled_all.png,figure,no_generated_output
analysis/HRS/figures/by_sex/damage_repair_calibration/HRS_SHARED/male/damage/pooled_disease.png,figure,no_generated_output
analysis/HRS/figures/by_sex/damage_repair_calibration/HRS_SHARED/male/repair/pooled_adl.png,figure,no_generated_output
analysis/HRS/figures/by_sex/damage_repair_calibration/HRS_SHARED/male/repair/pooled_all.png,figure,no_generated_output
analysis/HRS/figures/by_sex/damage_repair_calibration/HRS_SHARED/male/repair/pooled_disease.png,figure,no_generated_output
analysis/HRS/figures/by_sex/damage_repair_transition_metrics/HRS_SHARED/damage/female/mean_auc_by_transition.png,figure,no_generated_output
analysis/HRS/figures/by_sex/damage_repair_transition_metrics/HRS_SHARED/damage/female/mean_brier_by_transition.png,figure,no_generated_output
analysis/HRS/figures/by_sex/damage_repair_transition_metrics/HRS_SHARED/damage/female/mean_ece_by_transition.png,figure,no_generated_output
analysis/HRS/figures/by_sex/damage_repair_transition_metrics/HRS_SHARED/damage/female/mean_r2cal_by_transition.png,figure,no_generated_output
analysis/HRS/figures/by_sex/damage_repair_transition_metrics/HRS_SHARED/damage/male/mean_auc_by_transition.png,figure,no_generated_output
analysis/HRS/figures/by_sex/damage_repair_transition_metrics/HRS_SHARED/damage/male/mean_brier_by_transition.png,figure,no_generated_output
analysis/HRS/figures/by_sex/damage_repair_transition_metrics/HRS_SHARED/damage/male/mean_ece_by_transition.png,figure,no_generated_output
analysis/HRS/figures/by_sex/damage_repair_transition_metrics/HRS_SHARED/damage/male/mean_r2cal_by_transition.png,figure,no_generated_output
analysis/HRS/figures/by_sex/damage_repair_transition_metrics/HRS_SHARED/repair/female/mean_auc_by_transition.png,figure,no_generated_output
analysis/HRS/figures/by_sex/damage_repair_transition_metrics/HRS_SHARED/repair/female/mean_brier_by_transition.png,figure,no_generated_output
analysis/HRS/figures/by_sex/damage_repair_transition_metrics/HRS_SHARED/repair/female/mean_ece_by_transition.png,figure,no_generated_output
analysis/HRS/figures/by_sex/damage_repair_transition_metrics/HRS_SHARED/repair/female/mean_r2cal_by_transition.png,figure,no_generated_output
analysis/HRS/figures/by_sex/damage_repair_transition_metrics/HRS_SHARED/repair/male/mean_auc_by_transition.png,figure,no_generated_output
analysis/HRS/figures/by_sex/damage_repair_transition_metrics/HRS_SHARED/repair/male/mean_brier_by_transition.png,figure,no_generated_output
analysis/HRS/figures/by_sex/damage_repair_transition_metrics/HRS_SHARED/repair/male/mean_ece_by_transition.png,figure,no_generated_output
analysis/HRS/figures/by_sex/damage_repair_transition_metrics/HRS_SHARED/repair/male/mean_r2cal_by_transition.png,figure,no_generated_output
analysis/HRS/figures/by_sex/damage_risk_vs_age/HRS_SHARED/damage_risk_vs_age_by_sex.png,figure,no_generated_output
analysis/HRS/figures/by_sex/risk_vs_age/HRS_SHARED/adl_female_risk_vs_age.png,figure,no_generated_output
analysis/HRS/figures/by_sex/risk_vs_age/HRS_SHARED/adl_male_risk_vs_age.png,figure,no_generated_output
analysis/HRS/figures/by_sex/risk_vs_age/HRS_SHARED/disease_female_risk_vs_age.png,figure,no_generated_output
analysis/HRS/figures/by_sex/risk_vs_age/HRS_SHARED/disease_male_risk_vs_age.png,figure,no_generated_output
analysis/HRS/figures/by_sex/transition_metrics/HRS_SHARED/female/mean_auc_by_transition.png,figure,no_generated_output
analysis/HRS/figures/by_sex/transition_metrics/HRS_SHARED/female/mean_brier_by_transition.png,figure,no_generated_output
analysis/HRS/figures/by_sex/transition_metrics/HRS_SHARED/female/mean_ece_by_transition.png,figure,no_generated_output
analysis/HRS/figures/by_sex/transition_metrics/HRS_SHARED/female/mean_r2cal_by_transition.png,figure,no_generated_output
analysis/HRS/figures/by_sex/transition_metrics/HRS_SHARED/male/mean_auc_by_transition.png,figure,no_generated_output
analysis/HRS/figures/by_sex/transition_metrics/HRS_SHARED/male/mean_brier_by_transition.png,figure,no_generated_output
analysis/HRS/figures/by_sex/transition_metrics/HRS_SHARED/male/mean_ece_by_transition.png,figure,no_generated_output
analysis/HRS/figures/by_sex/transition_metrics/HRS_SHARED/male/mean_r2cal_by_transition.png,figure,no_generated_output
analysis/HRS/figures/calibration/HRS_SHARED/S10_S11/ARMSA.png,figure,no_generated_output
analysis/HRS/figures/calibration/HRS_SHARED/S10_S11/ARTHRE.png,figure,no_generated_output
analysis/HRS/figures/calibration/HRS_SHARED/S10_S11/BATHA.png,figure,no_generated_output
analysis/HRS/figures/calibration/HRS_SHARED/S10_S11/BEDA.png,figure,no_generated_output
analysis/HRS/figures/calibration/HRS_SHARED/S10_S11/CANCRE.png,figure,no_generated_output
analysis/HRS/figures/calibration/HRS_SHARED/S10_S11/CHAIRA.png,figure,no_generated_output
analysis/HRS/figures/calibration/HRS_SHARED/S10_S11/CLIM1A.png,figure,no_generated_output
analysis/HRS/figures/calibration/HRS_SHARED/S10_S11/CLIMSA.png,figure,no_generated_output
analysis/HRS/figures/calibration/HRS_SHARED/S10_S11/DIABE.png,figure,no_generated_output
analysis/HRS/figures/calibration/HRS_SHARED/S10_S11/DIMEA.png,figure,no_generated_output
analysis/HRS/figures/calibration/HRS_SHARED/S10_S11/DRESSA.png,figure,no_generated_output
analysis/HRS/figures/calibration/HRS_SHARED/S10_S11/EATA.png,figure,no_generated_output
analysis/HRS/figures/calibration/HRS_SHARED/S10_S11/HEARTE.png,figure,no_generated_output
analysis/HRS/figures/calibration/HRS_SHARED/S10_S11/HIBPE.png,figure,no_generated_output
analysis/HRS/figures/calibration/HRS_SHARED/S10_S11/LIFTA.png,figure,no_generated_output
analysis/HRS/figures/calibration/HRS_SHARED/S10_S11/LUNGE.png,figure,no_generated_output
analysis/HRS/figures/calibration/HRS_SHARED/S10_S11/MONEYA.png,figure,no_generated_output
analysis/HRS/figures/calibration/HRS_SHARED/S10_S11/PHONEA.png,figure,no_generated_output
analysis/HRS/figures/calibration/HRS_SHARED/S10_S11/POOLED_adl.png,figure,no_generated_output
analysis/HRS/figures/calibration/HRS_SHARED/S10_S11/POOLED_all.png,figure,no_generated_output
analysis/HRS/figures/calibration/HRS_SHARED/S10_S11/POOLED_disease.png,figure,no_generated_output
analysis/HRS/figures/calibration/HRS_SHARED/S10_S11/PUSHA.png,figure,no_generated_output
analysis/HRS/figures/calibration/HRS_SHARED/S10_S11/SHOPA.png,figure,no_generated_output
analysis/HRS/figures/calibration/HRS_SHARED/S10_S11/STOOPA.png,figure,no_generated_output
analysis/HRS/figures/calibration/HRS_SHARED/S10_S11/STROKE.png,figure,no_generated_output
analysis/HRS/figures/calibration/HRS_SHARED/S10_S11/TOILTA.png,figure,no_generated_output
analysis/HRS/figures/calibration/HRS_SHARED/S10_S11/WALKRA.png,figure,no_generated_output
analysis/HRS/figures/calibration/HRS_SHARED/S11_S12/ARMSA.png,figure,no_generated_output
analysis/HRS/figures/calibration/HRS_SHARED/S11_S12/ARTHRE.png,figure,no_generated_output
analysis/HRS/figures/calibration/HRS_SHARED/S11_S12/BATHA.png,figure,no_generated_output
analysis/HRS/figures/calibration/HRS_SHARED/S11_S12/BEDA.png,figure,no_generated_output
analysis/HRS/figures/calibration/HRS_SHARED/S11_S12/CANCRE.png,figure,no_generated_output
analysis/HRS/figures/calibration/HRS_SHARED/S11_S12/CHAIRA.png,figure,no_generated_output
analysis/HRS/figures/calibration/HRS_SHARED/S11_S12/CLIM1A.png,figure,no_generated_output
analysis/HRS/figures/calibration/HRS_SHARED/S11_S12/CLIMSA.png,figure,no_generated_output
analysis/HRS/figures/calibration/HRS_SHARED/S11_S12/DIABE.png,figure,no_generated_output
analysis/HRS/figures/calibration/HRS_SHARED/S11_S12/DIMEA.png,figure,no_generated_output
analysis/HRS/figures/calibration/HRS_SHARED/S11_S12/DRESSA.png,figure,no_generated_output
analysis/HRS/figures/calibration/HRS_SHARED/S11_S12/EATA.png,figure,no_generated_output
analysis/HRS/figures/calibration/HRS_SHARED/S11_S12/HEARTE.png,figure,no_generated_output
analysis/HRS/figures/calibration/HRS_SHARED/S11_S12/HIBPE.png,figure,no_generated_output
analysis/HRS/figures/calibration/HRS_SHARED/S11_S12/LIFTA.png,figure,no_generated_output
analysis/HRS/figures/calibration/HRS_SHARED/S11_S12/LUNGE.png,figure,no_generated_output
analysis/HRS/figures/calibration/HRS_SHARED/S11_S12/MONEYA.png,figure,no_generated_output
analysis/HRS/figures/calibration/HRS_SHARED/S11_S12/PHONEA.png,figure,no_generated_output
analysis/HRS/figures/calibration/HRS_SHARED/S11_S12/POOLED_adl.png,figure,no_generated_output
analysis/HRS/figures/calibration/HRS_SHARED/S11_S12/POOLED_all.png,figure,no_generated_output
analysis/HRS/figures/calibration/HRS_SHARED/S11_S12/POOLED_disease.png,figure,no_generated_output
analysis/HRS/figures/calibration/HRS_SHARED/S11_S12/PUSHA.png,figure,no_generated_output
analysis/HRS/figures/calibration/HRS_SHARED/S11_S12/SHOPA.png,figure,no_generated_output
analysis/HRS/figures/calibration/HRS_SHARED/S11_S12/STOOPA.png,figure,no_generated_output
analysis/HRS/figures/calibration/HRS_SHARED/S11_S12/STROKE.png,figure,no_generated_output
analysis/HRS/figures/calibration/HRS_SHARED/S11_S12/TOILTA.png,figure,no_generated_output
analysis/HRS/figures/calibration/HRS_SHARED/S11_S12/WALKRA.png,figure,no_generated_output
analysis/HRS/figures/calibration/HRS_SHARED/S12_S13/ARMSA.png,figure,no_generated_output
analysis/HRS/figures/calibration/HRS_SHARED/S12_S13/ARTHRE.png,figure,no_generated_output
analysis/HRS/figures/calibration/HRS_SHARED/S12_S13/BATHA.png,figure,no_generated_output
analysis/HRS/figures/calibration/HRS_SHARED/S12_S13/BEDA.png,figure,no_generated_output
analysis/HRS/figures/calibration/HRS_SHARED/S12_S13/CANCRE.png,figure,no_generated_output
analysis/HRS/figures/calibration/HRS_SHARED/S12_S13/CHAIRA.png,figure,no_generated_output
analysis/HRS/figures/calibration/HRS_SHARED/S12_S13/CLIM1A.png,figure,no_generated_output
analysis/HRS/figures/calibration/HRS_SHARED/S12_S13/CLIMSA.png,figure,no_generated_output
analysis/HRS/figures/calibration/HRS_SHARED/S12_S13/DIABE.png,figure,no_generated_output
analysis/HRS/figures/calibration/HRS_SHARED/S12_S13/DIMEA.png,figure,no_generated_output
analysis/HRS/figures/calibration/HRS_SHARED/S12_S13/DRESSA.png,figure,no_generated_output
analysis/HRS/figures/calibration/HRS_SHARED/S12_S13/EATA.png,figure,no_generated_output
analysis/HRS/figures/calibration/HRS_SHARED/S12_S13/HEARTE.png,figure,no_generated_output
analysis/HRS/figures/calibration/HRS_SHARED/S12_S13/HIBPE.png,figure,no_generated_output
analysis/HRS/figures/calibration/HRS_SHARED/S12_S13/LIFTA.png,figure,no_generated_output
analysis/HRS/figures/calibration/HRS_SHARED/S12_S13/LUNGE.png,figure,no_generated_output
analysis/HRS/figures/calibration/HRS_SHARED/S12_S13/MONEYA.png,figure,no_generated_output
analysis/HRS/figures/calibration/HRS_SHARED/S12_S13/PHONEA.png,figure,no_generated_output
analysis/HRS/figures/calibration/HRS_SHARED/S12_S13/POOLED_adl.png,figure,no_generated_output
analysis/HRS/figures/calibration/HRS_SHARED/S12_S13/POOLED_all.png,figure,no_generated_output
analysis/HRS/figures/calibration/HRS_SHARED/S12_S13/POOLED_disease.png,figure,no_generated_output
analysis/HRS/figures/calibration/HRS_SHARED/S12_S13/PUSHA.png,figure,no_generated_output
analysis/HRS/figures/calibration/HRS_SHARED/S12_S13/SHOPA.png,figure,no_generated_output
analysis/HRS/figures/calibration/HRS_SHARED/S12_S13/STOOPA.png,figure,no_generated_output
analysis/HRS/figures/calibration/HRS_SHARED/S12_S13/STROKE.png,figure,no_generated_output
analysis/HRS/figures/calibration/HRS_SHARED/S12_S13/TOILTA.png,figure,no_generated_output
analysis/HRS/figures/calibration/HRS_SHARED/S12_S13/WALKRA.png,figure,no_generated_output
analysis/HRS/figures/calibration/HRS_SHARED/S13_S14/ARMSA.png,figure,no_generated_output
analysis/HRS/figures/calibration/HRS_SHARED/S13_S14/ARTHRE.png,figure,no_generated_output
analysis/HRS/figures/calibration/HRS_SHARED/S13_S14/BATHA.png,figure,no_generated_output
analysis/HRS/figures/calibration/HRS_SHARED/S13_S14/BEDA.png,figure,no_generated_output
analysis/HRS/figures/calibration/HRS_SHARED/S13_S14/CANCRE.png,figure,no_generated_output
analysis/HRS/figures/calibration/HRS_SHARED/S13_S14/CHAIRA.png,figure,no_generated_output
analysis/HRS/figures/calibration/HRS_SHARED/S13_S14/CLIM1A.png,figure,no_generated_output
analysis/HRS/figures/calibration/HRS_SHARED/S13_S14/CLIMSA.png,figure,no_generated_output
analysis/HRS/figures/calibration/HRS_SHARED/S13_S14/DIABE.png,figure,no_generated_output
analysis/HRS/figures/calibration/HRS_SHARED/S13_S14/DIMEA.png,figure,no_generated_output
analysis/HRS/figures/calibration/HRS_SHARED/S13_S14/DRESSA.png,figure,no_generated_output
analysis/HRS/figures/calibration/HRS_SHARED/S13_S14/EATA.png,figure,no_generated_output
analysis/HRS/figures/calibration/HRS_SHARED/S13_S14/HEARTE.png,figure,no_generated_output
analysis/HRS/figures/calibration/HRS_SHARED/S13_S14/HIBPE.png,figure,no_generated_output
analysis/HRS/figures/calibration/HRS_SHARED/S13_S14/LIFTA.png,figure,no_generated_output
analysis/HRS/figures/calibration/HRS_SHARED/S13_S14/LUNGE.png,figure,no_generated_output
analysis/HRS/figures/calibration/HRS_SHARED/S13_S14/MONEYA.png,figure,no_generated_output
analysis/HRS/figures/calibration/HRS_SHARED/S13_S14/PHONEA.png,figure,no_generated_output
analysis/HRS/figures/calibration/HRS_SHARED/S13_S14/POOLED_adl.png,figure,no_generated_output
analysis/HRS/figures/calibration/HRS_SHARED/S13_S14/POOLED_all.png,figure,no_generated_output
analysis/HRS/figures/calibration/HRS_SHARED/S13_S14/POOLED_disease.png,figure,no_generated_output
analysis/HRS/figures/calibration/HRS_SHARED/S13_S14/PUSHA.png,figure,no_generated_output
analysis/HRS/figures/calibration/HRS_SHARED/S13_S14/SHOPA.png,figure,no_generated_output
analysis/HRS/figures/calibration/HRS_SHARED/S13_S14/STOOPA.png,figure,no_generated_output
analysis/HRS/figures/calibration/HRS_SHARED/S13_S14/STROKE.png,figure,no_generated_output
analysis/HRS/figures/calibration/HRS_SHARED/S13_S14/TOILTA.png,figure,no_generated_output
analysis/HRS/figures/calibration/HRS_SHARED/S13_S14/WALKRA.png,figure,no_generated_output
analysis/HRS/figures/calibration/HRS_SHARED/S14_S15/ARMSA.png,figure,no_generated_output
analysis/HRS/figures/calibration/HRS_SHARED/S14_S15/ARTHRE.png,figure,no_generated_output
analysis/HRS/figures/calibration/HRS_SHARED/S14_S15/BATHA.png,figure,no_generated_output
analysis/HRS/figures/calibration/HRS_SHARED/S14_S15/BEDA.png,figure,no_generated_output
analysis/HRS/figures/calibration/HRS_SHARED/S14_S15/CANCRE.png,figure,no_generated_output
analysis/HRS/figures/calibration/HRS_SHARED/S14_S15/CHAIRA.png,figure,no_generated_output
analysis/HRS/figures/calibration/HRS_SHARED/S14_S15/CLIM1A.png,figure,no_generated_output
analysis/HRS/figures/calibration/HRS_SHARED/S14_S15/CLIMSA.png,figure,no_generated_output
analysis/HRS/figures/calibration/HRS_SHARED/S14_S15/DIABE.png,figure,no_generated_output
analysis/HRS/figures/calibration/HRS_SHARED/S14_S15/DIMEA.png,figure,no_generated_output
analysis/HRS/figures/calibration/HRS_SHARED/S14_S15/DRESSA.png,figure,no_generated_output
analysis/HRS/figures/calibration/HRS_SHARED/S14_S15/EATA.png,figure,no_generated_output
analysis/HRS/figures/calibration/HRS_SHARED/S14_S15/HEARTE.png,figure,no_generated_output
analysis/HRS/figures/calibration/HRS_SHARED/S14_S15/HIBPE.png,figure,no_generated_output
analysis/HRS/figures/calibration/HRS_SHARED/S14_S15/LIFTA.png,figure,no_generated_output
analysis/HRS/figures/calibration/HRS_SHARED/S14_S15/LUNGE.png,figure,no_generated_output
analysis/HRS/figures/calibration/HRS_SHARED/S14_S15/MONEYA.png,figure,no_generated_output
analysis/HRS/figures/calibration/HRS_SHARED/S14_S15/PHONEA.png,figure,no_generated_output
analysis/HRS/figures/calibration/HRS_SHARED/S14_S15/POOLED_adl.png,figure,no_generated_output
analysis/HRS/figures/calibration/HRS_SHARED/S14_S15/POOLED_all.png,figure,no_generated_output
analysis/HRS/figures/calibration/HRS_SHARED/S14_S15/POOLED_disease.png,figure,no_generated_output
analysis/HRS/figures/calibration/HRS_SHARED/S14_S15/PUSHA.png,figure,no_generated_output
analysis/HRS/figures/calibration/HRS_SHARED/S14_S15/SHOPA.png,figure,no_generated_output
analysis/HRS/figures/calibration/HRS_SHARED/S14_S15/STOOPA.png,figure,no_generated_output
analysis/HRS/figures/calibration/HRS_SHARED/S14_S15/STROKE.png,figure,no_generated_output
analysis/HRS/figures/calibration/HRS_SHARED/S14_S15/TOILTA.png,figure,no_generated_output
analysis/HRS/figures/calibration/HRS_SHARED/S14_S15/WALKRA.png,figure,no_generated_output
analysis/HRS/figures/calibration/HRS_SHARED/S6_S7/ARMSA.png,figure,no_generated_output
analysis/HRS/figures/calibration/HRS_SHARED/S6_S7/ARTHRE.png,figure,no_generated_output
analysis/HRS/figures/calibration/HRS_SHARED/S6_S7/BATHA.png,figure,no_generated_output
analysis/HRS/figures/calibration/HRS_SHARED/S6_S7/BEDA.png,figure,no_generated_output
analysis/HRS/figures/calibration/HRS_SHARED/S6_S7/CANCRE.png,figure,no_generated_output
analysis/HRS/figures/calibration/HRS_SHARED/S6_S7/CHAIRA.png,figure,no_generated_output
analysis/HRS/figures/calibration/HRS_SHARED/S6_S7/CLIM1A.png,figure,no_generated_output
analysis/HRS/figures/calibration/HRS_SHARED/S6_S7/CLIMSA.png,figure,no_generated_output
analysis/HRS/figures/calibration/HRS_SHARED/S6_S7/DIABE.png,figure,no_generated_output
analysis/HRS/figures/calibration/HRS_SHARED/S6_S7/DIMEA.png,figure,no_generated_output
analysis/HRS/figures/calibration/HRS_SHARED/S6_S7/DRESSA.png,figure,no_generated_output
analysis/HRS/figures/calibration/HRS_SHARED/S6_S7/EATA.png,figure,no_generated_output
analysis/HRS/figures/calibration/HRS_SHARED/S6_S7/HEARTE.png,figure,no_generated_output
analysis/HRS/figures/calibration/HRS_SHARED/S6_S7/HIBPE.png,figure,no_generated_output
analysis/HRS/figures/calibration/HRS_SHARED/S6_S7/LIFTA.png,figure,no_generated_output
analysis/HRS/figures/calibration/HRS_SHARED/S6_S7/LUNGE.png,figure,no_generated_output
analysis/HRS/figures/calibration/HRS_SHARED/S6_S7/MONEYA.png,figure,no_generated_output
analysis/HRS/figures/calibration/HRS_SHARED/S6_S7/PHONEA.png,figure,no_generated_output
analysis/HRS/figures/calibration/HRS_SHARED/S6_S7/POOLED_adl.png,figure,no_generated_output
analysis/HRS/figures/calibration/HRS_SHARED/S6_S7/POOLED_all.png,figure,no_generated_output
analysis/HRS/figures/calibration/HRS_SHARED/S6_S7/POOLED_disease.png,figure,no_generated_output
analysis/HRS/figures/calibration/HRS_SHARED/S6_S7/PUSHA.png,figure,no_generated_output
analysis/HRS/figures/calibration/HRS_SHARED/S6_S7/SHOPA.png,figure,no_generated_output
analysis/HRS/figures/calibration/HRS_SHARED/S6_S7/STOOPA.png,figure,no_generated_output
analysis/HRS/figures/calibration/HRS_SHARED/S6_S7/STROKE.png,figure,no_generated_output
analysis/HRS/figures/calibration/HRS_SHARED/S6_S7/TOILTA.png,figure,no_generated_output
analysis/HRS/figures/calibration/HRS_SHARED/S6_S7/WALKRA.png,figure,no_generated_output
analysis/HRS/figures/calibration/HRS_SHARED/S7_S8/ARMSA.png,figure,no_generated_output
analysis/HRS/figures/calibration/HRS_SHARED/S7_S8/ARTHRE.png,figure,no_generated_output
analysis/HRS/figures/calibration/HRS_SHARED/S7_S8/BATHA.png,figure,no_generated_output
analysis/HRS/figures/calibration/HRS_SHARED/S7_S8/BEDA.png,figure,no_generated_output
analysis/HRS/figures/calibration/HRS_SHARED/S7_S8/CANCRE.png,figure,no_generated_output
analysis/HRS/figures/calibration/HRS_SHARED/S7_S8/CHAIRA.png,figure,no_generated_output
analysis/HRS/figures/calibration/HRS_SHARED/S7_S8/CLIM1A.png,figure,no_generated_output
analysis/HRS/figures/calibration/HRS_SHARED/S7_S8/CLIMSA.png,figure,no_generated_output
analysis/HRS/figures/calibration/HRS_SHARED/S7_S8/DIABE.png,figure,no_generated_output
analysis/HRS/figures/calibration/HRS_SHARED/S7_S8/DIMEA.png,figure,no_generated_output
analysis/HRS/figures/calibration/HRS_SHARED/S7_S8/DRESSA.png,figure,no_generated_output
analysis/HRS/figures/calibration/HRS_SHARED/S7_S8/EATA.png,figure,no_generated_output
analysis/HRS/figures/calibration/HRS_SHARED/S7_S8/HEARTE.png,figure,no_generated_output
analysis/HRS/figures/calibration/HRS_SHARED/S7_S8/HIBPE.png,figure,no_generated_output
analysis/HRS/figures/calibration/HRS_SHARED/S7_S8/LIFTA.png,figure,no_generated_output
analysis/HRS/figures/calibration/HRS_SHARED/S7_S8/LUNGE.png,figure,no_generated_output
analysis/HRS/figures/calibration/HRS_SHARED/S7_S8/MONEYA.png,figure,no_generated_output
analysis/HRS/figures/calibration/HRS_SHARED/S7_S8/PHONEA.png,figure,no_generated_output
analysis/HRS/figures/calibration/HRS_SHARED/S7_S8/POOLED_adl.png,figure,no_generated_output
analysis/HRS/figures/calibration/HRS_SHARED/S7_S8/POOLED_all.png,figure,no_generated_output
analysis/HRS/figures/calibration/HRS_SHARED/S7_S8/POOLED_disease.png,figure,no_generated_output
analysis/HRS/figures/calibration/HRS_SHARED/S7_S8/PUSHA.png,figure,no_generated_output
analysis/HRS/figures/calibration/HRS_SHARED/S7_S8/SHOPA.png,figure,no_generated_output
analysis/HRS/figures/calibration/HRS_SHARED/S7_S8/STOOPA.png,figure,no_generated_output
analysis/HRS/figures/calibration/HRS_SHARED/S7_S8/STROKE.png,figure,no_generated_output
analysis/HRS/figures/calibration/HRS_SHARED/S7_S8/TOILTA.png,figure,no_generated_output
analysis/HRS/figures/calibration/HRS_SHARED/S7_S8/WALKRA.png,figure,no_generated_output
analysis/HRS/figures/calibration/HRS_SHARED/S8_S9/ARMSA.png,figure,no_generated_output
analysis/HRS/figures/calibration/HRS_SHARED/S8_S9/ARTHRE.png,figure,no_generated_output
analysis/HRS/figures/calibration/HRS_SHARED/S8_S9/BATHA.png,figure,no_generated_output
analysis/HRS/figures/calibration/HRS_SHARED/S8_S9/BEDA.png,figure,no_generated_output
analysis/HRS/figures/calibration/HRS_SHARED/S8_S9/CANCRE.png,figure,no_generated_output
analysis/HRS/figures/calibration/HRS_SHARED/S8_S9/CHAIRA.png,figure,no_generated_output
analysis/HRS/figures/calibration/HRS_SHARED/S8_S9/CLIM1A.png,figure,no_generated_output
analysis/HRS/figures/calibration/HRS_SHARED/S8_S9/CLIMSA.png,figure,no_generated_output
analysis/HRS/figures/calibration/HRS_SHARED/S8_S9/DIABE.png,figure,no_generated_output
analysis/HRS/figures/calibration/HRS_SHARED/S8_S9/DIMEA.png,figure,no_generated_output
analysis/HRS/figures/calibration/HRS_SHARED/S8_S9/DRESSA.png,figure,no_generated_output
analysis/HRS/figures/calibration/HRS_SHARED/S8_S9/EATA.png,figure,no_generated_output
analysis/HRS/figures/calibration/HRS_SHARED/S8_S9/HEARTE.png,figure,no_generated_output
analysis/HRS/figures/calibration/HRS_SHARED/S8_S9/HIBPE.png,figure,no_generated_output
analysis/HRS/figures/calibration/HRS_SHARED/S8_S9/LIFTA.png,figure,no_generated_output
analysis/HRS/figures/calibration/HRS_SHARED/S8_S9/LUNGE.png,figure,no_generated_output
analysis/HRS/figures/calibration/HRS_SHARED/S8_S9/MONEYA.png,figure,no_generated_output
analysis/HRS/figures/calibration/HRS_SHARED/S8_S9/PHONEA.png,figure,no_generated_output
analysis/HRS/figures/calibration/HRS_SHARED/S8_S9/POOLED_adl.png,figure,no_generated_output
analysis/HRS/figures/calibration/HRS_SHARED/S8_S9/POOLED_all.png,figure,no_generated_output
analysis/HRS/figures/calibration/HRS_SHARED/S8_S9/POOLED_disease.png,figure,no_generated_output
analysis/HRS/figures/calibration/HRS_SHARED/S8_S9/PUSHA.png,figure,no_generated_output
analysis/HRS/figures/calibration/HRS_SHARED/S8_S9/SHOPA.png,figure,no_generated_output
analysis/HRS/figures/calibration/HRS_SHARED/S8_S9/STOOPA.png,figure,no_generated_output
analysis/HRS/figures/calibration/HRS_SHARED/S8_S9/STROKE.png,figure,no_generated_output
analysis/HRS/figures/calibration/HRS_SHARED/S8_S9/TOILTA.png,figure,no_generated_output
analysis/HRS/figures/calibration/HRS_SHARED/S8_S9/WALKRA.png,figure,no_generated_output
analysis/HRS/figures/calibration/HRS_SHARED/S9_S10/ARMSA.png,figure,no_generated_output
analysis/HRS/figures/calibration/HRS_SHARED/S9_S10/ARTHRE.png,figure,no_generated_output
analysis/HRS/figures/calibration/HRS_SHARED/S9_S10/BATHA.png,figure,no_generated_output
analysis/HRS/figures/calibration/HRS_SHARED/S9_S10/BEDA.png,figure,no_generated_output
analysis/HRS/figures/calibration/HRS_SHARED/S9_S10/CANCRE.png,figure,no_generated_output
analysis/HRS/figures/calibration/HRS_SHARED/S9_S10/CHAIRA.png,figure,no_generated_output
analysis/HRS/figures/calibration/HRS_SHARED/S9_S10/CLIM1A.png,figure,no_generated_output
analysis/HRS/figures/calibration/HRS_SHARED/S9_S10/CLIMSA.png,figure,no_generated_output
analysis/HRS/figures/calibration/HRS_SHARED/S9_S10/DIABE.png,figure,no_generated_output
analysis/HRS/figures/calibration/HRS_SHARED/S9_S10/DIMEA.png,figure,no_generated_output
analysis/HRS/figures/calibration/HRS_SHARED/S9_S10/DRESSA.png,figure,no_generated_output
analysis/HRS/figures/calibration/HRS_SHARED/S9_S10/EATA.png,figure,no_generated_output
analysis/HRS/figures/calibration/HRS_SHARED/S9_S10/HEARTE.png,figure,no_generated_output
analysis/HRS/figures/calibration/HRS_SHARED/S9_S10/HIBPE.png,figure,no_generated_output
analysis/HRS/figures/calibration/HRS_SHARED/S9_S10/LIFTA.png,figure,no_generated_output
analysis/HRS/figures/calibration/HRS_SHARED/S9_S10/LUNGE.png,figure,no_generated_output
analysis/HRS/figures/calibration/HRS_SHARED/S9_S10/MONEYA.png,figure,no_generated_output
analysis/HRS/figures/calibration/HRS_SHARED/S9_S10/PHONEA.png,figure,no_generated_output
analysis/HRS/figures/calibration/HRS_SHARED/S9_S10/POOLED_adl.png,figure,no_generated_output
analysis/HRS/figures/calibration/HRS_SHARED/S9_S10/POOLED_all.png,figure,no_generated_output
analysis/HRS/figures/calibration/HRS_SHARED/S9_S10/POOLED_disease.png,figure,no_generated_output
analysis/HRS/figures/calibration/HRS_SHARED/S9_S10/PUSHA.png,figure,no_generated_output
analysis/HRS/figures/calibration/HRS_SHARED/S9_S10/SHOPA.png,figure,no_generated_output
analysis/HRS/figures/calibration/HRS_SHARED/S9_S10/STOOPA.png,figure,no_generated_output
analysis/HRS/figures/calibration/HRS_SHARED/S9_S10/STROKE.png,figure,no_generated_output
analysis/HRS/figures/calibration/HRS_SHARED/S9_S10/TOILTA.png,figure,no_generated_output
analysis/HRS/figures/calibration/HRS_SHARED/S9_S10/WALKRA.png,figure,no_generated_output
analysis/HRS/figures/calibration_loglog/HRS_SHARED/S10_S11/ARMSA.png,figure,no_generated_output
analysis/HRS/figures/calibration_loglog/HRS_SHARED/S10_S11/ARTHRE.png,figure,no_generated_output
analysis/HRS/figures/calibration_loglog/HRS_SHARED/S10_S11/BATHA.png,figure,no_generated_output
analysis/HRS/figures/calibration_loglog/HRS_SHARED/S10_S11/BEDA.png,figure,no_generated_output
analysis/HRS/figures/calibration_loglog/HRS_SHARED/S10_S11/CANCRE.png,figure,no_generated_output
analysis/HRS/figures/calibration_loglog/HRS_SHARED/S10_S11/CHAIRA.png,figure,no_generated_output
analysis/HRS/figures/calibration_loglog/HRS_SHARED/S10_S11/CLIM1A.png,figure,no_generated_output
analysis/HRS/figures/calibration_loglog/HRS_SHARED/S10_S11/CLIMSA.png,figure,no_generated_output
analysis/HRS/figures/calibration_loglog/HRS_SHARED/S10_S11/DIABE.png,figure,no_generated_output
analysis/HRS/figures/calibration_loglog/HRS_SHARED/S10_S11/DIMEA.png,figure,no_generated_output
analysis/HRS/figures/calibration_loglog/HRS_SHARED/S10_S11/DRESSA.png,figure,no_generated_output
analysis/HRS/figures/calibration_loglog/HRS_SHARED/S10_S11/EATA.png,figure,no_generated_output
analysis/HRS/figures/calibration_loglog/HRS_SHARED/S10_S11/HEARTE.png,figure,no_generated_output
analysis/HRS/figures/calibration_loglog/HRS_SHARED/S10_S11/HIBPE.png,figure,no_generated_output
analysis/HRS/figures/calibration_loglog/HRS_SHARED/S10_S11/LIFTA.png,figure,no_generated_output
analysis/HRS/figures/calibration_loglog/HRS_SHARED/S10_S11/LUNGE.png,figure,no_generated_output
analysis/HRS/figures/calibration_loglog/HRS_SHARED/S10_S11/MONEYA.png,figure,no_generated_output
analysis/HRS/figures/calibration_loglog/HRS_SHARED/S10_S11/PHONEA.png,figure,no_generated_output
analysis/HRS/figures/calibration_loglog/HRS_SHARED/S10_S11/POOLED_adl.png,figure,no_generated_output
analysis/HRS/figures/calibration_loglog/HRS_SHARED/S10_S11/POOLED_all.png,figure,no_generated_output
analysis/HRS/figures/calibration_loglog/HRS_SHARED/S10_S11/POOLED_disease.png,figure,no_generated_output
analysis/HRS/figures/calibration_loglog/HRS_SHARED/S10_S11/PUSHA.png,figure,no_generated_output
analysis/HRS/figures/calibration_loglog/HRS_SHARED/S10_S11/SHOPA.png,figure,no_generated_output
analysis/HRS/figures/calibration_loglog/HRS_SHARED/S10_S11/STOOPA.png,figure,no_generated_output
analysis/HRS/figures/calibration_loglog/HRS_SHARED/S10_S11/STROKE.png,figure,no_generated_output
analysis/HRS/figures/calibration_loglog/HRS_SHARED/S10_S11/TOILTA.png,figure,no_generated_output
analysis/HRS/figures/calibration_loglog/HRS_SHARED/S10_S11/WALKRA.png,figure,no_generated_output
analysis/HRS/figures/calibration_loglog/HRS_SHARED/S11_S12/ARMSA.png,figure,no_generated_output
analysis/HRS/figures/calibration_loglog/HRS_SHARED/S11_S12/ARTHRE.png,figure,no_generated_output
analysis/HRS/figures/calibration_loglog/HRS_SHARED/S11_S12/BATHA.png,figure,no_generated_output
analysis/HRS/figures/calibration_loglog/HRS_SHARED/S11_S12/BEDA.png,figure,no_generated_output
analysis/HRS/figures/calibration_loglog/HRS_SHARED/S11_S12/CANCRE.png,figure,no_generated_output
analysis/HRS/figures/calibration_loglog/HRS_SHARED/S11_S12/CHAIRA.png,figure,no_generated_output
analysis/HRS/figures/calibration_loglog/HRS_SHARED/S11_S12/CLIM1A.png,figure,no_generated_output
analysis/HRS/figures/calibration_loglog/HRS_SHARED/S11_S12/CLIMSA.png,figure,no_generated_output
analysis/HRS/figures/calibration_loglog/HRS_SHARED/S11_S12/DIABE.png,figure,no_generated_output
analysis/HRS/figures/calibration_loglog/HRS_SHARED/S11_S12/DIMEA.png,figure,no_generated_output
analysis/HRS/figures/calibration_loglog/HRS_SHARED/S11_S12/DRESSA.png,figure,no_generated_output
analysis/HRS/figures/calibration_loglog/HRS_SHARED/S11_S12/EATA.png,figure,no_generated_output
analysis/HRS/figures/calibration_loglog/HRS_SHARED/S11_S12/HEARTE.png,figure,no_generated_output
analysis/HRS/figures/calibration_loglog/HRS_SHARED/S11_S12/HIBPE.png,figure,no_generated_output
analysis/HRS/figures/calibration_loglog/HRS_SHARED/S11_S12/LIFTA.png,figure,no_generated_output
analysis/HRS/figures/calibration_loglog/HRS_SHARED/S11_S12/LUNGE.png,figure,no_generated_output
analysis/HRS/figures/calibration_loglog/HRS_SHARED/S11_S12/MONEYA.png,figure,no_generated_output
analysis/HRS/figures/calibration_loglog/HRS_SHARED/S11_S12/PHONEA.png,figure,no_generated_output
analysis/HRS/figures/calibration_loglog/HRS_SHARED/S11_S12/POOLED_adl.png,figure,no_generated_output
analysis/HRS/figures/calibration_loglog/HRS_SHARED/S11_S12/POOLED_all.png,figure,no_generated_output
analysis/HRS/figures/calibration_loglog/HRS_SHARED/S11_S12/POOLED_disease.png,figure,no_generated_output
analysis/HRS/figures/calibration_loglog/HRS_SHARED/S11_S12/PUSHA.png,figure,no_generated_output
analysis/HRS/figures/calibration_loglog/HRS_SHARED/S11_S12/SHOPA.png,figure,no_generated_output
analysis/HRS/figures/calibration_loglog/HRS_SHARED/S11_S12/STOOPA.png,figure,no_generated_output
analysis/HRS/figures/calibration_loglog/HRS_SHARED/S11_S12/STROKE.png,figure,no_generated_output
analysis/HRS/figures/calibration_loglog/HRS_SHARED/S11_S12/TOILTA.png,figure,no_generated_output
analysis/HRS/figures/calibration_loglog/HRS_SHARED/S11_S12/WALKRA.png,figure,no_generated_output
analysis/HRS/figures/calibration_loglog/HRS_SHARED/S12_S13/ARMSA.png,figure,no_generated_output
analysis/HRS/figures/calibration_loglog/HRS_SHARED/S12_S13/ARTHRE.png,figure,no_generated_output
analysis/HRS/figures/calibration_loglog/HRS_SHARED/S12_S13/BATHA.png,figure,no_generated_output
analysis/HRS/figures/calibration_loglog/HRS_SHARED/S12_S13/BEDA.png,figure,no_generated_output
analysis/HRS/figures/calibration_loglog/HRS_SHARED/S12_S13/CANCRE.png,figure,no_generated_output
analysis/HRS/figures/calibration_loglog/HRS_SHARED/S12_S13/CHAIRA.png,figure,no_generated_output
analysis/HRS/figures/calibration_loglog/HRS_SHARED/S12_S13/CLIM1A.png,figure,no_generated_output
analysis/HRS/figures/calibration_loglog/HRS_SHARED/S12_S13/CLIMSA.png,figure,no_generated_output
analysis/HRS/figures/calibration_loglog/HRS_SHARED/S12_S13/DIABE.png,figure,no_generated_output
analysis/HRS/figures/calibration_loglog/HRS_SHARED/S12_S13/DIMEA.png,figure,no_generated_output
analysis/HRS/figures/calibration_loglog/HRS_SHARED/S12_S13/DRESSA.png,figure,no_generated_output
analysis/HRS/figures/calibration_loglog/HRS_SHARED/S12_S13/EATA.png,figure,no_generated_output
analysis/HRS/figures/calibration_loglog/HRS_SHARED/S12_S13/HEARTE.png,figure,no_generated_output
analysis/HRS/figures/calibration_loglog/HRS_SHARED/S12_S13/HIBPE.png,figure,no_generated_output
analysis/HRS/figures/calibration_loglog/HRS_SHARED/S12_S13/LIFTA.png,figure,no_generated_output
analysis/HRS/figures/calibration_loglog/HRS_SHARED/S12_S13/LUNGE.png,figure,no_generated_output
analysis/HRS/figures/calibration_loglog/HRS_SHARED/S12_S13/MONEYA.png,figure,no_generated_output
analysis/HRS/figures/calibration_loglog/HRS_SHARED/S12_S13/PHONEA.png,figure,no_generated_output
analysis/HRS/figures/calibration_loglog/HRS_SHARED/S12_S13/POOLED_adl.png,figure,no_generated_output
analysis/HRS/figures/calibration_loglog/HRS_SHARED/S12_S13/POOLED_all.png,figure,no_generated_output
analysis/HRS/figures/calibration_loglog/HRS_SHARED/S12_S13/POOLED_disease.png,figure,no_generated_output
analysis/HRS/figures/calibration_loglog/HRS_SHARED/S12_S13/PUSHA.png,figure,no_generated_output
analysis/HRS/figures/calibration_loglog/HRS_SHARED/S12_S13/SHOPA.png,figure,no_generated_output
analysis/HRS/figures/calibration_loglog/HRS_SHARED/S12_S13/STOOPA.png,figure,no_generated_output
analysis/HRS/figures/calibration_loglog/HRS_SHARED/S12_S13/STROKE.png,figure,no_generated_output
analysis/HRS/figures/calibration_loglog/HRS_SHARED/S12_S13/TOILTA.png,figure,no_generated_output
analysis/HRS/figures/calibration_loglog/HRS_SHARED/S12_S13/WALKRA.png,figure,no_generated_output
analysis/HRS/figures/calibration_loglog/HRS_SHARED/S13_S14/ARMSA.png,figure,no_generated_output
analysis/HRS/figures/calibration_loglog/HRS_SHARED/S13_S14/ARTHRE.png,figure,no_generated_output
analysis/HRS/figures/calibration_loglog/HRS_SHARED/S13_S14/BATHA.png,figure,no_generated_output
analysis/HRS/figures/calibration_loglog/HRS_SHARED/S13_S14/BEDA.png,figure,no_generated_output
analysis/HRS/figures/calibration_loglog/HRS_SHARED/S13_S14/CANCRE.png,figure,no_generated_output
analysis/HRS/figures/calibration_loglog/HRS_SHARED/S13_S14/CHAIRA.png,figure,no_generated_output
analysis/HRS/figures/calibration_loglog/HRS_SHARED/S13_S14/CLIM1A.png,figure,no_generated_output
analysis/HRS/figures/calibration_loglog/HRS_SHARED/S13_S14/CLIMSA.png,figure,no_generated_output
analysis/HRS/figures/calibration_loglog/HRS_SHARED/S13_S14/DIABE.png,figure,no_generated_output
analysis/HRS/figures/calibration_loglog/HRS_SHARED/S13_S14/DIMEA.png,figure,no_generated_output
analysis/HRS/figures/calibration_loglog/HRS_SHARED/S13_S14/DRESSA.png,figure,no_generated_output
analysis/HRS/figures/calibration_loglog/HRS_SHARED/S13_S14/EATA.png,figure,no_generated_output
analysis/HRS/figures/calibration_loglog/HRS_SHARED/S13_S14/HEARTE.png,figure,no_generated_output
analysis/HRS/figures/calibration_loglog/HRS_SHARED/S13_S14/HIBPE.png,figure,no_generated_output
analysis/HRS/figures/calibration_loglog/HRS_SHARED/S13_S14/LIFTA.png,figure,no_generated_output
analysis/HRS/figures/calibration_loglog/HRS_SHARED/S13_S14/LUNGE.png,figure,no_generated_output
analysis/HRS/figures/calibration_loglog/HRS_SHARED/S13_S14/MONEYA.png,figure,no_generated_output
analysis/HRS/figures/calibration_loglog/HRS_SHARED/S13_S14/PHONEA.png,figure,no_generated_output
analysis/HRS/figures/calibration_loglog/HRS_SHARED/S13_S14/POOLED_adl.png,figure,no_generated_output
analysis/HRS/figures/calibration_loglog/HRS_SHARED/S13_S14/POOLED_all.png,figure,no_generated_output
analysis/HRS/figures/calibration_loglog/HRS_SHARED/S13_S14/POOLED_disease.png,figure,no_generated_output
analysis/HRS/figures/calibration_loglog/HRS_SHARED/S13_S14/PUSHA.png,figure,no_generated_output
analysis/HRS/figures/calibration_loglog/HRS_SHARED/S13_S14/SHOPA.png,figure,no_generated_output
analysis/HRS/figures/calibration_loglog/HRS_SHARED/S13_S14/STOOPA.png,figure,no_generated_output
analysis/HRS/figures/calibration_loglog/HRS_SHARED/S13_S14/STROKE.png,figure,no_generated_output
analysis/HRS/figures/calibration_loglog/HRS_SHARED/S13_S14/TOILTA.png,figure,no_generated_output
analysis/HRS/figures/calibration_loglog/HRS_SHARED/S13_S14/WALKRA.png,figure,no_generated_output
analysis/HRS/figures/calibration_loglog/HRS_SHARED/S14_S15/ARMSA.png,figure,no_generated_output
analysis/HRS/figures/calibration_loglog/HRS_SHARED/S14_S15/ARTHRE.png,figure,no_generated_output
analysis/HRS/figures/calibration_loglog/HRS_SHARED/S14_S15/BATHA.png,figure,no_generated_output
analysis/HRS/figures/calibration_loglog/HRS_SHARED/S14_S15/BEDA.png,figure,no_generated_output
analysis/HRS/figures/calibration_loglog/HRS_SHARED/S14_S15/CANCRE.png,figure,no_generated_output
analysis/HRS/figures/calibration_loglog/HRS_SHARED/S14_S15/CHAIRA.png,figure,no_generated_output
analysis/HRS/figures/calibration_loglog/HRS_SHARED/S14_S15/CLIM1A.png,figure,no_generated_output
analysis/HRS/figures/calibration_loglog/HRS_SHARED/S14_S15/CLIMSA.png,figure,no_generated_output
analysis/HRS/figures/calibration_loglog/HRS_SHARED/S14_S15/DIABE.png,figure,no_generated_output
analysis/HRS/figures/calibration_loglog/HRS_SHARED/S14_S15/DIMEA.png,figure,no_generated_output
analysis/HRS/figures/calibration_loglog/HRS_SHARED/S14_S15/DRESSA.png,figure,no_generated_output
analysis/HRS/figures/calibration_loglog/HRS_SHARED/S14_S15/EATA.png,figure,no_generated_output
analysis/HRS/figures/calibration_loglog/HRS_SHARED/S14_S15/HEARTE.png,figure,no_generated_output
analysis/HRS/figures/calibration_loglog/HRS_SHARED/S14_S15/HIBPE.png,figure,no_generated_output
analysis/HRS/figures/calibration_loglog/HRS_SHARED/S14_S15/LIFTA.png,figure,no_generated_output
analysis/HRS/figures/calibration_loglog/HRS_SHARED/S14_S15/LUNGE.png,figure,no_generated_output
analysis/HRS/figures/calibration_loglog/HRS_SHARED/S14_S15/MONEYA.png,figure,no_generated_output
analysis/HRS/figures/calibration_loglog/HRS_SHARED/S14_S15/PHONEA.png,figure,no_generated_output
analysis/HRS/figures/calibration_loglog/HRS_SHARED/S14_S15/POOLED_adl.png,figure,no_generated_output
analysis/HRS/figures/calibration_loglog/HRS_SHARED/S14_S15/POOLED_all.png,figure,no_generated_output
analysis/HRS/figures/calibration_loglog/HRS_SHARED/S14_S15/POOLED_disease.png,figure,no_generated_output
analysis/HRS/figures/calibration_loglog/HRS_SHARED/S14_S15/PUSHA.png,figure,no_generated_output
analysis/HRS/figures/calibration_loglog/HRS_SHARED/S14_S15/SHOPA.png,figure,no_generated_output
analysis/HRS/figures/calibration_loglog/HRS_SHARED/S14_S15/STOOPA.png,figure,no_generated_output
analysis/HRS/figures/calibration_loglog/HRS_SHARED/S14_S15/STROKE.png,figure,no_generated_output
analysis/HRS/figures/calibration_loglog/HRS_SHARED/S14_S15/TOILTA.png,figure,no_generated_output
analysis/HRS/figures/calibration_loglog/HRS_SHARED/S14_S15/WALKRA.png,figure,no_generated_output
analysis/HRS/figures/calibration_loglog/HRS_SHARED/S6_S7/ARMSA.png,figure,no_generated_output
analysis/HRS/figures/calibration_loglog/HRS_SHARED/S6_S7/ARTHRE.png,figure,no_generated_output
analysis/HRS/figures/calibration_loglog/HRS_SHARED/S6_S7/BATHA.png,figure,no_generated_output
analysis/HRS/figures/calibration_loglog/HRS_SHARED/S6_S7/BEDA.png,figure,no_generated_output
analysis/HRS/figures/calibration_loglog/HRS_SHARED/S6_S7/CANCRE.png,figure,no_generated_output
analysis/HRS/figures/calibration_loglog/HRS_SHARED/S6_S7/CHAIRA.png,figure,no_generated_output
analysis/HRS/figures/calibration_loglog/HRS_SHARED/S6_S7/CLIM1A.png,figure,no_generated_output
analysis/HRS/figures/calibration_loglog/HRS_SHARED/S6_S7/CLIMSA.png,figure,no_generated_output
analysis/HRS/figures/calibration_loglog/HRS_SHARED/S6_S7/DIABE.png,figure,no_generated_output
analysis/HRS/figures/calibration_loglog/HRS_SHARED/S6_S7/DIMEA.png,figure,no_generated_output
analysis/HRS/figures/calibration_loglog/HRS_SHARED/S6_S7/DRESSA.png,figure,no_generated_output
analysis/HRS/figures/calibration_loglog/HRS_SHARED/S6_S7/EATA.png,figure,no_generated_output
analysis/HRS/figures/calibration_loglog/HRS_SHARED/S6_S7/HEARTE.png,figure,no_generated_output
analysis/HRS/figures/calibration_loglog/HRS_SHARED/S6_S7/HIBPE.png,figure,no_generated_output
analysis/HRS/figures/calibration_loglog/HRS_SHARED/S6_S7/LIFTA.png,figure,no_generated_output
analysis/HRS/figures/calibration_loglog/HRS_SHARED/S6_S7/LUNGE.png,figure,no_generated_output
analysis/HRS/figures/calibration_loglog/HRS_SHARED/S6_S7/MONEYA.png,figure,no_generated_output
analysis/HRS/figures/calibration_loglog/HRS_SHARED/S6_S7/PHONEA.png,figure,no_generated_output
analysis/HRS/figures/calibration_loglog/HRS_SHARED/S6_S7/POOLED_adl.png,figure,no_generated_output
analysis/HRS/figures/calibration_loglog/HRS_SHARED/S6_S7/POOLED_all.png,figure,no_generated_output
analysis/HRS/figures/calibration_loglog/HRS_SHARED/S6_S7/POOLED_disease.png,figure,no_generated_output
analysis/HRS/figures/calibration_loglog/HRS_SHARED/S6_S7/PUSHA.png,figure,no_generated_output
analysis/HRS/figures/calibration_loglog/HRS_SHARED/S6_S7/SHOPA.png,figure,no_generated_output
analysis/HRS/figures/calibration_loglog/HRS_SHARED/S6_S7/STOOPA.png,figure,no_generated_output
analysis/HRS/figures/calibration_loglog/HRS_SHARED/S6_S7/STROKE.png,figure,no_generated_output
analysis/HRS/figures/calibration_loglog/HRS_SHARED/S6_S7/TOILTA.png,figure,no_generated_output
analysis/HRS/figures/calibration_loglog/HRS_SHARED/S6_S7/WALKRA.png,figure,no_generated_output
analysis/HRS/figures/calibration_loglog/HRS_SHARED/S7_S8/ARMSA.png,figure,no_generated_output
analysis/HRS/figures/calibration_loglog/HRS_SHARED/S7_S8/ARTHRE.png,figure,no_generated_output
analysis/HRS/figures/calibration_loglog/HRS_SHARED/S7_S8/BATHA.png,figure,no_generated_output
analysis/HRS/figures/calibration_loglog/HRS_SHARED/S7_S8/BEDA.png,figure,no_generated_output
analysis/HRS/figures/calibration_loglog/HRS_SHARED/S7_S8/CANCRE.png,figure,no_generated_output
analysis/HRS/figures/calibration_loglog/HRS_SHARED/S7_S8/CHAIRA.png,figure,no_generated_output
analysis/HRS/figures/calibration_loglog/HRS_SHARED/S7_S8/CLIM1A.png,figure,no_generated_output
analysis/HRS/figures/calibration_loglog/HRS_SHARED/S7_S8/CLIMSA.png,figure,no_generated_output
analysis/HRS/figures/calibration_loglog/HRS_SHARED/S7_S8/DIABE.png,figure,no_generated_output
analysis/HRS/figures/calibration_loglog/HRS_SHARED/S7_S8/DIMEA.png,figure,no_generated_output
analysis/HRS/figures/calibration_loglog/HRS_SHARED/S7_S8/DRESSA.png,figure,no_generated_output
analysis/HRS/figures/calibration_loglog/HRS_SHARED/S7_S8/EATA.png,figure,no_generated_output
analysis/HRS/figures/calibration_loglog/HRS_SHARED/S7_S8/HEARTE.png,figure,no_generated_output
analysis/HRS/figures/calibration_loglog/HRS_SHARED/S7_S8/HIBPE.png,figure,no_generated_output
analysis/HRS/figures/calibration_loglog/HRS_SHARED/S7_S8/LIFTA.png,figure,no_generated_output
analysis/HRS/figures/calibration_loglog/HRS_SHARED/S7_S8/LUNGE.png,figure,no_generated_output
analysis/HRS/figures/calibration_loglog/HRS_SHARED/S7_S8/MONEYA.png,figure,no_generated_output
analysis/HRS/figures/calibration_loglog/HRS_SHARED/S7_S8/PHONEA.png,figure,no_generated_output
analysis/HRS/figures/calibration_loglog/HRS_SHARED/S7_S8/POOLED_adl.png,figure,no_generated_output
analysis/HRS/figures/calibration_loglog/HRS_SHARED/S7_S8/POOLED_all.png,figure,no_generated_output
analysis/HRS/figures/calibration_loglog/HRS_SHARED/S7_S8/POOLED_disease.png,figure,no_generated_output
analysis/HRS/figures/calibration_loglog/HRS_SHARED/S7_S8/PUSHA.png,figure,no_generated_output
analysis/HRS/figures/calibration_loglog/HRS_SHARED/S7_S8/SHOPA.png,figure,no_generated_output
analysis/HRS/figures/calibration_loglog/HRS_SHARED/S7_S8/STOOPA.png,figure,no_generated_output
analysis/HRS/figures/calibration_loglog/HRS_SHARED/S7_S8/STROKE.png,figure,no_generated_output
analysis/HRS/figures/calibration_loglog/HRS_SHARED/S7_S8/TOILTA.png,figure,no_generated_output
analysis/HRS/figures/calibration_loglog/HRS_SHARED/S7_S8/WALKRA.png,figure,no_generated_output
analysis/HRS/figures/calibration_loglog/HRS_SHARED/S8_S9/ARMSA.png,figure,no_generated_output
analysis/HRS/figures/calibration_loglog/HRS_SHARED/S8_S9/ARTHRE.png,figure,no_generated_output
analysis/HRS/figures/calibration_loglog/HRS_SHARED/S8_S9/BATHA.png,figure,no_generated_output
analysis/HRS/figures/calibration_loglog/HRS_SHARED/S8_S9/BEDA.png,figure,no_generated_output
analysis/HRS/figures/calibration_loglog/HRS_SHARED/S8_S9/CANCRE.png,figure,no_generated_output
analysis/HRS/figures/calibration_loglog/HRS_SHARED/S8_S9/CHAIRA.png,figure,no_generated_output
analysis/HRS/figures/calibration_loglog/HRS_SHARED/S8_S9/CLIM1A.png,figure,no_generated_output
analysis/HRS/figures/calibration_loglog/HRS_SHARED/S8_S9/CLIMSA.png,figure,no_generated_output
analysis/HRS/figures/calibration_loglog/HRS_SHARED/S8_S9/DIABE.png,figure,no_generated_output
analysis/HRS/figures/calibration_loglog/HRS_SHARED/S8_S9/DIMEA.png,figure,no_generated_output
analysis/HRS/figures/calibration_loglog/HRS_SHARED/S8_S9/DRESSA.png,figure,no_generated_output
analysis/HRS/figures/calibration_loglog/HRS_SHARED/S8_S9/EATA.png,figure,no_generated_output
analysis/HRS/figures/calibration_loglog/HRS_SHARED/S8_S9/HEARTE.png,figure,no_generated_output
analysis/HRS/figures/calibration_loglog/HRS_SHARED/S8_S9/HIBPE.png,figure,no_generated_output
analysis/HRS/figures/calibration_loglog/HRS_SHARED/S8_S9/LIFTA.png,figure,no_generated_output
analysis/HRS/figures/calibration_loglog/HRS_SHARED/S8_S9/LUNGE.png,figure,no_generated_output
analysis/HRS/figures/calibration_loglog/HRS_SHARED/S8_S9/MONEYA.png,figure,no_generated_output
analysis/HRS/figures/calibration_loglog/HRS_SHARED/S8_S9/PHONEA.png,figure,no_generated_output
analysis/HRS/figures/calibration_loglog/HRS_SHARED/S8_S9/POOLED_adl.png,figure,no_generated_output
analysis/HRS/figures/calibration_loglog/HRS_SHARED/S8_S9/POOLED_all.png,figure,no_generated_output
analysis/HRS/figures/calibration_loglog/HRS_SHARED/S8_S9/POOLED_disease.png,figure,no_generated_output
analysis/HRS/figures/calibration_loglog/HRS_SHARED/S8_S9/PUSHA.png,figure,no_generated_output
analysis/HRS/figures/calibration_loglog/HRS_SHARED/S8_S9/SHOPA.png,figure,no_generated_output
analysis/HRS/figures/calibration_loglog/HRS_SHARED/S8_S9/STOOPA.png,figure,no_generated_output
analysis/HRS/figures/calibration_loglog/HRS_SHARED/S8_S9/STROKE.png,figure,no_generated_output
analysis/HRS/figures/calibration_loglog/HRS_SHARED/S8_S9/TOILTA.png,figure,no_generated_output
analysis/HRS/figures/calibration_loglog/HRS_SHARED/S8_S9/WALKRA.png,figure,no_generated_output
analysis/HRS/figures/calibration_loglog/HRS_SHARED/S9_S10/ARMSA.png,figure,no_generated_output
analysis/HRS/figures/calibration_loglog/HRS_SHARED/S9_S10/ARTHRE.png,figure,no_generated_output
analysis/HRS/figures/calibration_loglog/HRS_SHARED/S9_S10/BATHA.png,figure,no_generated_output
analysis/HRS/figures/calibration_loglog/HRS_SHARED/S9_S10/BEDA.png,figure,no_generated_output
analysis/HRS/figures/calibration_loglog/HRS_SHARED/S9_S10/CANCRE.png,figure,no_generated_output
analysis/HRS/figures/calibration_loglog/HRS_SHARED/S9_S10/CHAIRA.png,figure,no_generated_output
analysis/HRS/figures/calibration_loglog/HRS_SHARED/S9_S10/CLIM1A.png,figure,no_generated_output
analysis/HRS/figures/calibration_loglog/HRS_SHARED/S9_S10/CLIMSA.png,figure,no_generated_output
analysis/HRS/figures/calibration_loglog/HRS_SHARED/S9_S10/DIABE.png,figure,no_generated_output
analysis/HRS/figures/calibration_loglog/HRS_SHARED/S9_S10/DIMEA.png,figure,no_generated_output
analysis/HRS/figures/calibration_loglog/HRS_SHARED/S9_S10/DRESSA.png,figure,no_generated_output
analysis/HRS/figures/calibration_loglog/HRS_SHARED/S9_S10/EATA.png,figure,no_generated_output
analysis/HRS/figures/calibration_loglog/HRS_SHARED/S9_S10/HEARTE.png,figure,no_generated_output
analysis/HRS/figures/calibration_loglog/HRS_SHARED/S9_S10/HIBPE.png,figure,no_generated_output
analysis/HRS/figures/calibration_loglog/HRS_SHARED/S9_S10/LIFTA.png,figure,no_generated_output
analysis/HRS/figures/calibration_loglog/HRS_SHARED/S9_S10/LUNGE.png,figure,no_generated_output
analysis/HRS/figures/calibration_loglog/HRS_SHARED/S9_S10/MONEYA.png,figure,no_generated_output
analysis/HRS/figures/calibration_loglog/HRS_SHARED/S9_S10/PHONEA.png,figure,no_generated_output
analysis/HRS/figures/calibration_loglog/HRS_SHARED/S9_S10/POOLED_adl.png,figure,no_generated_output
analysis/HRS/figures/calibration_loglog/HRS_SHARED/S9_S10/POOLED_all.png,figure,no_generated_output
analysis/HRS/figures/calibration_loglog/HRS_SHARED/S9_S10/POOLED_disease.png,figure,no_generated_output
analysis/HRS/figures/calibration_loglog/HRS_SHARED/S9_S10/PUSHA.png,figure,no_generated_output
analysis/HRS/figures/calibration_loglog/HRS_SHARED/S9_S10/SHOPA.png,figure,no_generated_output
analysis/HRS/figures/calibration_loglog/HRS_SHARED/S9_S10/STOOPA.png,figure,no_generated_output
analysis/HRS/figures/calibration_loglog/HRS_SHARED/S9_S10/STROKE.png,figure,no_generated_output
analysis/HRS/figures/calibration_loglog/HRS_SHARED/S9_S10/TOILTA.png,figure,no_generated_output
analysis/HRS/figures/calibration_loglog/HRS_SHARED/S9_S10/WALKRA.png,figure,no_generated_output
analysis/HRS/figures/damage_repair_calibration/DNN/HRS_SHARED/S10_S11/damage/adl/cal_ARMSA.png,figure,no_generated_output
analysis/HRS/figures/damage_repair_calibration/DNN/HRS_SHARED/S10_S11/damage/adl/cal_BATHA.png,figure,no_generated_output
analysis/HRS/figures/damage_repair_calibration/DNN/HRS_SHARED/S10_S11/damage/adl/cal_BEDA.png,figure,no_generated_output
analysis/HRS/figures/damage_repair_calibration/DNN/HRS_SHARED/S10_S11/damage/adl/cal_CHAIRA.png,figure,no_generated_output
analysis/HRS/figures/damage_repair_calibration/DNN/HRS_SHARED/S10_S11/damage/adl/cal_CLIM1A.png,figure,no_generated_output
analysis/HRS/figures/damage_repair_calibration/DNN/HRS_SHARED/S10_S11/damage/adl/cal_CLIMSA.png,figure,no_generated_output
analysis/HRS/figures/damage_repair_calibration/DNN/HRS_SHARED/S10_S11/damage/adl/cal_DIMEA.png,figure,no_generated_output
analysis/HRS/figures/damage_repair_calibration/DNN/HRS_SHARED/S10_S11/damage/adl/cal_DRESSA.png,figure,no_generated_output
analysis/HRS/figures/damage_repair_calibration/DNN/HRS_SHARED/S10_S11/damage/adl/cal_EATA.png,figure,no_generated_output
analysis/HRS/figures/damage_repair_calibration/DNN/HRS_SHARED/S10_S11/damage/adl/cal_LIFTA.png,figure,no_generated_output
analysis/HRS/figures/damage_repair_calibration/DNN/HRS_SHARED/S10_S11/damage/adl/cal_MONEYA.png,figure,no_generated_output
analysis/HRS/figures/damage_repair_calibration/DNN/HRS_SHARED/S10_S11/damage/adl/cal_PHONEA.png,figure,no_generated_output
analysis/HRS/figures/damage_repair_calibration/DNN/HRS_SHARED/S10_S11/damage/adl/cal_POOLED_adl.png,figure,no_generated_output
analysis/HRS/figures/damage_repair_calibration/DNN/HRS_SHARED/S10_S11/damage/adl/cal_PUSHA.png,figure,no_generated_output
analysis/HRS/figures/damage_repair_calibration/DNN/HRS_SHARED/S10_S11/damage/adl/cal_SHOPA.png,figure,no_generated_output
analysis/HRS/figures/damage_repair_calibration/DNN/HRS_SHARED/S10_S11/damage/adl/cal_STOOPA.png,figure,no_generated_output
analysis/HRS/figures/damage_repair_calibration/DNN/HRS_SHARED/S10_S11/damage/adl/cal_TOILTA.png,figure,no_generated_output
analysis/HRS/figures/damage_repair_calibration/DNN/HRS_SHARED/S10_S11/damage/adl/cal_WALKRA.png,figure,no_generated_output
analysis/HRS/figures/damage_repair_calibration/DNN/HRS_SHARED/S10_S11/damage/disease/cal_ARTHRE.png,figure,no_generated_output
analysis/HRS/figures/damage_repair_calibration/DNN/HRS_SHARED/S10_S11/damage/disease/cal_CANCRE.png,figure,no_generated_output
analysis/HRS/figures/damage_repair_calibration/DNN/HRS_SHARED/S10_S11/damage/disease/cal_DIABE.png,figure,no_generated_output
analysis/HRS/figures/damage_repair_calibration/DNN/HRS_SHARED/S10_S11/damage/disease/cal_HEARTE.png,figure,no_generated_output
analysis/HRS/figures/damage_repair_calibration/DNN/HRS_SHARED/S10_S11/damage/disease/cal_HIBPE.png,figure,no_generated_output
analysis/HRS/figures/damage_repair_calibration/DNN/HRS_SHARED/S10_S11/damage/disease/cal_LUNGE.png,figure,no_generated_output
analysis/HRS/figures/damage_repair_calibration/DNN/HRS_SHARED/S10_S11/damage/disease/cal_POOLED_disease.png,figure,no_generated_output
analysis/HRS/figures/damage_repair_calibration/DNN/HRS_SHARED/S10_S11/damage/disease/cal_STROKE.png,figure,no_generated_output
analysis/HRS/figures/damage_repair_calibration/DNN/HRS_SHARED/S10_S11/repair/adl/cal_ARMSA.png,figure,no_generated_output
analysis/HRS/figures/damage_repair_calibration/DNN/HRS_SHARED/S10_S11/repair/adl/cal_BATHA.png,figure,no_generated_output
analysis/HRS/figures/damage_repair_calibration/DNN/HRS_SHARED/S10_S11/repair/adl/cal_BEDA.png,figure,no_generated_output
analysis/HRS/figures/damage_repair_calibration/DNN/HRS_SHARED/S10_S11/repair/adl/cal_CHAIRA.png,figure,no_generated_output
analysis/HRS/figures/damage_repair_calibration/DNN/HRS_SHARED/S10_S11/repair/adl/cal_CLIM1A.png,figure,no_generated_output
analysis/HRS/figures/damage_repair_calibration/DNN/HRS_SHARED/S10_S11/repair/adl/cal_CLIMSA.png,figure,no_generated_output
analysis/HRS/figures/damage_repair_calibration/DNN/HRS_SHARED/S10_S11/repair/adl/cal_DIMEA.png,figure,no_generated_output
analysis/HRS/figures/damage_repair_calibration/DNN/HRS_SHARED/S10_S11/repair/adl/cal_DRESSA.png,figure,no_generated_output
analysis/HRS/figures/damage_repair_calibration/DNN/HRS_SHARED/S10_S11/repair/adl/cal_EATA.png,figure,no_generated_output
analysis/HRS/figures/damage_repair_calibration/DNN/HRS_SHARED/S10_S11/repair/adl/cal_LIFTA.png,figure,no_generated_output
analysis/HRS/figures/damage_repair_calibration/DNN/HRS_SHARED/S10_S11/repair/adl/cal_MONEYA.png,figure,no_generated_output
analysis/HRS/figures/damage_repair_calibration/DNN/HRS_SHARED/S10_S11/repair/adl/cal_PHONEA.png,figure,no_generated_output
analysis/HRS/figures/damage_repair_calibration/DNN/HRS_SHARED/S10_S11/repair/adl/cal_POOLED_adl.png,figure,no_generated_output
analysis/HRS/figures/damage_repair_calibration/DNN/HRS_SHARED/S10_S11/repair/adl/cal_PUSHA.png,figure,no_generated_output
analysis/HRS/figures/damage_repair_calibration/DNN/HRS_SHARED/S10_S11/repair/adl/cal_SHOPA.png,figure,no_generated_output
analysis/HRS/figures/damage_repair_calibration/DNN/HRS_SHARED/S10_S11/repair/adl/cal_STOOPA.png,figure,no_generated_output
analysis/HRS/figures/damage_repair_calibration/DNN/HRS_SHARED/S10_S11/repair/adl/cal_TOILTA.png,figure,no_generated_output
analysis/HRS/figures/damage_repair_calibration/DNN/HRS_SHARED/S10_S11/repair/adl/cal_WALKRA.png,figure,no_generated_output
analysis/HRS/figures/damage_repair_calibration/DNN/HRS_SHARED/S10_S11/repair/disease/cal_ARTHRE.png,figure,no_generated_output
analysis/HRS/figures/damage_repair_calibration/DNN/HRS_SHARED/S10_S11/repair/disease/cal_CANCRE.png,figure,no_generated_output
analysis/HRS/figures/damage_repair_calibration/DNN/HRS_SHARED/S10_S11/repair/disease/cal_DIABE.png,figure,no_generated_output
analysis/HRS/figures/damage_repair_calibration/DNN/HRS_SHARED/S10_S11/repair/disease/cal_HEARTE.png,figure,no_generated_output
analysis/HRS/figures/damage_repair_calibration/DNN/HRS_SHARED/S10_S11/repair/disease/cal_HIBPE.png,figure,no_generated_output
analysis/HRS/figures/damage_repair_calibration/DNN/HRS_SHARED/S10_S11/repair/disease/cal_LUNGE.png,figure,no_generated_output
analysis/HRS/figures/damage_repair_calibration/DNN/HRS_SHARED/S10_S11/repair/disease/cal_POOLED_disease.png,figure,no_generated_output
analysis/HRS/figures/damage_repair_calibration/DNN/HRS_SHARED/S10_S11/repair/disease/cal_STROKE.png,figure,no_generated_output
analysis/HRS/figures/damage_repair_calibration/DNN/HRS_SHARED/S11_S12/damage/adl/cal_ARMSA.png,figure,no_generated_output
analysis/HRS/figures/damage_repair_calibration/DNN/HRS_SHARED/S11_S12/damage/adl/cal_BATHA.png,figure,no_generated_output
analysis/HRS/figures/damage_repair_calibration/DNN/HRS_SHARED/S11_S12/damage/adl/cal_BEDA.png,figure,no_generated_output
analysis/HRS/figures/damage_repair_calibration/DNN/HRS_SHARED/S11_S12/damage/adl/cal_CHAIRA.png,figure,no_generated_output
analysis/HRS/figures/damage_repair_calibration/DNN/HRS_SHARED/S11_S12/damage/adl/cal_CLIM1A.png,figure,no_generated_output
analysis/HRS/figures/damage_repair_calibration/DNN/HRS_SHARED/S11_S12/damage/adl/cal_CLIMSA.png,figure,no_generated_output
analysis/HRS/figures/damage_repair_calibration/DNN/HRS_SHARED/S11_S12/damage/adl/cal_DIMEA.png,figure,no_generated_output
analysis/HRS/figures/damage_repair_calibration/DNN/HRS_SHARED/S11_S12/damage/adl/cal_DRESSA.png,figure,no_generated_output
analysis/HRS/figures/damage_repair_calibration/DNN/HRS_SHARED/S11_S12/damage/adl/cal_EATA.png,figure,no_generated_output
analysis/HRS/figures/damage_repair_calibration/DNN/HRS_SHARED/S11_S12/damage/adl/cal_LIFTA.png,figure,no_generated_output
analysis/HRS/figures/damage_repair_calibration/DNN/HRS_SHARED/S11_S12/damage/adl/cal_MONEYA.png,figure,no_generated_output
analysis/HRS/figures/damage_repair_calibration/DNN/HRS_SHARED/S11_S12/damage/adl/cal_PHONEA.png,figure,no_generated_output
analysis/HRS/figures/damage_repair_calibration/DNN/HRS_SHARED/S11_S12/damage/adl/cal_POOLED_adl.png,figure,no_generated_output
analysis/HRS/figures/damage_repair_calibration/DNN/HRS_SHARED/S11_S12/damage/adl/cal_PUSHA.png,figure,no_generated_output
analysis/HRS/figures/damage_repair_calibration/DNN/HRS_SHARED/S11_S12/damage/adl/cal_SHOPA.png,figure,no_generated_output
analysis/HRS/figures/damage_repair_calibration/DNN/HRS_SHARED/S11_S12/damage/adl/cal_STOOPA.png,figure,no_generated_output
analysis/HRS/figures/damage_repair_calibration/DNN/HRS_SHARED/S11_S12/damage/adl/cal_TOILTA.png,figure,no_generated_output
analysis/HRS/figures/damage_repair_calibration/DNN/HRS_SHARED/S11_S12/damage/adl/cal_WALKRA.png,figure,no_generated_output
analysis/HRS/figures/damage_repair_calibration/DNN/HRS_SHARED/S11_S12/damage/disease/cal_ARTHRE.png,figure,no_generated_output
analysis/HRS/figures/damage_repair_calibration/DNN/HRS_SHARED/S11_S12/damage/disease/cal_CANCRE.png,figure,no_generated_output
analysis/HRS/figures/damage_repair_calibration/DNN/HRS_SHARED/S11_S12/damage/disease/cal_DIABE.png,figure,no_generated_output
analysis/HRS/figures/damage_repair_calibration/DNN/HRS_SHARED/S11_S12/damage/disease/cal_HEARTE.png,figure,no_generated_output
analysis/HRS/figures/damage_repair_calibration/DNN/HRS_SHARED/S11_S12/damage/disease/cal_HIBPE.png,figure,no_generated_output
analysis/HRS/figures/damage_repair_calibration/DNN/HRS_SHARED/S11_S12/damage/disease/cal_LUNGE.png,figure,no_generated_output
analysis/HRS/figures/damage_repair_calibration/DNN/HRS_SHARED/S11_S12/damage/disease/cal_POOLED_disease.png,figure,no_generated_output
analysis/HRS/figures/damage_repair_calibration/DNN/HRS_SHARED/S11_S12/damage/disease/cal_STROKE.png,figure,no_generated_output
analysis/HRS/figures/damage_repair_calibration/DNN/HRS_SHARED/S11_S12/repair/adl/cal_ARMSA.png,figure,no_generated_output
analysis/HRS/figures/damage_repair_calibration/DNN/HRS_SHARED/S11_S12/repair/adl/cal_BATHA.png,figure,no_generated_output
analysis/HRS/figures/damage_repair_calibration/DNN/HRS_SHARED/S11_S12/repair/adl/cal_BEDA.png,figure,no_generated_output
analysis/HRS/figures/damage_repair_calibration/DNN/HRS_SHARED/S11_S12/repair/adl/cal_CHAIRA.png,figure,no_generated_output
analysis/HRS/figures/damage_repair_calibration/DNN/HRS_SHARED/S11_S12/repair/adl/cal_CLIM1A.png,figure,no_generated_output
analysis/HRS/figures/damage_repair_calibration/DNN/HRS_SHARED/S11_S12/repair/adl/cal_CLIMSA.png,figure,no_generated_output
analysis/HRS/figures/damage_repair_calibration/DNN/HRS_SHARED/S11_S12/repair/adl/cal_DIMEA.png,figure,no_generated_output
analysis/HRS/figures/damage_repair_calibration/DNN/HRS_SHARED/S11_S12/repair/adl/cal_DRESSA.png,figure,no_generated_output
analysis/HRS/figures/damage_repair_calibration/DNN/HRS_SHARED/S11_S12/repair/adl/cal_EATA.png,figure,no_generated_output
analysis/HRS/figures/damage_repair_calibration/DNN/HRS_SHARED/S11_S12/repair/adl/cal_LIFTA.png,figure,no_generated_output
analysis/HRS/figures/damage_repair_calibration/DNN/HRS_SHARED/S11_S12/repair/adl/cal_MONEYA.png,figure,no_generated_output
analysis/HRS/figures/damage_repair_calibration/DNN/HRS_SHARED/S11_S12/repair/adl/cal_PHONEA.png,figure,no_generated_output
analysis/HRS/figures/damage_repair_calibration/DNN/HRS_SHARED/S11_S12/repair/adl/cal_POOLED_adl.png,figure,no_generated_output
analysis/HRS/figures/damage_repair_calibration/DNN/HRS_SHARED/S11_S12/repair/adl/cal_PUSHA.png,figure,no_generated_output
analysis/HRS/figures/damage_repair_calibration/DNN/HRS_SHARED/S11_S12/repair/adl/cal_SHOPA.png,figure,no_generated_output
analysis/HRS/figures/damage_repair_calibration/DNN/HRS_SHARED/S11_S12/repair/adl/cal_STOOPA.png,figure,no_generated_output
analysis/HRS/figures/damage_repair_calibration/DNN/HRS_SHARED/S11_S12/repair/adl/cal_TOILTA.png,figure,no_generated_output
analysis/HRS/figures/damage_repair_calibration/DNN/HRS_SHARED/S11_S12/repair/adl/cal_WALKRA.png,figure,no_generated_output
analysis/HRS/figures/damage_repair_calibration/DNN/HRS_SHARED/S11_S12/repair/disease/cal_ARTHRE.png,figure,no_generated_output
analysis/HRS/figures/damage_repair_calibration/DNN/HRS_SHARED/S11_S12/repair/disease/cal_CANCRE.png,figure,no_generated_output
analysis/HRS/figures/damage_repair_calibration/DNN/HRS_SHARED/S11_S12/repair/disease/cal_DIABE.png,figure,no_generated_output
analysis/HRS/figures/damage_repair_calibration/DNN/HRS_SHARED/S11_S12/repair/disease/cal_HEARTE.png,figure,no_generated_output
analysis/HRS/figures/damage_repair_calibration/DNN/HRS_SHARED/S11_S12/repair/disease/cal_HIBPE.png,figure,no_generated_output
analysis/HRS/figures/damage_repair_calibration/DNN/HRS_SHARED/S11_S12/repair/disease/cal_LUNGE.png,figure,no_generated_output
analysis/HRS/figures/damage_repair_calibration/DNN/HRS_SHARED/S11_S12/repair/disease/cal_POOLED_disease.png,figure,no_generated_output
analysis/HRS/figures/damage_repair_calibration/DNN/HRS_SHARED/S11_S12/repair/disease/cal_STROKE.png,figure,no_generated_output
analysis/HRS/figures/damage_repair_calibration/DNN/HRS_SHARED/S12_S13/damage/adl/cal_ARMSA.png,figure,no_generated_output
analysis/HRS/figures/damage_repair_calibration/DNN/HRS_SHARED/S12_S13/damage/adl/cal_BATHA.png,figure,no_generated_output
analysis/HRS/figures/damage_repair_calibration/DNN/HRS_SHARED/S12_S13/damage/adl/cal_BEDA.png,figure,no_generated_output
analysis/HRS/figures/damage_repair_calibration/DNN/HRS_SHARED/S12_S13/damage/adl/cal_CHAIRA.png,figure,no_generated_output
analysis/HRS/figures/damage_repair_calibration/DNN/HRS_SHARED/S12_S13/damage/adl/cal_CLIM1A.png,figure,no_generated_output
analysis/HRS/figures/damage_repair_calibration/DNN/HRS_SHARED/S12_S13/damage/adl/cal_CLIMSA.png,figure,no_generated_output
analysis/HRS/figures/damage_repair_calibration/DNN/HRS_SHARED/S12_S13/damage/adl/cal_DIMEA.png,figure,no_generated_output
analysis/HRS/figures/damage_repair_calibration/DNN/HRS_SHARED/S12_S13/damage/adl/cal_DRESSA.png,figure,no_generated_output
analysis/HRS/figures/damage_repair_calibration/DNN/HRS_SHARED/S12_S13/damage/adl/cal_EATA.png,figure,no_generated_output
analysis/HRS/figures/damage_repair_calibration/DNN/HRS_SHARED/S12_S13/damage/adl/cal_LIFTA.png,figure,no_generated_output
analysis/HRS/figures/damage_repair_calibration/DNN/HRS_SHARED/S12_S13/damage/adl/cal_MONEYA.png,figure,no_generated_output
analysis/HRS/figures/damage_repair_calibration/DNN/HRS_SHARED/S12_S13/damage/adl/cal_PHONEA.png,figure,no_generated_output
analysis/HRS/figures/damage_repair_calibration/DNN/HRS_SHARED/S12_S13/damage/adl/cal_POOLED_adl.png,figure,no_generated_output
analysis/HRS/figures/damage_repair_calibration/DNN/HRS_SHARED/S12_S13/damage/adl/cal_PUSHA.png,figure,no_generated_output
analysis/HRS/figures/damage_repair_calibration/DNN/HRS_SHARED/S12_S13/damage/adl/cal_SHOPA.png,figure,no_generated_output
analysis/HRS/figures/damage_repair_calibration/DNN/HRS_SHARED/S12_S13/damage/adl/cal_STOOPA.png,figure,no_generated_output
analysis/HRS/figures/damage_repair_calibration/DNN/HRS_SHARED/S12_S13/damage/adl/cal_TOILTA.png,figure,no_generated_output
analysis/HRS/figures/damage_repair_calibration/DNN/HRS_SHARED/S12_S13/damage/adl/cal_WALKRA.png,figure,no_generated_output
analysis/HRS/figures/damage_repair_calibration/DNN/HRS_SHARED/S12_S13/damage/disease/cal_ARTHRE.png,figure,no_generated_output
analysis/HRS/figures/damage_repair_calibration/DNN/HRS_SHARED/S12_S13/damage/disease/cal_CANCRE.png,figure,no_generated_output
analysis/HRS/figures/damage_repair_calibration/DNN/HRS_SHARED/S12_S13/damage/disease/cal_DIABE.png,figure,no_generated_output
analysis/HRS/figures/damage_repair_calibration/DNN/HRS_SHARED/S12_S13/damage/disease/cal_HEARTE.png,figure,no_generated_output
analysis/HRS/figures/damage_repair_calibration/DNN/HRS_SHARED/S12_S13/damage/disease/cal_HIBPE.png,figure,no_generated_output
analysis/HRS/figures/damage_repair_calibration/DNN/HRS_SHARED/S12_S13/damage/disease/cal_LUNGE.png,figure,no_generated_output
analysis/HRS/figures/damage_repair_calibration/DNN/HRS_SHARED/S12_S13/damage/disease/cal_POOLED_disease.png,figure,no_generated_output
analysis/HRS/figures/damage_repair_calibration/DNN/HRS_SHARED/S12_S13/damage/disease/cal_STROKE.png,figure,no_generated_output
analysis/HRS/figures/damage_repair_calibration/DNN/HRS_SHARED/S12_S13/repair/adl/cal_ARMSA.png,figure,no_generated_output
analysis/HRS/figures/damage_repair_calibration/DNN/HRS_SHARED/S12_S13/repair/adl/cal_BATHA.png,figure,no_generated_output
analysis/HRS/figures/damage_repair_calibration/DNN/HRS_SHARED/S12_S13/repair/adl/cal_BEDA.png,figure,no_generated_output
analysis/HRS/figures/damage_repair_calibration/DNN/HRS_SHARED/S12_S13/repair/adl/cal_CHAIRA.png,figure,no_generated_output
analysis/HRS/figures/damage_repair_calibration/DNN/HRS_SHARED/S12_S13/repair/adl/cal_CLIM1A.png,figure,no_generated_output
analysis/HRS/figures/damage_repair_calibration/DNN/HRS_SHARED/S12_S13/repair/adl/cal_CLIMSA.png,figure,no_generated_output
analysis/HRS/figures/damage_repair_calibration/DNN/HRS_SHARED/S12_S13/repair/adl/cal_DIMEA.png,figure,no_generated_output
analysis/HRS/figures/damage_repair_calibration/DNN/HRS_SHARED/S12_S13/repair/adl/cal_DRESSA.png,figure,no_generated_output
analysis/HRS/figures/damage_repair_calibration/DNN/HRS_SHARED/S12_S13/repair/adl/cal_EATA.png,figure,no_generated_output
analysis/HRS/figures/damage_repair_calibration/DNN/HRS_SHARED/S12_S13/repair/adl/cal_LIFTA.png,figure,no_generated_output
analysis/HRS/figures/damage_repair_calibration/DNN/HRS_SHARED/S12_S13/repair/adl/cal_MONEYA.png,figure,no_generated_output
analysis/HRS/figures/damage_repair_calibration/DNN/HRS_SHARED/S12_S13/repair/adl/cal_PHONEA.png,figure,no_generated_output
analysis/HRS/figures/damage_repair_calibration/DNN/HRS_SHARED/S12_S13/repair/adl/cal_POOLED_adl.png,figure,no_generated_output
analysis/HRS/figures/damage_repair_calibration/DNN/HRS_SHARED/S12_S13/repair/adl/cal_PUSHA.png,figure,no_generated_output
analysis/HRS/figures/damage_repair_calibration/DNN/HRS_SHARED/S12_S13/repair/adl/cal_SHOPA.png,figure,no_generated_output
analysis/HRS/figures/damage_repair_calibration/DNN/HRS_SHARED/S12_S13/repair/adl/cal_STOOPA.png,figure,no_generated_output
analysis/HRS/figures/damage_repair_calibration/DNN/HRS_SHARED/S12_S13/repair/adl/cal_TOILTA.png,figure,no_generated_output
analysis/HRS/figures/damage_repair_calibration/DNN/HRS_SHARED/S12_S13/repair/adl/cal_WALKRA.png,figure,no_generated_output
analysis/HRS/figures/damage_repair_calibration/DNN/HRS_SHARED/S12_S13/repair/disease/cal_ARTHRE.png,figure,no_generated_output
analysis/HRS/figures/damage_repair_calibration/DNN/HRS_SHARED/S12_S13/repair/disease/cal_CANCRE.png,figure,no_generated_output
analysis/HRS/figures/damage_repair_calibration/DNN/HRS_SHARED/S12_S13/repair/disease/cal_DIABE.png,figure,no_generated_output
analysis/HRS/figures/damage_repair_calibration/DNN/HRS_SHARED/S12_S13/repair/disease/cal_HEARTE.png,figure,no_generated_output
analysis/HRS/figures/damage_repair_calibration/DNN/HRS_SHARED/S12_S13/repair/disease/cal_HIBPE.png,figure,no_generated_output
analysis/HRS/figures/damage_repair_calibration/DNN/HRS_SHARED/S12_S13/repair/disease/cal_LUNGE.png,figure,no_generated_output
analysis/HRS/figures/damage_repair_calibration/DNN/HRS_SHARED/S12_S13/repair/disease/cal_POOLED_disease.png,figure,no_generated_output
analysis/HRS/figures/damage_repair_calibration/DNN/HRS_SHARED/S12_S13/repair/disease/cal_STROKE.png,figure,no_generated_output
analysis/HRS/figures/damage_repair_calibration/DNN/HRS_SHARED/S13_S14/damage/adl/cal_ARMSA.png,figure,no_generated_output
analysis/HRS/figures/damage_repair_calibration/DNN/HRS_SHARED/S13_S14/damage/adl/cal_BATHA.png,figure,no_generated_output
analysis/HRS/figures/damage_repair_calibration/DNN/HRS_SHARED/S13_S14/damage/adl/cal_BEDA.png,figure,no_generated_output
analysis/HRS/figures/damage_repair_calibration/DNN/HRS_SHARED/S13_S14/damage/adl/cal_CHAIRA.png,figure,no_generated_output
analysis/HRS/figures/damage_repair_calibration/DNN/HRS_SHARED/S13_S14/damage/adl/cal_CLIM1A.png,figure,no_generated_output
analysis/HRS/figures/damage_repair_calibration/DNN/HRS_SHARED/S13_S14/damage/adl/cal_CLIMSA.png,figure,no_generated_output
analysis/HRS/figures/damage_repair_calibration/DNN/HRS_SHARED/S13_S14/damage/adl/cal_DIMEA.png,figure,no_generated_output
analysis/HRS/figures/damage_repair_calibration/DNN/HRS_SHARED/S13_S14/damage/adl/cal_DRESSA.png,figure,no_generated_output
analysis/HRS/figures/damage_repair_calibration/DNN/HRS_SHARED/S13_S14/damage/adl/cal_EATA.png,figure,no_generated_output
analysis/HRS/figures/damage_repair_calibration/DNN/HRS_SHARED/S13_S14/damage/adl/cal_LIFTA.png,figure,no_generated_output
analysis/HRS/figures/damage_repair_calibration/DNN/HRS_SHARED/S13_S14/damage/adl/cal_MONEYA.png,figure,no_generated_output
analysis/HRS/figures/damage_repair_calibration/DNN/HRS_SHARED/S13_S14/damage/adl/cal_PHONEA.png,figure,no_generated_output
analysis/HRS/figures/damage_repair_calibration/DNN/HRS_SHARED/S13_S14/damage/adl/cal_POOLED_adl.png,figure,no_generated_output
analysis/HRS/figures/damage_repair_calibration/DNN/HRS_SHARED/S13_S14/damage/adl/cal_PUSHA.png,figure,no_generated_output
analysis/HRS/figures/damage_repair_calibration/DNN/HRS_SHARED/S13_S14/damage/adl/cal_SHOPA.png,figure,no_generated_output
analysis/HRS/figures/damage_repair_calibration/DNN/HRS_SHARED/S13_S14/damage/adl/cal_STOOPA.png,figure,no_generated_output
analysis/HRS/figures/damage_repair_calibration/DNN/HRS_SHARED/S13_S14/damage/adl/cal_TOILTA.png,figure,no_generated_output
analysis/HRS/figures/damage_repair_calibration/DNN/HRS_SHARED/S13_S14/damage/adl/cal_WALKRA.png,figure,no_generated_output
analysis/HRS/figures/damage_repair_calibration/DNN/HRS_SHARED/S13_S14/damage/disease/cal_ARTHRE.png,figure,no_generated_output
analysis/HRS/figures/damage_repair_calibration/DNN/HRS_SHARED/S13_S14/damage/disease/cal_CANCRE.png,figure,no_generated_output
analysis/HRS/figures/damage_repair_calibration/DNN/HRS_SHARED/S13_S14/damage/disease/cal_DIABE.png,figure,no_generated_output
analysis/HRS/figures/damage_repair_calibration/DNN/HRS_SHARED/S13_S14/damage/disease/cal_HEARTE.png,figure,no_generated_output
analysis/HRS/figures/damage_repair_calibration/DNN/HRS_SHARED/S13_S14/damage/disease/cal_HIBPE.png,figure,no_generated_output
analysis/HRS/figures/damage_repair_calibration/DNN/HRS_SHARED/S13_S14/damage/disease/cal_LUNGE.png,figure,no_generated_output
analysis/HRS/figures/damage_repair_calibration/DNN/HRS_SHARED/S13_S14/damage/disease/cal_POOLED_disease.png,figure,no_generated_output
analysis/HRS/figures/damage_repair_calibration/DNN/HRS_SHARED/S13_S14/damage/disease/cal_STROKE.png,figure,no_generated_output
analysis/HRS/figures/damage_repair_calibration/DNN/HRS_SHARED/S13_S14/repair/adl/cal_ARMSA.png,figure,no_generated_output
analysis/HRS/figures/damage_repair_calibration/DNN/HRS_SHARED/S13_S14/repair/adl/cal_BATHA.png,figure,no_generated_output
analysis/HRS/figures/damage_repair_calibration/DNN/HRS_SHARED/S13_S14/repair/adl/cal_BEDA.png,figure,no_generated_output
analysis/HRS/figures/damage_repair_calibration/DNN/HRS_SHARED/S13_S14/repair/adl/cal_CHAIRA.png,figure,no_generated_output
analysis/HRS/figures/damage_repair_calibration/DNN/HRS_SHARED/S13_S14/repair/adl/cal_CLIM1A.png,figure,no_generated_output
analysis/HRS/figures/damage_repair_calibration/DNN/HRS_SHARED/S13_S14/repair/adl/cal_CLIMSA.png,figure,no_generated_output
analysis/HRS/figures/damage_repair_calibration/DNN/HRS_SHARED/S13_S14/repair/adl/cal_DIMEA.png,figure,no_generated_output
analysis/HRS/figures/damage_repair_calibration/DNN/HRS_SHARED/S13_S14/repair/adl/cal_DRESSA.png,figure,no_generated_output
analysis/HRS/figures/damage_repair_calibration/DNN/HRS_SHARED/S13_S14/repair/adl/cal_EATA.png,figure,no_generated_output
analysis/HRS/figures/damage_repair_calibration/DNN/HRS_SHARED/S13_S14/repair/adl/cal_LIFTA.png,figure,no_generated_output
analysis/HRS/figures/damage_repair_calibration/DNN/HRS_SHARED/S13_S14/repair/adl/cal_MONEYA.png,figure,no_generated_output
analysis/HRS/figures/damage_repair_calibration/DNN/HRS_SHARED/S13_S14/repair/adl/cal_PHONEA.png,figure,no_generated_output
analysis/HRS/figures/damage_repair_calibration/DNN/HRS_SHARED/S13_S14/repair/adl/cal_POOLED_adl.png,figure,no_generated_output
analysis/HRS/figures/damage_repair_calibration/DNN/HRS_SHARED/S13_S14/repair/adl/cal_PUSHA.png,figure,no_generated_output
analysis/HRS/figures/damage_repair_calibration/DNN/HRS_SHARED/S13_S14/repair/adl/cal_SHOPA.png,figure,no_generated_output
analysis/HRS/figures/damage_repair_calibration/DNN/HRS_SHARED/S13_S14/repair/adl/cal_STOOPA.png,figure,no_generated_output
analysis/HRS/figures/damage_repair_calibration/DNN/HRS_SHARED/S13_S14/repair/adl/cal_TOILTA.png,figure,no_generated_output
analysis/HRS/figures/damage_repair_calibration/DNN/HRS_SHARED/S13_S14/repair/adl/cal_WALKRA.png,figure,no_generated_output
analysis/HRS/figures/damage_repair_calibration/DNN/HRS_SHARED/S13_S14/repair/disease/cal_ARTHRE.png,figure,no_generated_output
analysis/HRS/figures/damage_repair_calibration/DNN/HRS_SHARED/S13_S14/repair/disease/cal_CANCRE.png,figure,no_generated_output
analysis/HRS/figures/damage_repair_calibration/DNN/HRS_SHARED/S13_S14/repair/disease/cal_DIABE.png,figure,no_generated_output
analysis/HRS/figures/damage_repair_calibration/DNN/HRS_SHARED/S13_S14/repair/disease/cal_HEARTE.png,figure,no_generated_output
analysis/HRS/figures/damage_repair_calibration/DNN/HRS_SHARED/S13_S14/repair/disease/cal_HIBPE.png,figure,no_generated_output
analysis/HRS/figures/damage_repair_calibration/DNN/HRS_SHARED/S13_S14/repair/disease/cal_LUNGE.png,figure,no_generated_output
analysis/HRS/figures/damage_repair_calibration/DNN/HRS_SHARED/S13_S14/repair/disease/cal_POOLED_disease.png,figure,no_generated_output
analysis/HRS/figures/damage_repair_calibration/DNN/HRS_SHARED/S13_S14/repair/disease/cal_STROKE.png,figure,no_generated_output
analysis/HRS/figures/damage_repair_calibration/DNN/HRS_SHARED/S14_S15/damage/adl/cal_ARMSA.png,figure,no_generated_output
analysis/HRS/figures/damage_repair_calibration/DNN/HRS_SHARED/S14_S15/damage/adl/cal_BATHA.png,figure,no_generated_output
analysis/HRS/figures/damage_repair_calibration/DNN/HRS_SHARED/S14_S15/damage/adl/cal_BEDA.png,figure,no_generated_output
analysis/HRS/figures/damage_repair_calibration/DNN/HRS_SHARED/S14_S15/damage/adl/cal_CHAIRA.png,figure,no_generated_output
analysis/HRS/figures/damage_repair_calibration/DNN/HRS_SHARED/S14_S15/damage/adl/cal_CLIM1A.png,figure,no_generated_output
analysis/HRS/figures/damage_repair_calibration/DNN/HRS_SHARED/S14_S15/damage/adl/cal_CLIMSA.png,figure,no_generated_output
analysis/HRS/figures/damage_repair_calibration/DNN/HRS_SHARED/S14_S15/damage/adl/cal_DIMEA.png,figure,no_generated_output
analysis/HRS/figures/damage_repair_calibration/DNN/HRS_SHARED/S14_S15/damage/adl/cal_DRESSA.png,figure,no_generated_output
analysis/HRS/figures/damage_repair_calibration/DNN/HRS_SHARED/S14_S15/damage/adl/cal_EATA.png,figure,no_generated_output
analysis/HRS/figures/damage_repair_calibration/DNN/HRS_SHARED/S14_S15/damage/adl/cal_LIFTA.png,figure,no_generated_output
analysis/HRS/figures/damage_repair_calibration/DNN/HRS_SHARED/S14_S15/damage/adl/cal_MONEYA.png,figure,no_generated_output
analysis/HRS/figures/damage_repair_calibration/DNN/HRS_SHARED/S14_S15/damage/adl/cal_PHONEA.png,figure,no_generated_output
analysis/HRS/figures/damage_repair_calibration/DNN/HRS_SHARED/S14_S15/damage/adl/cal_POOLED_adl.png,figure,no_generated_output
analysis/HRS/figures/damage_repair_calibration/DNN/HRS_SHARED/S14_S15/damage/adl/cal_PUSHA.png,figure,no_generated_output
analysis/HRS/figures/damage_repair_calibration/DNN/HRS_SHARED/S14_S15/damage/adl/cal_SHOPA.png,figure,no_generated_output
analysis/HRS/figures/damage_repair_calibration/DNN/HRS_SHARED/S14_S15/damage/adl/cal_STOOPA.png,figure,no_generated_output
analysis/HRS/figures/damage_repair_calibration/DNN/HRS_SHARED/S14_S15/damage/adl/cal_TOILTA.png,figure,no_generated_output
analysis/HRS/figures/damage_repair_calibration/DNN/HRS_SHARED/S14_S15/damage/adl/cal_WALKRA.png,figure,no_generated_output
analysis/HRS/figures/damage_repair_calibration/DNN/HRS_SHARED/S14_S15/damage/disease/cal_ARTHRE.png,figure,no_generated_output
analysis/HRS/figures/damage_repair_calibration/DNN/HRS_SHARED/S14_S15/damage/disease/cal_CANCRE.png,figure,no_generated_output
analysis/HRS/figures/damage_repair_calibration/DNN/HRS_SHARED/S14_S15/damage/disease/cal_DIABE.png,figure,no_generated_output
analysis/HRS/figures/damage_repair_calibration/DNN/HRS_SHARED/S14_S15/damage/disease/cal_HEARTE.png,figure,no_generated_output
analysis/HRS/figures/damage_repair_calibration/DNN/HRS_SHARED/S14_S15/damage/disease/cal_HIBPE.png,figure,no_generated_output
analysis/HRS/figures/damage_repair_calibration/DNN/HRS_SHARED/S14_S15/damage/disease/cal_LUNGE.png,figure,no_generated_output
analysis/HRS/figures/damage_repair_calibration/DNN/HRS_SHARED/S14_S15/damage/disease/cal_POOLED_disease.png,figure,no_generated_output
analysis/HRS/figures/damage_repair_calibration/DNN/HRS_SHARED/S14_S15/damage/disease/cal_STROKE.png,figure,no_generated_output
analysis/HRS/figures/damage_repair_calibration/DNN/HRS_SHARED/S14_S15/repair/adl/cal_ARMSA.png,figure,no_generated_output
analysis/HRS/figures/damage_repair_calibration/DNN/HRS_SHARED/S14_S15/repair/adl/cal_BATHA.png,figure,no_generated_output
analysis/HRS/figures/damage_repair_calibration/DNN/HRS_SHARED/S14_S15/repair/adl/cal_BEDA.png,figure,no_generated_output
analysis/HRS/figures/damage_repair_calibration/DNN/HRS_SHARED/S14_S15/repair/adl/cal_CHAIRA.png,figure,no_generated_output
analysis/HRS/figures/damage_repair_calibration/DNN/HRS_SHARED/S14_S15/repair/adl/cal_CLIM1A.png,figure,no_generated_output
analysis/HRS/figures/damage_repair_calibration/DNN/HRS_SHARED/S14_S15/repair/adl/cal_CLIMSA.png,figure,no_generated_output
analysis/HRS/figures/damage_repair_calibration/DNN/HRS_SHARED/S14_S15/repair/adl/cal_DIMEA.png,figure,no_generated_output
analysis/HRS/figures/damage_repair_calibration/DNN/HRS_SHARED/S14_S15/repair/adl/cal_DRESSA.png,figure,no_generated_output
analysis/HRS/figures/damage_repair_calibration/DNN/HRS_SHARED/S14_S15/repair/adl/cal_EATA.png,figure,no_generated_output
analysis/HRS/figures/damage_repair_calibration/DNN/HRS_SHARED/S14_S15/repair/adl/cal_LIFTA.png,figure,no_generated_output
analysis/HRS/figures/damage_repair_calibration/DNN/HRS_SHARED/S14_S15/repair/adl/cal_MONEYA.png,figure,no_generated_output
analysis/HRS/figures/damage_repair_calibration/DNN/HRS_SHARED/S14_S15/repair/adl/cal_PHONEA.png,figure,no_generated_output
analysis/HRS/figures/damage_repair_calibration/DNN/HRS_SHARED/S14_S15/repair/adl/cal_POOLED_adl.png,figure,no_generated_output
analysis/HRS/figures/damage_repair_calibration/DNN/HRS_SHARED/S14_S15/repair/adl/cal_PUSHA.png,figure,no_generated_output
analysis/HRS/figures/damage_repair_calibration/DNN/HRS_SHARED/S14_S15/repair/adl/cal_SHOPA.png,figure,no_generated_output
analysis/HRS/figures/damage_repair_calibration/DNN/HRS_SHARED/S14_S15/repair/adl/cal_STOOPA.png,figure,no_generated_output
analysis/HRS/figures/damage_repair_calibration/DNN/HRS_SHARED/S14_S15/repair/adl/cal_TOILTA.png,figure,no_generated_output
analysis/HRS/figures/damage_repair_calibration/DNN/HRS_SHARED/S14_S15/repair/adl/cal_WALKRA.png,figure,no_generated_output
analysis/HRS/figures/damage_repair_calibration/DNN/HRS_SHARED/S14_S15/repair/disease/cal_ARTHRE.png,figure,no_generated_output
analysis/HRS/figures/damage_repair_calibration/DNN/HRS_SHARED/S14_S15/repair/disease/cal_CANCRE.png,figure,no_generated_output
analysis/HRS/figures/damage_repair_calibration/DNN/HRS_SHARED/S14_S15/repair/disease/cal_DIABE.png,figure,no_generated_output
analysis/HRS/figures/damage_repair_calibration/DNN/HRS_SHARED/S14_S15/repair/disease/cal_HEARTE.png,figure,no_generated_output
analysis/HRS/figures/damage_repair_calibration/DNN/HRS_SHARED/S14_S15/repair/disease/cal_HIBPE.png,figure,no_generated_output
analysis/HRS/figures/damage_repair_calibration/DNN/HRS_SHARED/S14_S15/repair/disease/cal_LUNGE.png,figure,no_generated_output
analysis/HRS/figures/damage_repair_calibration/DNN/HRS_SHARED/S14_S15/repair/disease/cal_POOLED_disease.png,figure,no_generated_output
analysis/HRS/figures/damage_repair_calibration/DNN/HRS_SHARED/S14_S15/repair/disease/cal_STROKE.png,figure,no_generated_output
analysis/HRS/figures/damage_repair_calibration/DNN/HRS_SHARED/S6_S7/damage/adl/cal_ARMSA.png,figure,no_generated_output
analysis/HRS/figures/damage_repair_calibration/DNN/HRS_SHARED/S6_S7/damage/adl/cal_BATHA.png,figure,no_generated_output
analysis/HRS/figures/damage_repair_calibration/DNN/HRS_SHARED/S6_S7/damage/adl/cal_BEDA.png,figure,no_generated_output
analysis/HRS/figures/damage_repair_calibration/DNN/HRS_SHARED/S6_S7/damage/adl/cal_CHAIRA.png,figure,no_generated_output
analysis/HRS/figures/damage_repair_calibration/DNN/HRS_SHARED/S6_S7/damage/adl/cal_CLIM1A.png,figure,no_generated_output
analysis/HRS/figures/damage_repair_calibration/DNN/HRS_SHARED/S6_S7/damage/adl/cal_CLIMSA.png,figure,no_generated_output
analysis/HRS/figures/damage_repair_calibration/DNN/HRS_SHARED/S6_S7/damage/adl/cal_DIMEA.png,figure,no_generated_output
analysis/HRS/figures/damage_repair_calibration/DNN/HRS_SHARED/S6_S7/damage/adl/cal_DRESSA.png,figure,no_generated_output
analysis/HRS/figures/damage_repair_calibration/DNN/HRS_SHARED/S6_S7/damage/adl/cal_EATA.png,figure,no_generated_output
analysis/HRS/figures/damage_repair_calibration/DNN/HRS_SHARED/S6_S7/damage/adl/cal_LIFTA.png,figure,no_generated_output
analysis/HRS/figures/damage_repair_calibration/DNN/HRS_SHARED/S6_S7/damage/adl/cal_MONEYA.png,figure,no_generated_output
analysis/HRS/figures/damage_repair_calibration/DNN/HRS_SHARED/S6_S7/damage/adl/cal_PHONEA.png,figure,no_generated_output
analysis/HRS/figures/damage_repair_calibration/DNN/HRS_SHARED/S6_S7/damage/adl/cal_POOLED_adl.png,figure,no_generated_output
analysis/HRS/figures/damage_repair_calibration/DNN/HRS_SHARED/S6_S7/damage/adl/cal_PUSHA.png,figure,no_generated_output
analysis/HRS/figures/damage_repair_calibration/DNN/HRS_SHARED/S6_S7/damage/adl/cal_SHOPA.png,figure,no_generated_output
analysis/HRS/figures/damage_repair_calibration/DNN/HRS_SHARED/S6_S7/damage/adl/cal_STOOPA.png,figure,no_generated_output
analysis/HRS/figures/damage_repair_calibration/DNN/HRS_SHARED/S6_S7/damage/adl/cal_TOILTA.png,figure,no_generated_output
analysis/HRS/figures/damage_repair_calibration/DNN/HRS_SHARED/S6_S7/damage/adl/cal_WALKRA.png,figure,no_generated_output
analysis/HRS/figures/damage_repair_calibration/DNN/HRS_SHARED/S6_S7/damage/disease/cal_ARTHRE.png,figure,no_generated_output
analysis/HRS/figures/damage_repair_calibration/DNN/HRS_SHARED/S6_S7/damage/disease/cal_CANCRE.png,figure,no_generated_output
analysis/HRS/figures/damage_repair_calibration/DNN/HRS_SHARED/S6_S7/damage/disease/cal_DIABE.png,figure,no_generated_output
analysis/HRS/figures/damage_repair_calibration/DNN/HRS_SHARED/S6_S7/damage/disease/cal_HEARTE.png,figure,no_generated_output
analysis/HRS/figures/damage_repair_calibration/DNN/HRS_SHARED/S6_S7/damage/disease/cal_HIBPE.png,figure,no_generated_output
analysis/HRS/figures/damage_repair_calibration/DNN/HRS_SHARED/S6_S7/damage/disease/cal_LUNGE.png,figure,no_generated_output
analysis/HRS/figures/damage_repair_calibration/DNN/HRS_SHARED/S6_S7/damage/disease/cal_POOLED_disease.png,figure,no_generated_output
analysis/HRS/figures/damage_repair_calibration/DNN/HRS_SHARED/S6_S7/damage/disease/cal_STROKE.png,figure,no_generated_output
analysis/HRS/figures/damage_repair_calibration/DNN/HRS_SHARED/S6_S7/repair/adl/cal_ARMSA.png,figure,no_generated_output
analysis/HRS/figures/damage_repair_calibration/DNN/HRS_SHARED/S6_S7/repair/adl/cal_BATHA.png,figure,no_generated_output
analysis/HRS/figures/damage_repair_calibration/DNN/HRS_SHARED/S6_S7/repair/adl/cal_BEDA.png,figure,no_generated_output
analysis/HRS/figures/damage_repair_calibration/DNN/HRS_SHARED/S6_S7/repair/adl/cal_CHAIRA.png,figure,no_generated_output
analysis/HRS/figures/damage_repair_calibration/DNN/HRS_SHARED/S6_S7/repair/adl/cal_CLIM1A.png,figure,no_generated_output
analysis/HRS/figures/damage_repair_calibration/DNN/HRS_SHARED/S6_S7/repair/adl/cal_CLIMSA.png,figure,no_generated_output
analysis/HRS/figures/damage_repair_calibration/DNN/HRS_SHARED/S6_S7/repair/adl/cal_DIMEA.png,figure,no_generated_output
analysis/HRS/figures/damage_repair_calibration/DNN/HRS_SHARED/S6_S7/repair/adl/cal_DRESSA.png,figure,no_generated_output
analysis/HRS/figures/damage_repair_calibration/DNN/HRS_SHARED/S6_S7/repair/adl/cal_LIFTA.png,figure,no_generated_output
analysis/HRS/figures/damage_repair_calibration/DNN/HRS_SHARED/S6_S7/repair/adl/cal_MONEYA.png,figure,no_generated_output
analysis/HRS/figures/damage_repair_calibration/DNN/HRS_SHARED/S6_S7/repair/adl/cal_PHONEA.png,figure,no_generated_output
analysis/HRS/figures/damage_repair_calibration/DNN/HRS_SHARED/S6_S7/repair/adl/cal_POOLED_adl.png,figure,no_generated_output
analysis/HRS/figures/damage_repair_calibration/DNN/HRS_SHARED/S6_S7/repair/adl/cal_PUSHA.png,figure,no_generated_output
analysis/HRS/figures/damage_repair_calibration/DNN/HRS_SHARED/S6_S7/repair/adl/cal_SHOPA.png,figure,no_generated_output
analysis/HRS/figures/damage_repair_calibration/DNN/HRS_SHARED/S6_S7/repair/adl/cal_STOOPA.png,figure,no_generated_output
analysis/HRS/figures/damage_repair_calibration/DNN/HRS_SHARED/S6_S7/repair/adl/cal_TOILTA.png,figure,no_generated_output
analysis/HRS/figures/damage_repair_calibration/DNN/HRS_SHARED/S6_S7/repair/adl/cal_WALKRA.png,figure,no_generated_output
analysis/HRS/figures/damage_repair_calibration/DNN/HRS_SHARED/S6_S7/repair/disease/cal_ARTHRE.png,figure,no_generated_output
analysis/HRS/figures/damage_repair_calibration/DNN/HRS_SHARED/S6_S7/repair/disease/cal_CANCRE.png,figure,no_generated_output
analysis/HRS/figures/damage_repair_calibration/DNN/HRS_SHARED/S6_S7/repair/disease/cal_DIABE.png,figure,no_generated_output
analysis/HRS/figures/damage_repair_calibration/DNN/HRS_SHARED/S6_S7/repair/disease/cal_HEARTE.png,figure,no_generated_output
analysis/HRS/figures/damage_repair_calibration/DNN/HRS_SHARED/S6_S7/repair/disease/cal_HIBPE.png,figure,no_generated_output
analysis/HRS/figures/damage_repair_calibration/DNN/HRS_SHARED/S6_S7/repair/disease/cal_LUNGE.png,figure,no_generated_output
analysis/HRS/figures/damage_repair_calibration/DNN/HRS_SHARED/S6_S7/repair/disease/cal_POOLED_disease.png,figure,no_generated_output
analysis/HRS/figures/damage_repair_calibration/DNN/HRS_SHARED/S6_S7/repair/disease/cal_STROKE.png,figure,no_generated_output
analysis/HRS/figures/damage_repair_calibration/DNN/HRS_SHARED/S7_S8/damage/adl/cal_ARMSA.png,figure,no_generated_output
analysis/HRS/figures/damage_repair_calibration/DNN/HRS_SHARED/S7_S8/damage/adl/cal_BATHA.png,figure,no_generated_output
analysis/HRS/figures/damage_repair_calibration/DNN/HRS_SHARED/S7_S8/damage/adl/cal_BEDA.png,figure,no_generated_output
analysis/HRS/figures/damage_repair_calibration/DNN/HRS_SHARED/S7_S8/damage/adl/cal_CHAIRA.png,figure,no_generated_output
analysis/HRS/figures/damage_repair_calibration/DNN/HRS_SHARED/S7_S8/damage/adl/cal_CLIM1A.png,figure,no_generated_output
analysis/HRS/figures/damage_repair_calibration/DNN/HRS_SHARED/S7_S8/damage/adl/cal_CLIMSA.png,figure,no_generated_output
analysis/HRS/figures/damage_repair_calibration/DNN/HRS_SHARED/S7_S8/damage/adl/cal_DIMEA.png,figure,no_generated_output
analysis/HRS/figures/damage_repair_calibration/DNN/HRS_SHARED/S7_S8/damage/adl/cal_DRESSA.png,figure,no_generated_output
analysis/HRS/figures/damage_repair_calibration/DNN/HRS_SHARED/S7_S8/damage/adl/cal_EATA.png,figure,no_generated_output
analysis/HRS/figures/damage_repair_calibration/DNN/HRS_SHARED/S7_S8/damage/adl/cal_LIFTA.png,figure,no_generated_output
analysis/HRS/figures/damage_repair_calibration/DNN/HRS_SHARED/S7_S8/damage/adl/cal_MONEYA.png,figure,no_generated_output
analysis/HRS/figures/damage_repair_calibration/DNN/HRS_SHARED/S7_S8/damage/adl/cal_PHONEA.png,figure,no_generated_output
analysis/HRS/figures/damage_repair_calibration/DNN/HRS_SHARED/S7_S8/damage/adl/cal_POOLED_adl.png,figure,no_generated_output
analysis/HRS/figures/damage_repair_calibration/DNN/HRS_SHARED/S7_S8/damage/adl/cal_PUSHA.png,figure,no_generated_output
analysis/HRS/figures/damage_repair_calibration/DNN/HRS_SHARED/S7_S8/damage/adl/cal_SHOPA.png,figure,no_generated_output
analysis/HRS/figures/damage_repair_calibration/DNN/HRS_SHARED/S7_S8/damage/adl/cal_STOOPA.png,figure,no_generated_output
analysis/HRS/figures/damage_repair_calibration/DNN/HRS_SHARED/S7_S8/damage/adl/cal_TOILTA.png,figure,no_generated_output
analysis/HRS/figures/damage_repair_calibration/DNN/HRS_SHARED/S7_S8/damage/adl/cal_WALKRA.png,figure,no_generated_output
analysis/HRS/figures/damage_repair_calibration/DNN/HRS_SHARED/S7_S8/damage/disease/cal_ARTHRE.png,figure,no_generated_output
analysis/HRS/figures/damage_repair_calibration/DNN/HRS_SHARED/S7_S8/damage/disease/cal_CANCRE.png,figure,no_generated_output
analysis/HRS/figures/damage_repair_calibration/DNN/HRS_SHARED/S7_S8/damage/disease/cal_DIABE.png,figure,no_generated_output
analysis/HRS/figures/damage_repair_calibration/DNN/HRS_SHARED/S7_S8/damage/disease/cal_HEARTE.png,figure,no_generated_output
analysis/HRS/figures/damage_repair_calibration/DNN/HRS_SHARED/S7_S8/damage/disease/cal_HIBPE.png,figure,no_generated_output
analysis/HRS/figures/damage_repair_calibration/DNN/HRS_SHARED/S7_S8/damage/disease/cal_LUNGE.png,figure,no_generated_output
analysis/HRS/figures/damage_repair_calibration/DNN/HRS_SHARED/S7_S8/damage/disease/cal_POOLED_disease.png,figure,no_generated_output
analysis/HRS/figures/damage_repair_calibration/DNN/HRS_SHARED/S7_S8/damage/disease/cal_STROKE.png,figure,no_generated_output
analysis/HRS/figures/damage_repair_calibration/DNN/HRS_SHARED/S7_S8/repair/adl/cal_ARMSA.png,figure,no_generated_output
analysis/HRS/figures/damage_repair_calibration/DNN/HRS_SHARED/S7_S8/repair/adl/cal_BATHA.png,figure,no_generated_output
analysis/HRS/figures/damage_repair_calibration/DNN/HRS_SHARED/S7_S8/repair/adl/cal_BEDA.png,figure,no_generated_output
analysis/HRS/figures/damage_repair_calibration/DNN/HRS_SHARED/S7_S8/repair/adl/cal_CHAIRA.png,figure,no_generated_output
analysis/HRS/figures/damage_repair_calibration/DNN/HRS_SHARED/S7_S8/repair/adl/cal_CLIM1A.png,figure,no_generated_output
analysis/HRS/figures/damage_repair_calibration/DNN/HRS_SHARED/S7_S8/repair/adl/cal_CLIMSA.png,figure,no_generated_output
analysis/HRS/figures/damage_repair_calibration/DNN/HRS_SHARED/S7_S8/repair/adl/cal_DIMEA.png,figure,no_generated_output
analysis/HRS/figures/damage_repair_calibration/DNN/HRS_SHARED/S7_S8/repair/adl/cal_DRESSA.png,figure,no_generated_output
analysis/HRS/figures/damage_repair_calibration/DNN/HRS_SHARED/S7_S8/repair/adl/cal_EATA.png,figure,no_generated_output
analysis/HRS/figures/damage_repair_calibration/DNN/HRS_SHARED/S7_S8/repair/adl/cal_LIFTA.png,figure,no_generated_output
analysis/HRS/figures/damage_repair_calibration/DNN/HRS_SHARED/S7_S8/repair/adl/cal_MONEYA.png,figure,no_generated_output
analysis/HRS/figures/damage_repair_calibration/DNN/HRS_SHARED/S7_S8/repair/adl/cal_PHONEA.png,figure,no_generated_output
analysis/HRS/figures/damage_repair_calibration/DNN/HRS_SHARED/S7_S8/repair/adl/cal_POOLED_adl.png,figure,no_generated_output
analysis/HRS/figures/damage_repair_calibration/DNN/HRS_SHARED/S7_S8/repair/adl/cal_PUSHA.png,figure,no_generated_output
analysis/HRS/figures/damage_repair_calibration/DNN/HRS_SHARED/S7_S8/repair/adl/cal_SHOPA.png,figure,no_generated_output
analysis/HRS/figures/damage_repair_calibration/DNN/HRS_SHARED/S7_S8/repair/adl/cal_STOOPA.png,figure,no_generated_output
analysis/HRS/figures/damage_repair_calibration/DNN/HRS_SHARED/S7_S8/repair/adl/cal_TOILTA.png,figure,no_generated_output
analysis/HRS/figures/damage_repair_calibration/DNN/HRS_SHARED/S7_S8/repair/adl/cal_WALKRA.png,figure,no_generated_output
analysis/HRS/figures/damage_repair_calibration/DNN/HRS_SHARED/S7_S8/repair/disease/cal_ARTHRE.png,figure,no_generated_output
analysis/HRS/figures/damage_repair_calibration/DNN/HRS_SHARED/S7_S8/repair/disease/cal_CANCRE.png,figure,no_generated_output
analysis/HRS/figures/damage_repair_calibration/DNN/HRS_SHARED/S7_S8/repair/disease/cal_DIABE.png,figure,no_generated_output
analysis/HRS/figures/damage_repair_calibration/DNN/HRS_SHARED/S7_S8/repair/disease/cal_HEARTE.png,figure,no_generated_output
analysis/HRS/figures/damage_repair_calibration/DNN/HRS_SHARED/S7_S8/repair/disease/cal_HIBPE.png,figure,no_generated_output
analysis/HRS/figures/damage_repair_calibration/DNN/HRS_SHARED/S7_S8/repair/disease/cal_LUNGE.png,figure,no_generated_output
analysis/HRS/figures/damage_repair_calibration/DNN/HRS_SHARED/S7_S8/repair/disease/cal_POOLED_disease.png,figure,no_generated_output
analysis/HRS/figures/damage_repair_calibration/DNN/HRS_SHARED/S7_S8/repair/disease/cal_STROKE.png,figure,no_generated_output
analysis/HRS/figures/damage_repair_calibration/DNN/HRS_SHARED/S8_S9/damage/adl/cal_ARMSA.png,figure,no_generated_output
analysis/HRS/figures/damage_repair_calibration/DNN/HRS_SHARED/S8_S9/damage/adl/cal_BATHA.png,figure,no_generated_output
analysis/HRS/figures/damage_repair_calibration/DNN/HRS_SHARED/S8_S9/damage/adl/cal_BEDA.png,figure,no_generated_output
analysis/HRS/figures/damage_repair_calibration/DNN/HRS_SHARED/S8_S9/damage/adl/cal_CHAIRA.png,figure,no_generated_output
analysis/HRS/figures/damage_repair_calibration/DNN/HRS_SHARED/S8_S9/damage/adl/cal_CLIM1A.png,figure,no_generated_output
analysis/HRS/figures/damage_repair_calibration/DNN/HRS_SHARED/S8_S9/damage/adl/cal_CLIMSA.png,figure,no_generated_output
analysis/HRS/figures/damage_repair_calibration/DNN/HRS_SHARED/S8_S9/damage/adl/cal_DIMEA.png,figure,no_generated_output
analysis/HRS/figures/damage_repair_calibration/DNN/HRS_SHARED/S8_S9/damage/adl/cal_DRESSA.png,figure,no_generated_output
analysis/HRS/figures/damage_repair_calibration/DNN/HRS_SHARED/S8_S9/damage/adl/cal_EATA.png,figure,no_generated_output
analysis/HRS/figures/damage_repair_calibration/DNN/HRS_SHARED/S8_S9/damage/adl/cal_LIFTA.png,figure,no_generated_output
analysis/HRS/figures/damage_repair_calibration/DNN/HRS_SHARED/S8_S9/damage/adl/cal_MONEYA.png,figure,no_generated_output
analysis/HRS/figures/damage_repair_calibration/DNN/HRS_SHARED/S8_S9/damage/adl/cal_PHONEA.png,figure,no_generated_output
analysis/HRS/figures/damage_repair_calibration/DNN/HRS_SHARED/S8_S9/damage/adl/cal_POOLED_adl.png,figure,no_generated_output
analysis/HRS/figures/damage_repair_calibration/DNN/HRS_SHARED/S8_S9/damage/adl/cal_PUSHA.png,figure,no_generated_output
analysis/HRS/figures/damage_repair_calibration/DNN/HRS_SHARED/S8_S9/damage/adl/cal_SHOPA.png,figure,no_generated_output
analysis/HRS/figures/damage_repair_calibration/DNN/HRS_SHARED/S8_S9/damage/adl/cal_STOOPA.png,figure,no_generated_output
analysis/HRS/figures/damage_repair_calibration/DNN/HRS_SHARED/S8_S9/damage/adl/cal_TOILTA.png,figure,no_generated_output
analysis/HRS/figures/damage_repair_calibration/DNN/HRS_SHARED/S8_S9/damage/adl/cal_WALKRA.png,figure,no_generated_output
analysis/HRS/figures/damage_repair_calibration/DNN/HRS_SHARED/S8_S9/damage/disease/cal_ARTHRE.png,figure,no_generated_output
analysis/HRS/figures/damage_repair_calibration/DNN/HRS_SHARED/S8_S9/damage/disease/cal_CANCRE.png,figure,no_generated_output
analysis/HRS/figures/damage_repair_calibration/DNN/HRS_SHARED/S8_S9/damage/disease/cal_DIABE.png,figure,no_generated_output
analysis/HRS/figures/damage_repair_calibration/DNN/HRS_SHARED/S8_S9/damage/disease/cal_HEARTE.png,figure,no_generated_output
analysis/HRS/figures/damage_repair_calibration/DNN/HRS_SHARED/S8_S9/damage/disease/cal_HIBPE.png,figure,no_generated_output
analysis/HRS/figures/damage_repair_calibration/DNN/HRS_SHARED/S8_S9/damage/disease/cal_LUNGE.png,figure,no_generated_output
analysis/HRS/figures/damage_repair_calibration/DNN/HRS_SHARED/S8_S9/damage/disease/cal_POOLED_disease.png,figure,no_generated_output
analysis/HRS/figures/damage_repair_calibration/DNN/HRS_SHARED/S8_S9/damage/disease/cal_STROKE.png,figure,no_generated_output
analysis/HRS/figures/damage_repair_calibration/DNN/HRS_SHARED/S8_S9/repair/adl/cal_ARMSA.png,figure,no_generated_output
analysis/HRS/figures/damage_repair_calibration/DNN/HRS_SHARED/S8_S9/repair/adl/cal_BATHA.png,figure,no_generated_output
analysis/HRS/figures/damage_repair_calibration/DNN/HRS_SHARED/S8_S9/repair/adl/cal_BEDA.png,figure,no_generated_output
analysis/HRS/figures/damage_repair_calibration/DNN/HRS_SHARED/S8_S9/repair/adl/cal_CHAIRA.png,figure,no_generated_output
analysis/HRS/figures/damage_repair_calibration/DNN/HRS_SHARED/S8_S9/repair/adl/cal_CLIM1A.png,figure,no_generated_output
analysis/HRS/figures/damage_repair_calibration/DNN/HRS_SHARED/S8_S9/repair/adl/cal_CLIMSA.png,figure,no_generated_output
analysis/HRS/figures/damage_repair_calibration/DNN/HRS_SHARED/S8_S9/repair/adl/cal_DIMEA.png,figure,no_generated_output
analysis/HRS/figures/damage_repair_calibration/DNN/HRS_SHARED/S8_S9/repair/adl/cal_DRESSA.png,figure,no_generated_output
analysis/HRS/figures/damage_repair_calibration/DNN/HRS_SHARED/S8_S9/repair/adl/cal_EATA.png,figure,no_generated_output
analysis/HRS/figures/damage_repair_calibration/DNN/HRS_SHARED/S8_S9/repair/adl/cal_LIFTA.png,figure,no_generated_output
analysis/HRS/figures/damage_repair_calibration/DNN/HRS_SHARED/S8_S9/repair/adl/cal_MONEYA.png,figure,no_generated_output
analysis/HRS/figures/damage_repair_calibration/DNN/HRS_SHARED/S8_S9/repair/adl/cal_PHONEA.png,figure,no_generated_output
analysis/HRS/figures/damage_repair_calibration/DNN/HRS_SHARED/S8_S9/repair/adl/cal_POOLED_adl.png,figure,no_generated_output
analysis/HRS/figures/damage_repair_calibration/DNN/HRS_SHARED/S8_S9/repair/adl/cal_PUSHA.png,figure,no_generated_output
analysis/HRS/figures/damage_repair_calibration/DNN/HRS_SHARED/S8_S9/repair/adl/cal_SHOPA.png,figure,no_generated_output
analysis/HRS/figures/damage_repair_calibration/DNN/HRS_SHARED/S8_S9/repair/adl/cal_STOOPA.png,figure,no_generated_output
analysis/HRS/figures/damage_repair_calibration/DNN/HRS_SHARED/S8_S9/repair/adl/cal_TOILTA.png,figure,no_generated_output
analysis/HRS/figures/damage_repair_calibration/DNN/HRS_SHARED/S8_S9/repair/adl/cal_WALKRA.png,figure,no_generated_output
analysis/HRS/figures/damage_repair_calibration/DNN/HRS_SHARED/S8_S9/repair/disease/cal_ARTHRE.png,figure,no_generated_output
analysis/HRS/figures/damage_repair_calibration/DNN/HRS_SHARED/S8_S9/repair/disease/cal_CANCRE.png,figure,no_generated_output
analysis/HRS/figures/damage_repair_calibration/DNN/HRS_SHARED/S8_S9/repair/disease/cal_DIABE.png,figure,no_generated_output
analysis/HRS/figures/damage_repair_calibration/DNN/HRS_SHARED/S8_S9/repair/disease/cal_HEARTE.png,figure,no_generated_output
analysis/HRS/figures/damage_repair_calibration/DNN/HRS_SHARED/S8_S9/repair/disease/cal_HIBPE.png,figure,no_generated_output
analysis/HRS/figures/damage_repair_calibration/DNN/HRS_SHARED/S8_S9/repair/disease/cal_LUNGE.png,figure,no_generated_output
analysis/HRS/figures/damage_repair_calibration/DNN/HRS_SHARED/S8_S9/repair/disease/cal_POOLED_disease.png,figure,no_generated_output
analysis/HRS/figures/damage_repair_calibration/DNN/HRS_SHARED/S8_S9/repair/disease/cal_STROKE.png,figure,no_generated_output
analysis/HRS/figures/damage_repair_calibration/DNN/HRS_SHARED/S9_S10/damage/adl/cal_ARMSA.png,figure,no_generated_output
analysis/HRS/figures/damage_repair_calibration/DNN/HRS_SHARED/S9_S10/damage/adl/cal_BATHA.png,figure,no_generated_output
analysis/HRS/figures/damage_repair_calibration/DNN/HRS_SHARED/S9_S10/damage/adl/cal_BEDA.png,figure,no_generated_output
analysis/HRS/figures/damage_repair_calibration/DNN/HRS_SHARED/S9_S10/damage/adl/cal_CHAIRA.png,figure,no_generated_output
analysis/HRS/figures/damage_repair_calibration/DNN/HRS_SHARED/S9_S10/damage/adl/cal_CLIM1A.png,figure,no_generated_output
analysis/HRS/figures/damage_repair_calibration/DNN/HRS_SHARED/S9_S10/damage/adl/cal_CLIMSA.png,figure,no_generated_output
analysis/HRS/figures/damage_repair_calibration/DNN/HRS_SHARED/S9_S10/damage/adl/cal_DIMEA.png,figure,no_generated_output
analysis/HRS/figures/damage_repair_calibration/DNN/HRS_SHARED/S9_S10/damage/adl/cal_DRESSA.png,figure,no_generated_output
analysis/HRS/figures/damage_repair_calibration/DNN/HRS_SHARED/S9_S10/damage/adl/cal_EATA.png,figure,no_generated_output
analysis/HRS/figures/damage_repair_calibration/DNN/HRS_SHARED/S9_S10/damage/adl/cal_LIFTA.png,figure,no_generated_output
analysis/HRS/figures/damage_repair_calibration/DNN/HRS_SHARED/S9_S10/damage/adl/cal_MONEYA.png,figure,no_generated_output
analysis/HRS/figures/damage_repair_calibration/DNN/HRS_SHARED/S9_S10/damage/adl/cal_PHONEA.png,figure,no_generated_output
analysis/HRS/figures/damage_repair_calibration/DNN/HRS_SHARED/S9_S10/damage/adl/cal_POOLED_adl.png,figure,no_generated_output
analysis/HRS/figures/damage_repair_calibration/DNN/HRS_SHARED/S9_S10/damage/adl/cal_PUSHA.png,figure,no_generated_output
analysis/HRS/figures/damage_repair_calibration/DNN/HRS_SHARED/S9_S10/damage/adl/cal_SHOPA.png,figure,no_generated_output
analysis/HRS/figures/damage_repair_calibration/DNN/HRS_SHARED/S9_S10/damage/adl/cal_STOOPA.png,figure,no_generated_output
analysis/HRS/figures/damage_repair_calibration/DNN/HRS_SHARED/S9_S10/damage/adl/cal_TOILTA.png,figure,no_generated_output
analysis/HRS/figures/damage_repair_calibration/DNN/HRS_SHARED/S9_S10/damage/adl/cal_WALKRA.png,figure,no_generated_output
analysis/HRS/figures/damage_repair_calibration/DNN/HRS_SHARED/S9_S10/damage/disease/cal_ARTHRE.png,figure,no_generated_output
analysis/HRS/figures/damage_repair_calibration/DNN/HRS_SHARED/S9_S10/damage/disease/cal_CANCRE.png,figure,no_generated_output
analysis/HRS/figures/damage_repair_calibration/DNN/HRS_SHARED/S9_S10/damage/disease/cal_DIABE.png,figure,no_generated_output
analysis/HRS/figures/damage_repair_calibration/DNN/HRS_SHARED/S9_S10/damage/disease/cal_HEARTE.png,figure,no_generated_output
analysis/HRS/figures/damage_repair_calibration/DNN/HRS_SHARED/S9_S10/damage/disease/cal_HIBPE.png,figure,no_generated_output
analysis/HRS/figures/damage_repair_calibration/DNN/HRS_SHARED/S9_S10/damage/disease/cal_LUNGE.png,figure,no_generated_output
analysis/HRS/figures/damage_repair_calibration/DNN/HRS_SHARED/S9_S10/damage/disease/cal_POOLED_disease.png,figure,no_generated_output
analysis/HRS/figures/damage_repair_calibration/DNN/HRS_SHARED/S9_S10/damage/disease/cal_STROKE.png,figure,no_generated_output
analysis/HRS/figures/damage_repair_calibration/DNN/HRS_SHARED/S9_S10/repair/adl/cal_ARMSA.png,figure,no_generated_output
analysis/HRS/figures/damage_repair_calibration/DNN/HRS_SHARED/S9_S10/repair/adl/cal_BATHA.png,figure,no_generated_output
analysis/HRS/figures/damage_repair_calibration/DNN/HRS_SHARED/S9_S10/repair/adl/cal_BEDA.png,figure,no_generated_output
analysis/HRS/figures/damage_repair_calibration/DNN/HRS_SHARED/S9_S10/repair/adl/cal_CHAIRA.png,figure,no_generated_output
analysis/HRS/figures/damage_repair_calibration/DNN/HRS_SHARED/S9_S10/repair/adl/cal_CLIM1A.png,figure,no_generated_output
analysis/HRS/figures/damage_repair_calibration/DNN/HRS_SHARED/S9_S10/repair/adl/cal_CLIMSA.png,figure,no_generated_output
analysis/HRS/figures/damage_repair_calibration/DNN/HRS_SHARED/S9_S10/repair/adl/cal_DIMEA.png,figure,no_generated_output
analysis/HRS/figures/damage_repair_calibration/DNN/HRS_SHARED/S9_S10/repair/adl/cal_DRESSA.png,figure,no_generated_output
analysis/HRS/figures/damage_repair_calibration/DNN/HRS_SHARED/S9_S10/repair/adl/cal_EATA.png,figure,no_generated_output
analysis/HRS/figures/damage_repair_calibration/DNN/HRS_SHARED/S9_S10/repair/adl/cal_LIFTA.png,figure,no_generated_output
analysis/HRS/figures/damage_repair_calibration/DNN/HRS_SHARED/S9_S10/repair/adl/cal_MONEYA.png,figure,no_generated_output
analysis/HRS/figures/damage_repair_calibration/DNN/HRS_SHARED/S9_S10/repair/adl/cal_PHONEA.png,figure,no_generated_output
analysis/HRS/figures/damage_repair_calibration/DNN/HRS_SHARED/S9_S10/repair/adl/cal_POOLED_adl.png,figure,no_generated_output
analysis/HRS/figures/damage_repair_calibration/DNN/HRS_SHARED/S9_S10/repair/adl/cal_PUSHA.png,figure,no_generated_output
analysis/HRS/figures/damage_repair_calibration/DNN/HRS_SHARED/S9_S10/repair/adl/cal_SHOPA.png,figure,no_generated_output
analysis/HRS/figures/damage_repair_calibration/DNN/HRS_SHARED/S9_S10/repair/adl/cal_STOOPA.png,figure,no_generated_output
analysis/HRS/figures/damage_repair_calibration/DNN/HRS_SHARED/S9_S10/repair/adl/cal_TOILTA.png,figure,no_generated_output
analysis/HRS/figures/damage_repair_calibration/DNN/HRS_SHARED/S9_S10/repair/adl/cal_WALKRA.png,figure,no_generated_output
analysis/HRS/figures/damage_repair_calibration/DNN/HRS_SHARED/S9_S10/repair/disease/cal_ARTHRE.png,figure,no_generated_output
analysis/HRS/figures/damage_repair_calibration/DNN/HRS_SHARED/S9_S10/repair/disease/cal_CANCRE.png,figure,no_generated_output
analysis/HRS/figures/damage_repair_calibration/DNN/HRS_SHARED/S9_S10/repair/disease/cal_DIABE.png,figure,no_generated_output
analysis/HRS/figures/damage_repair_calibration/DNN/HRS_SHARED/S9_S10/repair/disease/cal_HEARTE.png,figure,no_generated_output
analysis/HRS/figures/damage_repair_calibration/DNN/HRS_SHARED/S9_S10/repair/disease/cal_HIBPE.png,figure,no_generated_output
analysis/HRS/figures/damage_repair_calibration/DNN/HRS_SHARED/S9_S10/repair/disease/cal_LUNGE.png,figure,no_generated_output
analysis/HRS/figures/damage_repair_calibration/DNN/HRS_SHARED/S9_S10/repair/disease/cal_POOLED_disease.png,figure,no_generated_output
analysis/HRS/figures/damage_repair_calibration/DNN/HRS_SHARED/S9_S10/repair/disease/cal_STROKE.png,figure,no_generated_output
analysis/HRS/figures/damage_repair_calibration/HRS_SHARED/S10_S11/damage/adl/cal_ARMSA.png,figure,no_generated_output
analysis/HRS/figures/damage_repair_calibration/HRS_SHARED/S10_S11/damage/adl/cal_BATHA.png,figure,no_generated_output
analysis/HRS/figures/damage_repair_calibration/HRS_SHARED/S10_S11/damage/adl/cal_BEDA.png,figure,no_generated_output
analysis/HRS/figures/damage_repair_calibration/HRS_SHARED/S10_S11/damage/adl/cal_CHAIRA.png,figure,no_generated_output
analysis/HRS/figures/damage_repair_calibration/HRS_SHARED/S10_S11/damage/adl/cal_CLIM1A.png,figure,no_generated_output
analysis/HRS/figures/damage_repair_calibration/HRS_SHARED/S10_S11/damage/adl/cal_CLIMSA.png,figure,no_generated_output
analysis/HRS/figures/damage_repair_calibration/HRS_SHARED/S10_S11/damage/adl/cal_DIMEA.png,figure,no_generated_output
analysis/HRS/figures/damage_repair_calibration/HRS_SHARED/S10_S11/damage/adl/cal_DRESSA.png,figure,no_generated_output
analysis/HRS/figures/damage_repair_calibration/HRS_SHARED/S10_S11/damage/adl/cal_EATA.png,figure,no_generated_output
analysis/HRS/figures/damage_repair_calibration/HRS_SHARED/S10_S11/damage/adl/cal_LIFTA.png,figure,no_generated_output
analysis/HRS/figures/damage_repair_calibration/HRS_SHARED/S10_S11/damage/adl/cal_MONEYA.png,figure,no_generated_output
analysis/HRS/figures/damage_repair_calibration/HRS_SHARED/S10_S11/damage/adl/cal_PHONEA.png,figure,no_generated_output
analysis/HRS/figures/damage_repair_calibration/HRS_SHARED/S10_S11/damage/adl/cal_POOLED_adl.png,figure,no_generated_output
analysis/HRS/figures/damage_repair_calibration/HRS_SHARED/S10_S11/damage/adl/cal_PUSHA.png,figure,no_generated_output
analysis/HRS/figures/damage_repair_calibration/HRS_SHARED/S10_S11/damage/adl/cal_SHOPA.png,figure,no_generated_output
analysis/HRS/figures/damage_repair_calibration/HRS_SHARED/S10_S11/damage/adl/cal_STOOPA.png,figure,no_generated_output
analysis/HRS/figures/damage_repair_calibration/HRS_SHARED/S10_S11/damage/adl/cal_TOILTA.png,figure,no_generated_output
analysis/HRS/figures/damage_repair_calibration/HRS_SHARED/S10_S11/damage/adl/cal_WALKRA.png,figure,no_generated_output
analysis/HRS/figures/damage_repair_calibration/HRS_SHARED/S10_S11/damage/disease/cal_ARTHRE.png,figure,no_generated_output
analysis/HRS/figures/damage_repair_calibration/HRS_SHARED/S10_S11/damage/disease/cal_CANCRE.png,figure,no_generated_output
analysis/HRS/figures/damage_repair_calibration/HRS_SHARED/S10_S11/damage/disease/cal_DIABE.png,figure,no_generated_output
analysis/HRS/figures/damage_repair_calibration/HRS_SHARED/S10_S11/damage/disease/cal_HEARTE.png,figure,no_generated_output
analysis/HRS/figures/damage_repair_calibration/HRS_SHARED/S10_S11/damage/disease/cal_HIBPE.png,figure,no_generated_output
analysis/HRS/figures/damage_repair_calibration/HRS_SHARED/S10_S11/damage/disease/cal_LUNGE.png,figure,no_generated_output
analysis/HRS/figures/damage_repair_calibration/HRS_SHARED/S10_S11/damage/disease/cal_POOLED_disease.png,figure,no_generated_output
analysis/HRS/figures/damage_repair_calibration/HRS_SHARED/S10_S11/damage/disease/cal_STROKE.png,figure,no_generated_output
analysis/HRS/figures/damage_repair_calibration/HRS_SHARED/S10_S11/repair/adl/cal_ARMSA.png,figure,no_generated_output
analysis/HRS/figures/damage_repair_calibration/HRS_SHARED/S10_S11/repair/adl/cal_BATHA.png,figure,no_generated_output
analysis/HRS/figures/damage_repair_calibration/HRS_SHARED/S10_S11/repair/adl/cal_BEDA.png,figure,no_generated_output
analysis/HRS/figures/damage_repair_calibration/HRS_SHARED/S10_S11/repair/adl/cal_CHAIRA.png,figure,no_generated_output
analysis/HRS/figures/damage_repair_calibration/HRS_SHARED/S10_S11/repair/adl/cal_CLIM1A.png,figure,no_generated_output
analysis/HRS/figures/damage_repair_calibration/HRS_SHARED/S10_S11/repair/adl/cal_CLIMSA.png,figure,no_generated_output
analysis/HRS/figures/damage_repair_calibration/HRS_SHARED/S10_S11/repair/adl/cal_DIMEA.png,figure,no_generated_output
analysis/HRS/figures/damage_repair_calibration/HRS_SHARED/S10_S11/repair/adl/cal_DRESSA.png,figure,no_generated_output
analysis/HRS/figures/damage_repair_calibration/HRS_SHARED/S10_S11/repair/adl/cal_EATA.png,figure,no_generated_output
analysis/HRS/figures/damage_repair_calibration/HRS_SHARED/S10_S11/repair/adl/cal_LIFTA.png,figure,no_generated_output
analysis/HRS/figures/damage_repair_calibration/HRS_SHARED/S10_S11/repair/adl/cal_MONEYA.png,figure,no_generated_output
analysis/HRS/figures/damage_repair_calibration/HRS_SHARED/S10_S11/repair/adl/cal_PHONEA.png,figure,no_generated_output
analysis/HRS/figures/damage_repair_calibration/HRS_SHARED/S10_S11/repair/adl/cal_POOLED_adl.png,figure,no_generated_output
analysis/HRS/figures/damage_repair_calibration/HRS_SHARED/S10_S11/repair/adl/cal_PUSHA.png,figure,no_generated_output
analysis/HRS/figures/damage_repair_calibration/HRS_SHARED/S10_S11/repair/adl/cal_SHOPA.png,figure,no_generated_output
analysis/HRS/figures/damage_repair_calibration/HRS_SHARED/S10_S11/repair/adl/cal_STOOPA.png,figure,no_generated_output
analysis/HRS/figures/damage_repair_calibration/HRS_SHARED/S10_S11/repair/adl/cal_TOILTA.png,figure,no_generated_output
analysis/HRS/figures/damage_repair_calibration/HRS_SHARED/S10_S11/repair/adl/cal_WALKRA.png,figure,no_generated_output
analysis/HRS/figures/damage_repair_calibration/HRS_SHARED/S10_S11/repair/disease/cal_ARTHRE.png,figure,no_generated_output
analysis/HRS/figures/damage_repair_calibration/HRS_SHARED/S10_S11/repair/disease/cal_CANCRE.png,figure,no_generated_output
analysis/HRS/figures/damage_repair_calibration/HRS_SHARED/S10_S11/repair/disease/cal_DIABE.png,figure,no_generated_output
analysis/HRS/figures/damage_repair_calibration/HRS_SHARED/S10_S11/repair/disease/cal_HEARTE.png,figure,no_generated_output
analysis/HRS/figures/damage_repair_calibration/HRS_SHARED/S10_S11/repair/disease/cal_HIBPE.png,figure,no_generated_output
analysis/HRS/figures/damage_repair_calibration/HRS_SHARED/S10_S11/repair/disease/cal_LUNGE.png,figure,no_generated_output
analysis/HRS/figures/damage_repair_calibration/HRS_SHARED/S10_S11/repair/disease/cal_POOLED_disease.png,figure,no_generated_output
analysis/HRS/figures/damage_repair_calibration/HRS_SHARED/S10_S11/repair/disease/cal_STROKE.png,figure,no_generated_output
analysis/HRS/figures/damage_repair_calibration/HRS_SHARED/S11_S12/damage/adl/cal_ARMSA.png,figure,no_generated_output
analysis/HRS/figures/damage_repair_calibration/HRS_SHARED/S11_S12/damage/adl/cal_BATHA.png,figure,no_generated_output
analysis/HRS/figures/damage_repair_calibration/HRS_SHARED/S11_S12/damage/adl/cal_BEDA.png,figure,no_generated_output
analysis/HRS/figures/damage_repair_calibration/HRS_SHARED/S11_S12/damage/adl/cal_CHAIRA.png,figure,no_generated_output
analysis/HRS/figures/damage_repair_calibration/HRS_SHARED/S11_S12/damage/adl/cal_CLIM1A.png,figure,no_generated_output
analysis/HRS/figures/damage_repair_calibration/HRS_SHARED/S11_S12/damage/adl/cal_CLIMSA.png,figure,no_generated_output
analysis/HRS/figures/damage_repair_calibration/HRS_SHARED/S11_S12/damage/adl/cal_DIMEA.png,figure,no_generated_output
analysis/HRS/figures/damage_repair_calibration/HRS_SHARED/S11_S12/damage/adl/cal_DRESSA.png,figure,no_generated_output
analysis/HRS/figures/damage_repair_calibration/HRS_SHARED/S11_S12/damage/adl/cal_EATA.png,figure,no_generated_output
analysis/HRS/figures/damage_repair_calibration/HRS_SHARED/S11_S12/damage/adl/cal_LIFTA.png,figure,no_generated_output
analysis/HRS/figures/damage_repair_calibration/HRS_SHARED/S11_S12/damage/adl/cal_MONEYA.png,figure,no_generated_output
analysis/HRS/figures/damage_repair_calibration/HRS_SHARED/S11_S12/damage/adl/cal_PHONEA.png,figure,no_generated_output
analysis/HRS/figures/damage_repair_calibration/HRS_SHARED/S11_S12/damage/adl/cal_POOLED_adl.png,figure,no_generated_output
analysis/HRS/figures/damage_repair_calibration/HRS_SHARED/S11_S12/damage/adl/cal_PUSHA.png,figure,no_generated_output
analysis/HRS/figures/damage_repair_calibration/HRS_SHARED/S11_S12/damage/adl/cal_SHOPA.png,figure,no_generated_output
analysis/HRS/figures/damage_repair_calibration/HRS_SHARED/S11_S12/damage/adl/cal_STOOPA.png,figure,no_generated_output
analysis/HRS/figures/damage_repair_calibration/HRS_SHARED/S11_S12/damage/adl/cal_TOILTA.png,figure,no_generated_output
analysis/HRS/figures/damage_repair_calibration/HRS_SHARED/S11_S12/damage/adl/cal_WALKRA.png,figure,no_generated_output
analysis/HRS/figures/damage_repair_calibration/HRS_SHARED/S11_S12/damage/disease/cal_ARTHRE.png,figure,no_generated_output
analysis/HRS/figures/damage_repair_calibration/HRS_SHARED/S11_S12/damage/disease/cal_CANCRE.png,figure,no_generated_output
analysis/HRS/figures/damage_repair_calibration/HRS_SHARED/S11_S12/damage/disease/cal_DIABE.png,figure,no_generated_output
analysis/HRS/figures/damage_repair_calibration/HRS_SHARED/S11_S12/damage/disease/cal_HEARTE.png,figure,no_generated_output
analysis/HRS/figures/damage_repair_calibration/HRS_SHARED/S11_S12/damage/disease/cal_HIBPE.png,figure,no_generated_output
analysis/HRS/figures/damage_repair_calibration/HRS_SHARED/S11_S12/damage/disease/cal_LUNGE.png,figure,no_generated_output
analysis/HRS/figures/damage_repair_calibration/HRS_SHARED/S11_S12/damage/disease/cal_POOLED_disease.png,figure,no_generated_output
analysis/HRS/figures/damage_repair_calibration/HRS_SHARED/S11_S12/damage/disease/cal_STROKE.png,figure,no_generated_output
analysis/HRS/figures/damage_repair_calibration/HRS_SHARED/S11_S12/repair/adl/cal_ARMSA.png,figure,no_generated_output
analysis/HRS/figures/damage_repair_calibration/HRS_SHARED/S11_S12/repair/adl/cal_BATHA.png,figure,no_generated_output
analysis/HRS/figures/damage_repair_calibration/HRS_SHARED/S11_S12/repair/adl/cal_BEDA.png,figure,no_generated_output
analysis/HRS/figures/damage_repair_calibration/HRS_SHARED/S11_S12/repair/adl/cal_CHAIRA.png,figure,no_generated_output
analysis/HRS/figures/damage_repair_calibration/HRS_SHARED/S11_S12/repair/adl/cal_CLIM1A.png,figure,no_generated_output
analysis/HRS/figures/damage_repair_calibration/HRS_SHARED/S11_S12/repair/adl/cal_CLIMSA.png,figure,no_generated_output
analysis/HRS/figures/damage_repair_calibration/HRS_SHARED/S11_S12/repair/adl/cal_DIMEA.png,figure,no_generated_output
analysis/HRS/figures/damage_repair_calibration/HRS_SHARED/S11_S12/repair/adl/cal_DRESSA.png,figure,no_generated_output
analysis/HRS/figures/damage_repair_calibration/HRS_SHARED/S11_S12/repair/adl/cal_EATA.png,figure,no_generated_output
analysis/HRS/figures/damage_repair_calibration/HRS_SHARED/S11_S12/repair/adl/cal_LIFTA.png,figure,no_generated_output
analysis/HRS/figures/damage_repair_calibration/HRS_SHARED/S11_S12/repair/adl/cal_MONEYA.png,figure,no_generated_output
analysis/HRS/figures/damage_repair_calibration/HRS_SHARED/S11_S12/repair/adl/cal_PHONEA.png,figure,no_generated_output
analysis/HRS/figures/damage_repair_calibration/HRS_SHARED/S11_S12/repair/adl/cal_POOLED_adl.png,figure,no_generated_output
analysis/HRS/figures/damage_repair_calibration/HRS_SHARED/S11_S12/repair/adl/cal_PUSHA.png,figure,no_generated_output
analysis/HRS/figures/damage_repair_calibration/HRS_SHARED/S11_S12/repair/adl/cal_SHOPA.png,figure,no_generated_output
analysis/HRS/figures/damage_repair_calibration/HRS_SHARED/S11_S12/repair/adl/cal_STOOPA.png,figure,no_generated_output
analysis/HRS/figures/damage_repair_calibration/HRS_SHARED/S11_S12/repair/adl/cal_TOILTA.png,figure,no_generated_output
analysis/HRS/figures/damage_repair_calibration/HRS_SHARED/S11_S12/repair/adl/cal_WALKRA.png,figure,no_generated_output
analysis/HRS/figures/damage_repair_calibration/HRS_SHARED/S11_S12/repair/disease/cal_ARTHRE.png,figure,no_generated_output
analysis/HRS/figures/damage_repair_calibration/HRS_SHARED/S11_S12/repair/disease/cal_CANCRE.png,figure,no_generated_output
analysis/HRS/figures/damage_repair_calibration/HRS_SHARED/S11_S12/repair/disease/cal_DIABE.png,figure,no_generated_output
analysis/HRS/figures/damage_repair_calibration/HRS_SHARED/S11_S12/repair/disease/cal_HEARTE.png,figure,no_generated_output
analysis/HRS/figures/damage_repair_calibration/HRS_SHARED/S11_S12/repair/disease/cal_HIBPE.png,figure,no_generated_output
analysis/HRS/figures/damage_repair_calibration/HRS_SHARED/S11_S12/repair/disease/cal_LUNGE.png,figure,no_generated_output
analysis/HRS/figures/damage_repair_calibration/HRS_SHARED/S11_S12/repair/disease/cal_POOLED_disease.png,figure,no_generated_output
analysis/HRS/figures/damage_repair_calibration/HRS_SHARED/S11_S12/repair/disease/cal_STROKE.png,figure,no_generated_output
analysis/HRS/figures/damage_repair_calibration/HRS_SHARED/S12_S13/damage/adl/cal_ARMSA.png,figure,no_generated_output
analysis/HRS/figures/damage_repair_calibration/HRS_SHARED/S12_S13/damage/adl/cal_BATHA.png,figure,no_generated_output
analysis/HRS/figures/damage_repair_calibration/HRS_SHARED/S12_S13/damage/adl/cal_BEDA.png,figure,no_generated_output
analysis/HRS/figures/damage_repair_calibration/HRS_SHARED/S12_S13/damage/adl/cal_CHAIRA.png,figure,no_generated_output
analysis/HRS/figures/damage_repair_calibration/HRS_SHARED/S12_S13/damage/adl/cal_CLIM1A.png,figure,no_generated_output
analysis/HRS/figures/damage_repair_calibration/HRS_SHARED/S12_S13/damage/adl/cal_CLIMSA.png,figure,no_generated_output
analysis/HRS/figures/damage_repair_calibration/HRS_SHARED/S12_S13/damage/adl/cal_DIMEA.png,figure,no_generated_output
analysis/HRS/figures/damage_repair_calibration/HRS_SHARED/S12_S13/damage/adl/cal_DRESSA.png,figure,no_generated_output
analysis/HRS/figures/damage_repair_calibration/HRS_SHARED/S12_S13/damage/adl/cal_EATA.png,figure,no_generated_output
analysis/HRS/figures/damage_repair_calibration/HRS_SHARED/S12_S13/damage/adl/cal_LIFTA.png,figure,no_generated_output
analysis/HRS/figures/damage_repair_calibration/HRS_SHARED/S12_S13/damage/adl/cal_MONEYA.png,figure,no_generated_output
analysis/HRS/figures/damage_repair_calibration/HRS_SHARED/S12_S13/damage/adl/cal_PHONEA.png,figure,no_generated_output
analysis/HRS/figures/damage_repair_calibration/HRS_SHARED/S12_S13/damage/adl/cal_POOLED_adl.png,figure,no_generated_output
analysis/HRS/figures/damage_repair_calibration/HRS_SHARED/S12_S13/damage/adl/cal_PUSHA.png,figure,no_generated_output
analysis/HRS/figures/damage_repair_calibration/HRS_SHARED/S12_S13/damage/adl/cal_SHOPA.png,figure,no_generated_output
analysis/HRS/figures/damage_repair_calibration/HRS_SHARED/S12_S13/damage/adl/cal_STOOPA.png,figure,no_generated_output
analysis/HRS/figures/damage_repair_calibration/HRS_SHARED/S12_S13/damage/adl/cal_TOILTA.png,figure,no_generated_output
analysis/HRS/figures/damage_repair_calibration/HRS_SHARED/S12_S13/damage/adl/cal_WALKRA.png,figure,no_generated_output
analysis/HRS/figures/damage_repair_calibration/HRS_SHARED/S12_S13/damage/disease/cal_ARTHRE.png,figure,no_generated_output
analysis/HRS/figures/damage_repair_calibration/HRS_SHARED/S12_S13/damage/disease/cal_CANCRE.png,figure,no_generated_output
analysis/HRS/figures/damage_repair_calibration/HRS_SHARED/S12_S13/damage/disease/cal_DIABE.png,figure,no_generated_output
analysis/HRS/figures/damage_repair_calibration/HRS_SHARED/S12_S13/damage/disease/cal_HEARTE.png,figure,no_generated_output
analysis/HRS/figures/damage_repair_calibration/HRS_SHARED/S12_S13/damage/disease/cal_HIBPE.png,figure,no_generated_output
analysis/HRS/figures/damage_repair_calibration/HRS_SHARED/S12_S13/damage/disease/cal_LUNGE.png,figure,no_generated_output
analysis/HRS/figures/damage_repair_calibration/HRS_SHARED/S12_S13/damage/disease/cal_POOLED_disease.png,figure,no_generated_output
analysis/HRS/figures/damage_repair_calibration/HRS_SHARED/S12_S13/damage/disease/cal_STROKE.png,figure,no_generated_output
analysis/HRS/figures/damage_repair_calibration/HRS_SHARED/S12_S13/repair/adl/cal_ARMSA.png,figure,no_generated_output
analysis/HRS/figures/damage_repair_calibration/HRS_SHARED/S12_S13/repair/adl/cal_BATHA.png,figure,no_generated_output
analysis/HRS/figures/damage_repair_calibration/HRS_SHARED/S12_S13/repair/adl/cal_BEDA.png,figure,no_generated_output
analysis/HRS/figures/damage_repair_calibration/HRS_SHARED/S12_S13/repair/adl/cal_CHAIRA.png,figure,no_generated_output
analysis/HRS/figures/damage_repair_calibration/HRS_SHARED/S12_S13/repair/adl/cal_CLIM1A.png,figure,no_generated_output
analysis/HRS/figures/damage_repair_calibration/HRS_SHARED/S12_S13/repair/adl/cal_CLIMSA.png,figure,no_generated_output
analysis/HRS/figures/damage_repair_calibration/HRS_SHARED/S12_S13/repair/adl/cal_DIMEA.png,figure,no_generated_output
analysis/HRS/figures/damage_repair_calibration/HRS_SHARED/S12_S13/repair/adl/cal_DRESSA.png,figure,no_generated_output
analysis/HRS/figures/damage_repair_calibration/HRS_SHARED/S12_S13/repair/adl/cal_EATA.png,figure,no_generated_output
analysis/HRS/figures/damage_repair_calibration/HRS_SHARED/S12_S13/repair/adl/cal_LIFTA.png,figure,no_generated_output
analysis/HRS/figures/damage_repair_calibration/HRS_SHARED/S12_S13/repair/adl/cal_MONEYA.png,figure,no_generated_output
analysis/HRS/figures/damage_repair_calibration/HRS_SHARED/S12_S13/repair/adl/cal_PHONEA.png,figure,no_generated_output
analysis/HRS/figures/damage_repair_calibration/HRS_SHARED/S12_S13/repair/adl/cal_POOLED_adl.png,figure,no_generated_output
analysis/HRS/figures/damage_repair_calibration/HRS_SHARED/S12_S13/repair/adl/cal_PUSHA.png,figure,no_generated_output
analysis/HRS/figures/damage_repair_calibration/HRS_SHARED/S12_S13/repair/adl/cal_SHOPA.png,figure,no_generated_output
analysis/HRS/figures/damage_repair_calibration/HRS_SHARED/S12_S13/repair/adl/cal_STOOPA.png,figure,no_generated_output
analysis/HRS/figures/damage_repair_calibration/HRS_SHARED/S12_S13/repair/adl/cal_TOILTA.png,figure,no_generated_output
analysis/HRS/figures/damage_repair_calibration/HRS_SHARED/S12_S13/repair/adl/cal_WALKRA.png,figure,no_generated_output
analysis/HRS/figures/damage_repair_calibration/HRS_SHARED/S12_S13/repair/disease/cal_ARTHRE.png,figure,no_generated_output
analysis/HRS/figures/damage_repair_calibration/HRS_SHARED/S12_S13/repair/disease/cal_CANCRE.png,figure,no_generated_output
analysis/HRS/figures/damage_repair_calibration/HRS_SHARED/S12_S13/repair/disease/cal_DIABE.png,figure,no_generated_output
analysis/HRS/figures/damage_repair_calibration/HRS_SHARED/S12_S13/repair/disease/cal_HEARTE.png,figure,no_generated_output
analysis/HRS/figures/damage_repair_calibration/HRS_SHARED/S12_S13/repair/disease/cal_HIBPE.png,figure,no_generated_output
analysis/HRS/figures/damage_repair_calibration/HRS_SHARED/S12_S13/repair/disease/cal_LUNGE.png,figure,no_generated_output
analysis/HRS/figures/damage_repair_calibration/HRS_SHARED/S12_S13/repair/disease/cal_POOLED_disease.png,figure,no_generated_output
analysis/HRS/figures/damage_repair_calibration/HRS_SHARED/S12_S13/repair/disease/cal_STROKE.png,figure,no_generated_output
analysis/HRS/figures/damage_repair_calibration/HRS_SHARED/S13_S14/damage/adl/cal_ARMSA.png,figure,no_generated_output
analysis/HRS/figures/damage_repair_calibration/HRS_SHARED/S13_S14/damage/adl/cal_BATHA.png,figure,no_generated_output
analysis/HRS/figures/damage_repair_calibration/HRS_SHARED/S13_S14/damage/adl/cal_BEDA.png,figure,no_generated_output
analysis/HRS/figures/damage_repair_calibration/HRS_SHARED/S13_S14/damage/adl/cal_CHAIRA.png,figure,no_generated_output
analysis/HRS/figures/damage_repair_calibration/HRS_SHARED/S13_S14/damage/adl/cal_CLIM1A.png,figure,no_generated_output
analysis/HRS/figures/damage_repair_calibration/HRS_SHARED/S13_S14/damage/adl/cal_CLIMSA.png,figure,no_generated_output
analysis/HRS/figures/damage_repair_calibration/HRS_SHARED/S13_S14/damage/adl/cal_DIMEA.png,figure,no_generated_output
analysis/HRS/figures/damage_repair_calibration/HRS_SHARED/S13_S14/damage/adl/cal_DRESSA.png,figure,no_generated_output
analysis/HRS/figures/damage_repair_calibration/HRS_SHARED/S13_S14/damage/adl/cal_EATA.png,figure,no_generated_output
analysis/HRS/figures/damage_repair_calibration/HRS_SHARED/S13_S14/damage/adl/cal_LIFTA.png,figure,no_generated_output
analysis/HRS/figures/damage_repair_calibration/HRS_SHARED/S13_S14/damage/adl/cal_MONEYA.png,figure,no_generated_output
analysis/HRS/figures/damage_repair_calibration/HRS_SHARED/S13_S14/damage/adl/cal_PHONEA.png,figure,no_generated_output
analysis/HRS/figures/damage_repair_calibration/HRS_SHARED/S13_S14/damage/adl/cal_POOLED_adl.png,figure,no_generated_output
analysis/HRS/figures/damage_repair_calibration/HRS_SHARED/S13_S14/damage/adl/cal_PUSHA.png,figure,no_generated_output
analysis/HRS/figures/damage_repair_calibration/HRS_SHARED/S13_S14/damage/adl/cal_SHOPA.png,figure,no_generated_output
analysis/HRS/figures/damage_repair_calibration/HRS_SHARED/S13_S14/damage/adl/cal_STOOPA.png,figure,no_generated_output
analysis/HRS/figures/damage_repair_calibration/HRS_SHARED/S13_S14/damage/adl/cal_TOILTA.png,figure,no_generated_output
analysis/HRS/figures/damage_repair_calibration/HRS_SHARED/S13_S14/damage/adl/cal_WALKRA.png,figure,no_generated_output
analysis/HRS/figures/damage_repair_calibration/HRS_SHARED/S13_S14/damage/disease/cal_ARTHRE.png,figure,no_generated_output
analysis/HRS/figures/damage_repair_calibration/HRS_SHARED/S13_S14/damage/disease/cal_CANCRE.png,figure,no_generated_output
analysis/HRS/figures/damage_repair_calibration/HRS_SHARED/S13_S14/damage/disease/cal_DIABE.png,figure,no_generated_output
analysis/HRS/figures/damage_repair_calibration/HRS_SHARED/S13_S14/damage/disease/cal_HEARTE.png,figure,no_generated_output
analysis/HRS/figures/damage_repair_calibration/HRS_SHARED/S13_S14/damage/disease/cal_HIBPE.png,figure,no_generated_output
analysis/HRS/figures/damage_repair_calibration/HRS_SHARED/S13_S14/damage/disease/cal_LUNGE.png,figure,no_generated_output
analysis/HRS/figures/damage_repair_calibration/HRS_SHARED/S13_S14/damage/disease/cal_POOLED_disease.png,figure,no_generated_output
analysis/HRS/figures/damage_repair_calibration/HRS_SHARED/S13_S14/damage/disease/cal_STROKE.png,figure,no_generated_output
analysis/HRS/figures/damage_repair_calibration/HRS_SHARED/S13_S14/repair/adl/cal_ARMSA.png,figure,no_generated_output
analysis/HRS/figures/damage_repair_calibration/HRS_SHARED/S13_S14/repair/adl/cal_BATHA.png,figure,no_generated_output
analysis/HRS/figures/damage_repair_calibration/HRS_SHARED/S13_S14/repair/adl/cal_BEDA.png,figure,no_generated_output
analysis/HRS/figures/damage_repair_calibration/HRS_SHARED/S13_S14/repair/adl/cal_CHAIRA.png,figure,no_generated_output
analysis/HRS/figures/damage_repair_calibration/HRS_SHARED/S13_S14/repair/adl/cal_CLIM1A.png,figure,no_generated_output
analysis/HRS/figures/damage_repair_calibration/HRS_SHARED/S13_S14/repair/adl/cal_CLIMSA.png,figure,no_generated_output
analysis/HRS/figures/damage_repair_calibration/HRS_SHARED/S13_S14/repair/adl/cal_DIMEA.png,figure,no_generated_output
analysis/HRS/figures/damage_repair_calibration/HRS_SHARED/S13_S14/repair/adl/cal_DRESSA.png,figure,no_generated_output
analysis/HRS/figures/damage_repair_calibration/HRS_SHARED/S13_S14/repair/adl/cal_EATA.png,figure,no_generated_output
analysis/HRS/figures/damage_repair_calibration/HRS_SHARED/S13_S14/repair/adl/cal_LIFTA.png,figure,no_generated_output
analysis/HRS/figures/damage_repair_calibration/HRS_SHARED/S13_S14/repair/adl/cal_MONEYA.png,figure,no_generated_output
analysis/HRS/figures/damage_repair_calibration/HRS_SHARED/S13_S14/repair/adl/cal_PHONEA.png,figure,no_generated_output
analysis/HRS/figures/damage_repair_calibration/HRS_SHARED/S13_S14/repair/adl/cal_POOLED_adl.png,figure,no_generated_output
analysis/HRS/figures/damage_repair_calibration/HRS_SHARED/S13_S14/repair/adl/cal_PUSHA.png,figure,no_generated_output
analysis/HRS/figures/damage_repair_calibration/HRS_SHARED/S13_S14/repair/adl/cal_SHOPA.png,figure,no_generated_output
analysis/HRS/figures/damage_repair_calibration/HRS_SHARED/S13_S14/repair/adl/cal_STOOPA.png,figure,no_generated_output
analysis/HRS/figures/damage_repair_calibration/HRS_SHARED/S13_S14/repair/adl/cal_TOILTA.png,figure,no_generated_output
analysis/HRS/figures/damage_repair_calibration/HRS_SHARED/S13_S14/repair/adl/cal_WALKRA.png,figure,no_generated_output
analysis/HRS/figures/damage_repair_calibration/HRS_SHARED/S13_S14/repair/disease/cal_ARTHRE.png,figure,no_generated_output
analysis/HRS/figures/damage_repair_calibration/HRS_SHARED/S13_S14/repair/disease/cal_CANCRE.png,figure,no_generated_output
analysis/HRS/figures/damage_repair_calibration/HRS_SHARED/S13_S14/repair/disease/cal_DIABE.png,figure,no_generated_output
analysis/HRS/figures/damage_repair_calibration/HRS_SHARED/S13_S14/repair/disease/cal_HEARTE.png,figure,no_generated_output
analysis/HRS/figures/damage_repair_calibration/HRS_SHARED/S13_S14/repair/disease/cal_HIBPE.png,figure,no_generated_output
analysis/HRS/figures/damage_repair_calibration/HRS_SHARED/S13_S14/repair/disease/cal_LUNGE.png,figure,no_generated_output
analysis/HRS/figures/damage_repair_calibration/HRS_SHARED/S13_S14/repair/disease/cal_POOLED_disease.png,figure,no_generated_output
analysis/HRS/figures/damage_repair_calibration/HRS_SHARED/S13_S14/repair/disease/cal_STROKE.png,figure,no_generated_output
analysis/HRS/figures/damage_repair_calibration/HRS_SHARED/S14_S15/damage/adl/cal_ARMSA.png,figure,no_generated_output
analysis/HRS/figures/damage_repair_calibration/HRS_SHARED/S14_S15/damage/adl/cal_BATHA.png,figure,no_generated_output
analysis/HRS/figures/damage_repair_calibration/HRS_SHARED/S14_S15/damage/adl/cal_BEDA.png,figure,no_generated_output
analysis/HRS/figures/damage_repair_calibration/HRS_SHARED/S14_S15/damage/adl/cal_CHAIRA.png,figure,no_generated_output
analysis/HRS/figures/damage_repair_calibration/HRS_SHARED/S14_S15/damage/adl/cal_CLIM1A.png,figure,no_generated_output
analysis/HRS/figures/damage_repair_calibration/HRS_SHARED/S14_S15/damage/adl/cal_CLIMSA.png,figure,no_generated_output
analysis/HRS/figures/damage_repair_calibration/HRS_SHARED/S14_S15/damage/adl/cal_DIMEA.png,figure,no_generated_output
analysis/HRS/figures/damage_repair_calibration/HRS_SHARED/S14_S15/damage/adl/cal_DRESSA.png,figure,no_generated_output
analysis/HRS/figures/damage_repair_calibration/HRS_SHARED/S14_S15/damage/adl/cal_EATA.png,figure,no_generated_output
analysis/HRS/figures/damage_repair_calibration/HRS_SHARED/S14_S15/damage/adl/cal_LIFTA.png,figure,no_generated_output
analysis/HRS/figures/damage_repair_calibration/HRS_SHARED/S14_S15/damage/adl/cal_MONEYA.png,figure,no_generated_output
analysis/HRS/figures/damage_repair_calibration/HRS_SHARED/S14_S15/damage/adl/cal_PHONEA.png,figure,no_generated_output
analysis/HRS/figures/damage_repair_calibration/HRS_SHARED/S14_S15/damage/adl/cal_POOLED_adl.png,figure,no_generated_output
analysis/HRS/figures/damage_repair_calibration/HRS_SHARED/S14_S15/damage/adl/cal_PUSHA.png,figure,no_generated_output
analysis/HRS/figures/damage_repair_calibration/HRS_SHARED/S14_S15/damage/adl/cal_SHOPA.png,figure,no_generated_output
analysis/HRS/figures/damage_repair_calibration/HRS_SHARED/S14_S15/damage/adl/cal_STOOPA.png,figure,no_generated_output
analysis/HRS/figures/damage_repair_calibration/HRS_SHARED/S14_S15/damage/adl/cal_TOILTA.png,figure,no_generated_output
analysis/HRS/figures/damage_repair_calibration/HRS_SHARED/S14_S15/damage/adl/cal_WALKRA.png,figure,no_generated_output
analysis/HRS/figures/damage_repair_calibration/HRS_SHARED/S14_S15/damage/disease/cal_ARTHRE.png,figure,no_generated_output
analysis/HRS/figures/damage_repair_calibration/HRS_SHARED/S14_S15/damage/disease/cal_CANCRE.png,figure,no_generated_output
analysis/HRS/figures/damage_repair_calibration/HRS_SHARED/S14_S15/damage/disease/cal_DIABE.png,figure,no_generated_output
analysis/HRS/figures/damage_repair_calibration/HRS_SHARED/S14_S15/damage/disease/cal_HEARTE.png,figure,no_generated_output
analysis/HRS/figures/damage_repair_calibration/HRS_SHARED/S14_S15/damage/disease/cal_HIBPE.png,figure,no_generated_output
analysis/HRS/figures/damage_repair_calibration/HRS_SHARED/S14_S15/damage/disease/cal_LUNGE.png,figure,no_generated_output
analysis/HRS/figures/damage_repair_calibration/HRS_SHARED/S14_S15/damage/disease/cal_POOLED_disease.png,figure,no_generated_output
analysis/HRS/figures/damage_repair_calibration/HRS_SHARED/S14_S15/damage/disease/cal_STROKE.png,figure,no_generated_output
analysis/HRS/figures/damage_repair_calibration/HRS_SHARED/S14_S15/repair/adl/cal_ARMSA.png,figure,no_generated_output
analysis/HRS/figures/damage_repair_calibration/HRS_SHARED/S14_S15/repair/adl/cal_BATHA.png,figure,no_generated_output
analysis/HRS/figures/damage_repair_calibration/HRS_SHARED/S14_S15/repair/adl/cal_BEDA.png,figure,no_generated_output
analysis/HRS/figures/damage_repair_calibration/HRS_SHARED/S14_S15/repair/adl/cal_CHAIRA.png,figure,no_generated_output
analysis/HRS/figures/damage_repair_calibration/HRS_SHARED/S14_S15/repair/adl/cal_CLIM1A.png,figure,no_generated_output
analysis/HRS/figures/damage_repair_calibration/HRS_SHARED/S14_S15/repair/adl/cal_CLIMSA.png,figure,no_generated_output
analysis/HRS/figures/damage_repair_calibration/HRS_SHARED/S14_S15/repair/adl/cal_DIMEA.png,figure,no_generated_output
analysis/HRS/figures/damage_repair_calibration/HRS_SHARED/S14_S15/repair/adl/cal_DRESSA.png,figure,no_generated_output
analysis/HRS/figures/damage_repair_calibration/HRS_SHARED/S14_S15/repair/adl/cal_EATA.png,figure,no_generated_output
analysis/HRS/figures/damage_repair_calibration/HRS_SHARED/S14_S15/repair/adl/cal_LIFTA.png,figure,no_generated_output
analysis/HRS/figures/damage_repair_calibration/HRS_SHARED/S14_S15/repair/adl/cal_MONEYA.png,figure,no_generated_output
analysis/HRS/figures/damage_repair_calibration/HRS_SHARED/S14_S15/repair/adl/cal_PHONEA.png,figure,no_generated_output
analysis/HRS/figures/damage_repair_calibration/HRS_SHARED/S14_S15/repair/adl/cal_POOLED_adl.png,figure,no_generated_output
analysis/HRS/figures/damage_repair_calibration/HRS_SHARED/S14_S15/repair/adl/cal_PUSHA.png,figure,no_generated_output
analysis/HRS/figures/damage_repair_calibration/HRS_SHARED/S14_S15/repair/adl/cal_SHOPA.png,figure,no_generated_output
analysis/HRS/figures/damage_repair_calibration/HRS_SHARED/S14_S15/repair/adl/cal_STOOPA.png,figure,no_generated_output
analysis/HRS/figures/damage_repair_calibration/HRS_SHARED/S14_S15/repair/adl/cal_TOILTA.png,figure,no_generated_output
analysis/HRS/figures/damage_repair_calibration/HRS_SHARED/S14_S15/repair/adl/cal_WALKRA.png,figure,no_generated_output
analysis/HRS/figures/damage_repair_calibration/HRS_SHARED/S14_S15/repair/disease/cal_ARTHRE.png,figure,no_generated_output
analysis/HRS/figures/damage_repair_calibration/HRS_SHARED/S14_S15/repair/disease/cal_CANCRE.png,figure,no_generated_output
analysis/HRS/figures/damage_repair_calibration/HRS_SHARED/S14_S15/repair/disease/cal_DIABE.png,figure,no_generated_output
analysis/HRS/figures/damage_repair_calibration/HRS_SHARED/S14_S15/repair/disease/cal_HEARTE.png,figure,no_generated_output
analysis/HRS/figures/damage_repair_calibration/HRS_SHARED/S14_S15/repair/disease/cal_HIBPE.png,figure,no_generated_output
analysis/HRS/figures/damage_repair_calibration/HRS_SHARED/S14_S15/repair/disease/cal_LUNGE.png,figure,no_generated_output
analysis/HRS/figures/damage_repair_calibration/HRS_SHARED/S14_S15/repair/disease/cal_POOLED_disease.png,figure,no_generated_output
analysis/HRS/figures/damage_repair_calibration/HRS_SHARED/S14_S15/repair/disease/cal_STROKE.png,figure,no_generated_output
analysis/HRS/figures/damage_repair_calibration/HRS_SHARED/S6_S7/damage/adl/cal_ARMSA.png,figure,no_generated_output
analysis/HRS/figures/damage_repair_calibration/HRS_SHARED/S6_S7/damage/adl/cal_BATHA.png,figure,no_generated_output
analysis/HRS/figures/damage_repair_calibration/HRS_SHARED/S6_S7/damage/adl/cal_BEDA.png,figure,no_generated_output
analysis/HRS/figures/damage_repair_calibration/HRS_SHARED/S6_S7/damage/adl/cal_CHAIRA.png,figure,no_generated_output
analysis/HRS/figures/damage_repair_calibration/HRS_SHARED/S6_S7/damage/adl/cal_CLIM1A.png,figure,no_generated_output
analysis/HRS/figures/damage_repair_calibration/HRS_SHARED/S6_S7/damage/adl/cal_CLIMSA.png,figure,no_generated_output
analysis/HRS/figures/damage_repair_calibration/HRS_SHARED/S6_S7/damage/adl/cal_DIMEA.png,figure,no_generated_output
analysis/HRS/figures/damage_repair_calibration/HRS_SHARED/S6_S7/damage/adl/cal_DRESSA.png,figure,no_generated_output
analysis/HRS/figures/damage_repair_calibration/HRS_SHARED/S6_S7/damage/adl/cal_EATA.png,figure,no_generated_output
analysis/HRS/figures/damage_repair_calibration/HRS_SHARED/S6_S7/damage/adl/cal_LIFTA.png,figure,no_generated_output
analysis/HRS/figures/damage_repair_calibration/HRS_SHARED/S6_S7/damage/adl/cal_MONEYA.png,figure,no_generated_output
analysis/HRS/figures/damage_repair_calibration/HRS_SHARED/S6_S7/damage/adl/cal_PHONEA.png,figure,no_generated_output
analysis/HRS/figures/damage_repair_calibration/HRS_SHARED/S6_S7/damage/adl/cal_POOLED_adl.png,figure,no_generated_output
analysis/HRS/figures/damage_repair_calibration/HRS_SHARED/S6_S7/damage/adl/cal_PUSHA.png,figure,no_generated_output
analysis/HRS/figures/damage_repair_calibration/HRS_SHARED/S6_S7/damage/adl/cal_SHOPA.png,figure,no_generated_output
analysis/HRS/figures/damage_repair_calibration/HRS_SHARED/S6_S7/damage/adl/cal_STOOPA.png,figure,no_generated_output
analysis/HRS/figures/damage_repair_calibration/HRS_SHARED/S6_S7/damage/adl/cal_TOILTA.png,figure,no_generated_output
analysis/HRS/figures/damage_repair_calibration/HRS_SHARED/S6_S7/damage/adl/cal_WALKRA.png,figure,no_generated_output
analysis/HRS/figures/damage_repair_calibration/HRS_SHARED/S6_S7/damage/disease/cal_ARTHRE.png,figure,no_generated_output
analysis/HRS/figures/damage_repair_calibration/HRS_SHARED/S6_S7/damage/disease/cal_CANCRE.png,figure,no_generated_output
analysis/HRS/figures/damage_repair_calibration/HRS_SHARED/S6_S7/damage/disease/cal_DIABE.png,figure,no_generated_output
analysis/HRS/figures/damage_repair_calibration/HRS_SHARED/S6_S7/damage/disease/cal_HEARTE.png,figure,no_generated_output
analysis/HRS/figures/damage_repair_calibration/HRS_SHARED/S6_S7/damage/disease/cal_HIBPE.png,figure,no_generated_output
analysis/HRS/figures/damage_repair_calibration/HRS_SHARED/S6_S7/damage/disease/cal_LUNGE.png,figure,no_generated_output
analysis/HRS/figures/damage_repair_calibration/HRS_SHARED/S6_S7/damage/disease/cal_POOLED_disease.png,figure,no_generated_output
analysis/HRS/figures/damage_repair_calibration/HRS_SHARED/S6_S7/damage/disease/cal_STROKE.png,figure,no_generated_output
analysis/HRS/figures/damage_repair_calibration/HRS_SHARED/S6_S7/repair/adl/cal_ARMSA.png,figure,no_generated_output
analysis/HRS/figures/damage_repair_calibration/HRS_SHARED/S6_S7/repair/adl/cal_BATHA.png,figure,no_generated_output
analysis/HRS/figures/damage_repair_calibration/HRS_SHARED/S6_S7/repair/adl/cal_BEDA.png,figure,no_generated_output
analysis/HRS/figures/damage_repair_calibration/HRS_SHARED/S6_S7/repair/adl/cal_CHAIRA.png,figure,no_generated_output
analysis/HRS/figures/damage_repair_calibration/HRS_SHARED/S6_S7/repair/adl/cal_CLIM1A.png,figure,no_generated_output
analysis/HRS/figures/damage_repair_calibration/HRS_SHARED/S6_S7/repair/adl/cal_CLIMSA.png,figure,no_generated_output
analysis/HRS/figures/damage_repair_calibration/HRS_SHARED/S6_S7/repair/adl/cal_DIMEA.png,figure,no_generated_output
analysis/HRS/figures/damage_repair_calibration/HRS_SHARED/S6_S7/repair/adl/cal_DRESSA.png,figure,no_generated_output
analysis/HRS/figures/damage_repair_calibration/HRS_SHARED/S6_S7/repair/adl/cal_EATA.png,figure,no_generated_output
analysis/HRS/figures/damage_repair_calibration/HRS_SHARED/S6_S7/repair/adl/cal_LIFTA.png,figure,no_generated_output
analysis/HRS/figures/damage_repair_calibration/HRS_SHARED/S6_S7/repair/adl/cal_MONEYA.png,figure,no_generated_output
analysis/HRS/figures/damage_repair_calibration/HRS_SHARED/S6_S7/repair/adl/cal_PHONEA.png,figure,no_generated_output
analysis/HRS/figures/damage_repair_calibration/HRS_SHARED/S6_S7/repair/adl/cal_POOLED_adl.png,figure,no_generated_output
analysis/HRS/figures/damage_repair_calibration/HRS_SHARED/S6_S7/repair/adl/cal_PUSHA.png,figure,no_generated_output
analysis/HRS/figures/damage_repair_calibration/HRS_SHARED/S6_S7/repair/adl/cal_SHOPA.png,figure,no_generated_output
analysis/HRS/figures/damage_repair_calibration/HRS_SHARED/S6_S7/repair/adl/cal_STOOPA.png,figure,no_generated_output
analysis/HRS/figures/damage_repair_calibration/HRS_SHARED/S6_S7/repair/adl/cal_TOILTA.png,figure,no_generated_output
analysis/HRS/figures/damage_repair_calibration/HRS_SHARED/S6_S7/repair/adl/cal_WALKRA.png,figure,no_generated_output
analysis/HRS/figures/damage_repair_calibration/HRS_SHARED/S6_S7/repair/disease/cal_ARTHRE.png,figure,no_generated_output
analysis/HRS/figures/damage_repair_calibration/HRS_SHARED/S6_S7/repair/disease/cal_CANCRE.png,figure,no_generated_output
analysis/HRS/figures/damage_repair_calibration/HRS_SHARED/S6_S7/repair/disease/cal_DIABE.png,figure,no_generated_output
analysis/HRS/figures/damage_repair_calibration/HRS_SHARED/S6_S7/repair/disease/cal_HEARTE.png,figure,no_generated_output
analysis/HRS/figures/damage_repair_calibration/HRS_SHARED/S6_S7/repair/disease/cal_HIBPE.png,figure,no_generated_output
analysis/HRS/figures/damage_repair_calibration/HRS_SHARED/S6_S7/repair/disease/cal_LUNGE.png,figure,no_generated_output
analysis/HRS/figures/damage_repair_calibration/HRS_SHARED/S6_S7/repair/disease/cal_POOLED_disease.png,figure,no_generated_output
analysis/HRS/figures/damage_repair_calibration/HRS_SHARED/S6_S7/repair/disease/cal_STROKE.png,figure,no_generated_output
analysis/HRS/figures/damage_repair_calibration/HRS_SHARED/S7_S8/damage/adl/cal_ARMSA.png,figure,no_generated_output
analysis/HRS/figures/damage_repair_calibration/HRS_SHARED/S7_S8/damage/adl/cal_BATHA.png,figure,no_generated_output
analysis/HRS/figures/damage_repair_calibration/HRS_SHARED/S7_S8/damage/adl/cal_BEDA.png,figure,no_generated_output
analysis/HRS/figures/damage_repair_calibration/HRS_SHARED/S7_S8/damage/adl/cal_CHAIRA.png,figure,no_generated_output
analysis/HRS/figures/damage_repair_calibration/HRS_SHARED/S7_S8/damage/adl/cal_CLIM1A.png,figure,no_generated_output
analysis/HRS/figures/damage_repair_calibration/HRS_SHARED/S7_S8/damage/adl/cal_CLIMSA.png,figure,no_generated_output
analysis/HRS/figures/damage_repair_calibration/HRS_SHARED/S7_S8/damage/adl/cal_DIMEA.png,figure,no_generated_output
analysis/HRS/figures/damage_repair_calibration/HRS_SHARED/S7_S8/damage/adl/cal_DRESSA.png,figure,no_generated_output
analysis/HRS/figures/damage_repair_calibration/HRS_SHARED/S7_S8/damage/adl/cal_EATA.png,figure,no_generated_output
analysis/HRS/figures/damage_repair_calibration/HRS_SHARED/S7_S8/damage/adl/cal_LIFTA.png,figure,no_generated_output
analysis/HRS/figures/damage_repair_calibration/HRS_SHARED/S7_S8/damage/adl/cal_MONEYA.png,figure,no_generated_output
analysis/HRS/figures/damage_repair_calibration/HRS_SHARED/S7_S8/damage/adl/cal_PHONEA.png,figure,no_generated_output
analysis/HRS/figures/damage_repair_calibration/HRS_SHARED/S7_S8/damage/adl/cal_POOLED_adl.png,figure,no_generated_output
analysis/HRS/figures/damage_repair_calibration/HRS_SHARED/S7_S8/damage/adl/cal_PUSHA.png,figure,no_generated_output
analysis/HRS/figures/damage_repair_calibration/HRS_SHARED/S7_S8/damage/adl/cal_SHOPA.png,figure,no_generated_output
analysis/HRS/figures/damage_repair_calibration/HRS_SHARED/S7_S8/damage/adl/cal_STOOPA.png,figure,no_generated_output
analysis/HRS/figures/damage_repair_calibration/HRS_SHARED/S7_S8/damage/adl/cal_TOILTA.png,figure,no_generated_output
analysis/HRS/figures/damage_repair_calibration/HRS_SHARED/S7_S8/damage/adl/cal_WALKRA.png,figure,no_generated_output
analysis/HRS/figures/damage_repair_calibration/HRS_SHARED/S7_S8/damage/disease/cal_ARTHRE.png,figure,no_generated_output
analysis/HRS/figures/damage_repair_calibration/HRS_SHARED/S7_S8/damage/disease/cal_CANCRE.png,figure,no_generated_output
analysis/HRS/figures/damage_repair_calibration/HRS_SHARED/S7_S8/damage/disease/cal_DIABE.png,figure,no_generated_output
analysis/HRS/figures/damage_repair_calibration/HRS_SHARED/S7_S8/damage/disease/cal_HEARTE.png,figure,no_generated_output
analysis/HRS/figures/damage_repair_calibration/HRS_SHARED/S7_S8/damage/disease/cal_HIBPE.png,figure,no_generated_output
analysis/HRS/figures/damage_repair_calibration/HRS_SHARED/S7_S8/damage/disease/cal_LUNGE.png,figure,no_generated_output
analysis/HRS/figures/damage_repair_calibration/HRS_SHARED/S7_S8/damage/disease/cal_POOLED_disease.png,figure,no_generated_output
analysis/HRS/figures/damage_repair_calibration/HRS_SHARED/S7_S8/damage/disease/cal_STROKE.png,figure,no_generated_output
analysis/HRS/figures/damage_repair_calibration/HRS_SHARED/S7_S8/repair/adl/cal_ARMSA.png,figure,no_generated_output
analysis/HRS/figures/damage_repair_calibration/HRS_SHARED/S7_S8/repair/adl/cal_BATHA.png,figure,no_generated_output
analysis/HRS/figures/damage_repair_calibration/HRS_SHARED/S7_S8/repair/adl/cal_BEDA.png,figure,no_generated_output
analysis/HRS/figures/damage_repair_calibration/HRS_SHARED/S7_S8/repair/adl/cal_CHAIRA.png,figure,no_generated_output
analysis/HRS/figures/damage_repair_calibration/HRS_SHARED/S7_S8/repair/adl/cal_CLIM1A.png,figure,no_generated_output
analysis/HRS/figures/damage_repair_calibration/HRS_SHARED/S7_S8/repair/adl/cal_CLIMSA.png,figure,no_generated_output
analysis/HRS/figures/damage_repair_calibration/HRS_SHARED/S7_S8/repair/adl/cal_DIMEA.png,figure,no_generated_output
analysis/HRS/figures/damage_repair_calibration/HRS_SHARED/S7_S8/repair/adl/cal_DRESSA.png,figure,no_generated_output
analysis/HRS/figures/damage_repair_calibration/HRS_SHARED/S7_S8/repair/adl/cal_EATA.png,figure,no_generated_output
analysis/HRS/figures/damage_repair_calibration/HRS_SHARED/S7_S8/repair/adl/cal_LIFTA.png,figure,no_generated_output
analysis/HRS/figures/damage_repair_calibration/HRS_SHARED/S7_S8/repair/adl/cal_MONEYA.png,figure,no_generated_output
analysis/HRS/figures/damage_repair_calibration/HRS_SHARED/S7_S8/repair/adl/cal_PHONEA.png,figure,no_generated_output
analysis/HRS/figures/damage_repair_calibration/HRS_SHARED/S7_S8/repair/adl/cal_POOLED_adl.png,figure,no_generated_output
analysis/HRS/figures/damage_repair_calibration/HRS_SHARED/S7_S8/repair/adl/cal_PUSHA.png,figure,no_generated_output
analysis/HRS/figures/damage_repair_calibration/HRS_SHARED/S7_S8/repair/adl/cal_SHOPA.png,figure,no_generated_output
analysis/HRS/figures/damage_repair_calibration/HRS_SHARED/S7_S8/repair/adl/cal_STOOPA.png,figure,no_generated_output
analysis/HRS/figures/damage_repair_calibration/HRS_SHARED/S7_S8/repair/adl/cal_TOILTA.png,figure,no_generated_output
analysis/HRS/figures/damage_repair_calibration/HRS_SHARED/S7_S8/repair/adl/cal_WALKRA.png,figure,no_generated_output
analysis/HRS/figures/damage_repair_calibration/HRS_SHARED/S7_S8/repair/disease/cal_ARTHRE.png,figure,no_generated_output
analysis/HRS/figures/damage_repair_calibration/HRS_SHARED/S7_S8/repair/disease/cal_CANCRE.png,figure,no_generated_output
analysis/HRS/figures/damage_repair_calibration/HRS_SHARED/S7_S8/repair/disease/cal_DIABE.png,figure,no_generated_output
analysis/HRS/figures/damage_repair_calibration/HRS_SHARED/S7_S8/repair/disease/cal_HEARTE.png,figure,no_generated_output
analysis/HRS/figures/damage_repair_calibration/HRS_SHARED/S7_S8/repair/disease/cal_HIBPE.png,figure,no_generated_output
analysis/HRS/figures/damage_repair_calibration/HRS_SHARED/S7_S8/repair/disease/cal_LUNGE.png,figure,no_generated_output
analysis/HRS/figures/damage_repair_calibration/HRS_SHARED/S7_S8/repair/disease/cal_POOLED_disease.png,figure,no_generated_output
analysis/HRS/figures/damage_repair_calibration/HRS_SHARED/S7_S8/repair/disease/cal_STROKE.png,figure,no_generated_output
analysis/HRS/figures/damage_repair_calibration/HRS_SHARED/S8_S9/damage/adl/cal_ARMSA.png,figure,no_generated_output
analysis/HRS/figures/damage_repair_calibration/HRS_SHARED/S8_S9/damage/adl/cal_BATHA.png,figure,no_generated_output
analysis/HRS/figures/damage_repair_calibration/HRS_SHARED/S8_S9/damage/adl/cal_BEDA.png,figure,no_generated_output
analysis/HRS/figures/damage_repair_calibration/HRS_SHARED/S8_S9/damage/adl/cal_CHAIRA.png,figure,no_generated_output
analysis/HRS/figures/damage_repair_calibration/HRS_SHARED/S8_S9/damage/adl/cal_CLIM1A.png,figure,no_generated_output
analysis/HRS/figures/damage_repair_calibration/HRS_SHARED/S8_S9/damage/adl/cal_CLIMSA.png,figure,no_generated_output
analysis/HRS/figures/damage_repair_calibration/HRS_SHARED/S8_S9/damage/adl/cal_DIMEA.png,figure,no_generated_output
analysis/HRS/figures/damage_repair_calibration/HRS_SHARED/S8_S9/damage/adl/cal_DRESSA.png,figure,no_generated_output
analysis/HRS/figures/damage_repair_calibration/HRS_SHARED/S8_S9/damage/adl/cal_EATA.png,figure,no_generated_output
analysis/HRS/figures/damage_repair_calibration/HRS_SHARED/S8_S9/damage/adl/cal_LIFTA.png,figure,no_generated_output
analysis/HRS/figures/damage_repair_calibration/HRS_SHARED/S8_S9/damage/adl/cal_MONEYA.png,figure,no_generated_output
analysis/HRS/figures/damage_repair_calibration/HRS_SHARED/S8_S9/damage/adl/cal_PHONEA.png,figure,no_generated_output
analysis/HRS/figures/damage_repair_calibration/HRS_SHARED/S8_S9/damage/adl/cal_POOLED_adl.png,figure,no_generated_output
analysis/HRS/figures/damage_repair_calibration/HRS_SHARED/S8_S9/damage/adl/cal_PUSHA.png,figure,no_generated_output
analysis/HRS/figures/damage_repair_calibration/HRS_SHARED/S8_S9/damage/adl/cal_SHOPA.png,figure,no_generated_output
analysis/HRS/figures/damage_repair_calibration/HRS_SHARED/S8_S9/damage/adl/cal_STOOPA.png,figure,no_generated_output
analysis/HRS/figures/damage_repair_calibration/HRS_SHARED/S8_S9/damage/adl/cal_TOILTA.png,figure,no_generated_output
analysis/HRS/figures/damage_repair_calibration/HRS_SHARED/S8_S9/damage/adl/cal_WALKRA.png,figure,no_generated_output
analysis/HRS/figures/damage_repair_calibration/HRS_SHARED/S8_S9/damage/disease/cal_ARTHRE.png,figure,no_generated_output
analysis/HRS/figures/damage_repair_calibration/HRS_SHARED/S8_S9/damage/disease/cal_CANCRE.png,figure,no_generated_output
analysis/HRS/figures/damage_repair_calibration/HRS_SHARED/S8_S9/damage/disease/cal_DIABE.png,figure,no_generated_output
analysis/HRS/figures/damage_repair_calibration/HRS_SHARED/S8_S9/damage/disease/cal_HEARTE.png,figure,no_generated_output
analysis/HRS/figures/damage_repair_calibration/HRS_SHARED/S8_S9/damage/disease/cal_HIBPE.png,figure,no_generated_output
analysis/HRS/figures/damage_repair_calibration/HRS_SHARED/S8_S9/damage/disease/cal_LUNGE.png,figure,no_generated_output
analysis/HRS/figures/damage_repair_calibration/HRS_SHARED/S8_S9/damage/disease/cal_POOLED_disease.png,figure,no_generated_output
analysis/HRS/figures/damage_repair_calibration/HRS_SHARED/S8_S9/damage/disease/cal_STROKE.png,figure,no_generated_output
analysis/HRS/figures/damage_repair_calibration/HRS_SHARED/S8_S9/repair/adl/cal_ARMSA.png,figure,no_generated_output
analysis/HRS/figures/damage_repair_calibration/HRS_SHARED/S8_S9/repair/adl/cal_BATHA.png,figure,no_generated_output
analysis/HRS/figures/damage_repair_calibration/HRS_SHARED/S8_S9/repair/adl/cal_BEDA.png,figure,no_generated_output
analysis/HRS/figures/damage_repair_calibration/HRS_SHARED/S8_S9/repair/adl/cal_CHAIRA.png,figure,no_generated_output
analysis/HRS/figures/damage_repair_calibration/HRS_SHARED/S8_S9/repair/adl/cal_CLIM1A.png,figure,no_generated_output
analysis/HRS/figures/damage_repair_calibration/HRS_SHARED/S8_S9/repair/adl/cal_CLIMSA.png,figure,no_generated_output
analysis/HRS/figures/damage_repair_calibration/HRS_SHARED/S8_S9/repair/adl/cal_DIMEA.png,figure,no_generated_output
analysis/HRS/figures/damage_repair_calibration/HRS_SHARED/S8_S9/repair/adl/cal_DRESSA.png,figure,no_generated_output
analysis/HRS/figures/damage_repair_calibration/HRS_SHARED/S8_S9/repair/adl/cal_EATA.png,figure,no_generated_output
analysis/HRS/figures/damage_repair_calibration/HRS_SHARED/S8_S9/repair/adl/cal_LIFTA.png,figure,no_generated_output
analysis/HRS/figures/damage_repair_calibration/HRS_SHARED/S8_S9/repair/adl/cal_MONEYA.png,figure,no_generated_output
analysis/HRS/figures/damage_repair_calibration/HRS_SHARED/S8_S9/repair/adl/cal_PHONEA.png,figure,no_generated_output
analysis/HRS/figures/damage_repair_calibration/HRS_SHARED/S8_S9/repair/adl/cal_POOLED_adl.png,figure,no_generated_output
analysis/HRS/figures/damage_repair_calibration/HRS_SHARED/S8_S9/repair/adl/cal_PUSHA.png,figure,no_generated_output
analysis/HRS/figures/damage_repair_calibration/HRS_SHARED/S8_S9/repair/adl/cal_SHOPA.png,figure,no_generated_output
analysis/HRS/figures/damage_repair_calibration/HRS_SHARED/S8_S9/repair/adl/cal_STOOPA.png,figure,no_generated_output
analysis/HRS/figures/damage_repair_calibration/HRS_SHARED/S8_S9/repair/adl/cal_TOILTA.png,figure,no_generated_output
analysis/HRS/figures/damage_repair_calibration/HRS_SHARED/S8_S9/repair/adl/cal_WALKRA.png,figure,no_generated_output
analysis/HRS/figures/damage_repair_calibration/HRS_SHARED/S8_S9/repair/disease/cal_ARTHRE.png,figure,no_generated_output
analysis/HRS/figures/damage_repair_calibration/HRS_SHARED/S8_S9/repair/disease/cal_CANCRE.png,figure,no_generated_output
analysis/HRS/figures/damage_repair_calibration/HRS_SHARED/S8_S9/repair/disease/cal_DIABE.png,figure,no_generated_output
analysis/HRS/figures/damage_repair_calibration/HRS_SHARED/S8_S9/repair/disease/cal_HEARTE.png,figure,no_generated_output
analysis/HRS/figures/damage_repair_calibration/HRS_SHARED/S8_S9/repair/disease/cal_HIBPE.png,figure,no_generated_output
analysis/HRS/figures/damage_repair_calibration/HRS_SHARED/S8_S9/repair/disease/cal_LUNGE.png,figure,no_generated_output
analysis/HRS/figures/damage_repair_calibration/HRS_SHARED/S8_S9/repair/disease/cal_POOLED_disease.png,figure,no_generated_output
analysis/HRS/figures/damage_repair_calibration/HRS_SHARED/S8_S9/repair/disease/cal_STROKE.png,figure,no_generated_output
analysis/HRS/figures/damage_repair_calibration/HRS_SHARED/S9_S10/damage/adl/cal_ARMSA.png,figure,no_generated_output
analysis/HRS/figures/damage_repair_calibration/HRS_SHARED/S9_S10/damage/adl/cal_BATHA.png,figure,no_generated_output
analysis/HRS/figures/damage_repair_calibration/HRS_SHARED/S9_S10/damage/adl/cal_BEDA.png,figure,no_generated_output
analysis/HRS/figures/damage_repair_calibration/HRS_SHARED/S9_S10/damage/adl/cal_CHAIRA.png,figure,no_generated_output
analysis/HRS/figures/damage_repair_calibration/HRS_SHARED/S9_S10/damage/adl/cal_CLIM1A.png,figure,no_generated_output
analysis/HRS/figures/damage_repair_calibration/HRS_SHARED/S9_S10/damage/adl/cal_CLIMSA.png,figure,no_generated_output
analysis/HRS/figures/damage_repair_calibration/HRS_SHARED/S9_S10/damage/adl/cal_DIMEA.png,figure,no_generated_output
analysis/HRS/figures/damage_repair_calibration/HRS_SHARED/S9_S10/damage/adl/cal_DRESSA.png,figure,no_generated_output
analysis/HRS/figures/damage_repair_calibration/HRS_SHARED/S9_S10/damage/adl/cal_EATA.png,figure,no_generated_output
analysis/HRS/figures/damage_repair_calibration/HRS_SHARED/S9_S10/damage/adl/cal_LIFTA.png,figure,no_generated_output
analysis/HRS/figures/damage_repair_calibration/HRS_SHARED/S9_S10/damage/adl/cal_MONEYA.png,figure,no_generated_output
analysis/HRS/figures/damage_repair_calibration/HRS_SHARED/S9_S10/damage/adl/cal_PHONEA.png,figure,no_generated_output
analysis/HRS/figures/damage_repair_calibration/HRS_SHARED/S9_S10/damage/adl/cal_POOLED_adl.png,figure,no_generated_output
analysis/HRS/figures/damage_repair_calibration/HRS_SHARED/S9_S10/damage/adl/cal_PUSHA.png,figure,no_generated_output
analysis/HRS/figures/damage_repair_calibration/HRS_SHARED/S9_S10/damage/adl/cal_SHOPA.png,figure,no_generated_output
analysis/HRS/figures/damage_repair_calibration/HRS_SHARED/S9_S10/damage/adl/cal_STOOPA.png,figure,no_generated_output
analysis/HRS/figures/damage_repair_calibration/HRS_SHARED/S9_S10/damage/adl/cal_TOILTA.png,figure,no_generated_output
analysis/HRS/figures/damage_repair_calibration/HRS_SHARED/S9_S10/damage/adl/cal_WALKRA.png,figure,no_generated_output
analysis/HRS/figures/damage_repair_calibration/HRS_SHARED/S9_S10/damage/disease/cal_ARTHRE.png,figure,no_generated_output
analysis/HRS/figures/damage_repair_calibration/HRS_SHARED/S9_S10/damage/disease/cal_CANCRE.png,figure,no_generated_output
analysis/HRS/figures/damage_repair_calibration/HRS_SHARED/S9_S10/damage/disease/cal_DIABE.png,figure,no_generated_output
analysis/HRS/figures/damage_repair_calibration/HRS_SHARED/S9_S10/damage/disease/cal_HEARTE.png,figure,no_generated_output
analysis/HRS/figures/damage_repair_calibration/HRS_SHARED/S9_S10/damage/disease/cal_HIBPE.png,figure,no_generated_output
analysis/HRS/figures/damage_repair_calibration/HRS_SHARED/S9_S10/damage/disease/cal_LUNGE.png,figure,no_generated_output
analysis/HRS/figures/damage_repair_calibration/HRS_SHARED/S9_S10/damage/disease/cal_POOLED_disease.png,figure,no_generated_output
analysis/HRS/figures/damage_repair_calibration/HRS_SHARED/S9_S10/damage/disease/cal_STROKE.png,figure,no_generated_output
analysis/HRS/figures/damage_repair_calibration/HRS_SHARED/S9_S10/repair/adl/cal_ARMSA.png,figure,no_generated_output
analysis/HRS/figures/damage_repair_calibration/HRS_SHARED/S9_S10/repair/adl/cal_BATHA.png,figure,no_generated_output
analysis/HRS/figures/damage_repair_calibration/HRS_SHARED/S9_S10/repair/adl/cal_BEDA.png,figure,no_generated_output
analysis/HRS/figures/damage_repair_calibration/HRS_SHARED/S9_S10/repair/adl/cal_CHAIRA.png,figure,no_generated_output
analysis/HRS/figures/damage_repair_calibration/HRS_SHARED/S9_S10/repair/adl/cal_CLIM1A.png,figure,no_generated_output
analysis/HRS/figures/damage_repair_calibration/HRS_SHARED/S9_S10/repair/adl/cal_CLIMSA.png,figure,no_generated_output
analysis/HRS/figures/damage_repair_calibration/HRS_SHARED/S9_S10/repair/adl/cal_DIMEA.png,figure,no_generated_output
analysis/HRS/figures/damage_repair_calibration/HRS_SHARED/S9_S10/repair/adl/cal_DRESSA.png,figure,no_generated_output
analysis/HRS/figures/damage_repair_calibration/HRS_SHARED/S9_S10/repair/adl/cal_EATA.png,figure,no_generated_output
analysis/HRS/figures/damage_repair_calibration/HRS_SHARED/S9_S10/repair/adl/cal_LIFTA.png,figure,no_generated_output
analysis/HRS/figures/damage_repair_calibration/HRS_SHARED/S9_S10/repair/adl/cal_MONEYA.png,figure,no_generated_output
analysis/HRS/figures/damage_repair_calibration/HRS_SHARED/S9_S10/repair/adl/cal_PHONEA.png,figure,no_generated_output
analysis/HRS/figures/damage_repair_calibration/HRS_SHARED/S9_S10/repair/adl/cal_POOLED_adl.png,figure,no_generated_output
analysis/HRS/figures/damage_repair_calibration/HRS_SHARED/S9_S10/repair/adl/cal_PUSHA.png,figure,no_generated_output
analysis/HRS/figures/damage_repair_calibration/HRS_SHARED/S9_S10/repair/adl/cal_SHOPA.png,figure,no_generated_output
analysis/HRS/figures/damage_repair_calibration/HRS_SHARED/S9_S10/repair/adl/cal_STOOPA.png,figure,no_generated_output
analysis/HRS/figures/damage_repair_calibration/HRS_SHARED/S9_S10/repair/adl/cal_TOILTA.png,figure,no_generated_output
analysis/HRS/figures/damage_repair_calibration/HRS_SHARED/S9_S10/repair/adl/cal_WALKRA.png,figure,no_generated_output
analysis/HRS/figures/damage_repair_calibration/HRS_SHARED/S9_S10/repair/disease/cal_ARTHRE.png,figure,no_generated_output
analysis/HRS/figures/damage_repair_calibration/HRS_SHARED/S9_S10/repair/disease/cal_CANCRE.png,figure,no_generated_output
analysis/HRS/figures/damage_repair_calibration/HRS_SHARED/S9_S10/repair/disease/cal_DIABE.png,figure,no_generated_output
analysis/HRS/figures/damage_repair_calibration/HRS_SHARED/S9_S10/repair/disease/cal_HEARTE.png,figure,no_generated_output
analysis/HRS/figures/damage_repair_calibration/HRS_SHARED/S9_S10/repair/disease/cal_HIBPE.png,figure,no_generated_output
analysis/HRS/figures/damage_repair_calibration/HRS_SHARED/S9_S10/repair/disease/cal_LUNGE.png,figure,no_generated_output
analysis/HRS/figures/damage_repair_calibration/HRS_SHARED/S9_S10/repair/disease/cal_POOLED_disease.png,figure,no_generated_output
analysis/HRS/figures/damage_repair_calibration/HRS_SHARED/S9_S10/repair/disease/cal_STROKE.png,figure,no_generated_output
analysis/HRS/figures/damage_repair_calibration/LR/HRS_SHARED/S10_S11/damage/adl/cal_ARMSA.png,figure,no_generated_output
analysis/HRS/figures/damage_repair_calibration/LR/HRS_SHARED/S10_S11/damage/adl/cal_BATHA.png,figure,no_generated_output
analysis/HRS/figures/damage_repair_calibration/LR/HRS_SHARED/S10_S11/damage/adl/cal_BEDA.png,figure,no_generated_output
analysis/HRS/figures/damage_repair_calibration/LR/HRS_SHARED/S10_S11/damage/adl/cal_CHAIRA.png,figure,no_generated_output
analysis/HRS/figures/damage_repair_calibration/LR/HRS_SHARED/S10_S11/damage/adl/cal_CLIM1A.png,figure,no_generated_output
analysis/HRS/figures/damage_repair_calibration/LR/HRS_SHARED/S10_S11/damage/adl/cal_CLIMSA.png,figure,no_generated_output
analysis/HRS/figures/damage_repair_calibration/LR/HRS_SHARED/S10_S11/damage/adl/cal_DIMEA.png,figure,no_generated_output
analysis/HRS/figures/damage_repair_calibration/LR/HRS_SHARED/S10_S11/damage/adl/cal_DRESSA.png,figure,no_generated_output
analysis/HRS/figures/damage_repair_calibration/LR/HRS_SHARED/S10_S11/damage/adl/cal_EATA.png,figure,no_generated_output
analysis/HRS/figures/damage_repair_calibration/LR/HRS_SHARED/S10_S11/damage/adl/cal_LIFTA.png,figure,no_generated_output
analysis/HRS/figures/damage_repair_calibration/LR/HRS_SHARED/S10_S11/damage/adl/cal_MONEYA.png,figure,no_generated_output
analysis/HRS/figures/damage_repair_calibration/LR/HRS_SHARED/S10_S11/damage/adl/cal_PHONEA.png,figure,no_generated_output
analysis/HRS/figures/damage_repair_calibration/LR/HRS_SHARED/S10_S11/damage/adl/cal_POOLED_adl.png,figure,no_generated_output
analysis/HRS/figures/damage_repair_calibration/LR/HRS_SHARED/S10_S11/damage/adl/cal_PUSHA.png,figure,no_generated_output
analysis/HRS/figures/damage_repair_calibration/LR/HRS_SHARED/S10_S11/damage/adl/cal_SHOPA.png,figure,no_generated_output
analysis/HRS/figures/damage_repair_calibration/LR/HRS_SHARED/S10_S11/damage/adl/cal_STOOPA.png,figure,no_generated_output
analysis/HRS/figures/damage_repair_calibration/LR/HRS_SHARED/S10_S11/damage/adl/cal_TOILTA.png,figure,no_generated_output
analysis/HRS/figures/damage_repair_calibration/LR/HRS_SHARED/S10_S11/damage/adl/cal_WALKRA.png,figure,no_generated_output
analysis/HRS/figures/damage_repair_calibration/LR/HRS_SHARED/S10_S11/damage/disease/cal_ARTHRE.png,figure,no_generated_output
analysis/HRS/figures/damage_repair_calibration/LR/HRS_SHARED/S10_S11/damage/disease/cal_CANCRE.png,figure,no_generated_output
analysis/HRS/figures/damage_repair_calibration/LR/HRS_SHARED/S10_S11/damage/disease/cal_DIABE.png,figure,no_generated_output
analysis/HRS/figures/damage_repair_calibration/LR/HRS_SHARED/S10_S11/damage/disease/cal_HEARTE.png,figure,no_generated_output
analysis/HRS/figures/damage_repair_calibration/LR/HRS_SHARED/S10_S11/damage/disease/cal_HIBPE.png,figure,no_generated_output
analysis/HRS/figures/damage_repair_calibration/LR/HRS_SHARED/S10_S11/damage/disease/cal_LUNGE.png,figure,no_generated_output
analysis/HRS/figures/damage_repair_calibration/LR/HRS_SHARED/S10_S11/damage/disease/cal_POOLED_disease.png,figure,no_generated_output
analysis/HRS/figures/damage_repair_calibration/LR/HRS_SHARED/S10_S11/damage/disease/cal_STROKE.png,figure,no_generated_output
analysis/HRS/figures/damage_repair_calibration/LR/HRS_SHARED/S10_S11/repair/adl/cal_ARMSA.png,figure,no_generated_output
analysis/HRS/figures/damage_repair_calibration/LR/HRS_SHARED/S10_S11/repair/adl/cal_BATHA.png,figure,no_generated_output
analysis/HRS/figures/damage_repair_calibration/LR/HRS_SHARED/S10_S11/repair/adl/cal_BEDA.png,figure,no_generated_output
analysis/HRS/figures/damage_repair_calibration/LR/HRS_SHARED/S10_S11/repair/adl/cal_CHAIRA.png,figure,no_generated_output
analysis/HRS/figures/damage_repair_calibration/LR/HRS_SHARED/S10_S11/repair/adl/cal_CLIM1A.png,figure,no_generated_output
analysis/HRS/figures/damage_repair_calibration/LR/HRS_SHARED/S10_S11/repair/adl/cal_CLIMSA.png,figure,no_generated_output
analysis/HRS/figures/damage_repair_calibration/LR/HRS_SHARED/S10_S11/repair/adl/cal_DIMEA.png,figure,no_generated_output
analysis/HRS/figures/damage_repair_calibration/LR/HRS_SHARED/S10_S11/repair/adl/cal_DRESSA.png,figure,no_generated_output
analysis/HRS/figures/damage_repair_calibration/LR/HRS_SHARED/S10_S11/repair/adl/cal_EATA.png,figure,no_generated_output
analysis/HRS/figures/damage_repair_calibration/LR/HRS_SHARED/S10_S11/repair/adl/cal_LIFTA.png,figure,no_generated_output
analysis/HRS/figures/damage_repair_calibration/LR/HRS_SHARED/S10_S11/repair/adl/cal_MONEYA.png,figure,no_generated_output
analysis/HRS/figures/damage_repair_calibration/LR/HRS_SHARED/S10_S11/repair/adl/cal_PHONEA.png,figure,no_generated_output
analysis/HRS/figures/damage_repair_calibration/LR/HRS_SHARED/S10_S11/repair/adl/cal_POOLED_adl.png,figure,no_generated_output
analysis/HRS/figures/damage_repair_calibration/LR/HRS_SHARED/S10_S11/repair/adl/cal_PUSHA.png,figure,no_generated_output
analysis/HRS/figures/damage_repair_calibration/LR/HRS_SHARED/S10_S11/repair/adl/cal_SHOPA.png,figure,no_generated_output
analysis/HRS/figures/damage_repair_calibration/LR/HRS_SHARED/S10_S11/repair/adl/cal_STOOPA.png,figure,no_generated_output
analysis/HRS/figures/damage_repair_calibration/LR/HRS_SHARED/S10_S11/repair/adl/cal_TOILTA.png,figure,no_generated_output
analysis/HRS/figures/damage_repair_calibration/LR/HRS_SHARED/S10_S11/repair/adl/cal_WALKRA.png,figure,no_generated_output
analysis/HRS/figures/damage_repair_calibration/LR/HRS_SHARED/S10_S11/repair/disease/cal_ARTHRE.png,figure,no_generated_output
analysis/HRS/figures/damage_repair_calibration/LR/HRS_SHARED/S10_S11/repair/disease/cal_CANCRE.png,figure,no_generated_output
analysis/HRS/figures/damage_repair_calibration/LR/HRS_SHARED/S10_S11/repair/disease/cal_DIABE.png,figure,no_generated_output
analysis/HRS/figures/damage_repair_calibration/LR/HRS_SHARED/S10_S11/repair/disease/cal_HEARTE.png,figure,no_generated_output
analysis/HRS/figures/damage_repair_calibration/LR/HRS_SHARED/S10_S11/repair/disease/cal_HIBPE.png,figure,no_generated_output
analysis/HRS/figures/damage_repair_calibration/LR/HRS_SHARED/S10_S11/repair/disease/cal_LUNGE.png,figure,no_generated_output
analysis/HRS/figures/damage_repair_calibration/LR/HRS_SHARED/S10_S11/repair/disease/cal_POOLED_disease.png,figure,no_generated_output
analysis/HRS/figures/damage_repair_calibration/LR/HRS_SHARED/S10_S11/repair/disease/cal_STROKE.png,figure,no_generated_output
analysis/HRS/figures/damage_repair_calibration/LR/HRS_SHARED/S11_S12/damage/adl/cal_ARMSA.png,figure,no_generated_output
analysis/HRS/figures/damage_repair_calibration/LR/HRS_SHARED/S11_S12/damage/adl/cal_BATHA.png,figure,no_generated_output
analysis/HRS/figures/damage_repair_calibration/LR/HRS_SHARED/S11_S12/damage/adl/cal_BEDA.png,figure,no_generated_output
analysis/HRS/figures/damage_repair_calibration/LR/HRS_SHARED/S11_S12/damage/adl/cal_CHAIRA.png,figure,no_generated_output
analysis/HRS/figures/damage_repair_calibration/LR/HRS_SHARED/S11_S12/damage/adl/cal_CLIM1A.png,figure,no_generated_output
analysis/HRS/figures/damage_repair_calibration/LR/HRS_SHARED/S11_S12/damage/adl/cal_CLIMSA.png,figure,no_generated_output
analysis/HRS/figures/damage_repair_calibration/LR/HRS_SHARED/S11_S12/damage/adl/cal_DIMEA.png,figure,no_generated_output
analysis/HRS/figures/damage_repair_calibration/LR/HRS_SHARED/S11_S12/damage/adl/cal_DRESSA.png,figure,no_generated_output
analysis/HRS/figures/damage_repair_calibration/LR/HRS_SHARED/S11_S12/damage/adl/cal_EATA.png,figure,no_generated_output
analysis/HRS/figures/damage_repair_calibration/LR/HRS_SHARED/S11_S12/damage/adl/cal_LIFTA.png,figure,no_generated_output
analysis/HRS/figures/damage_repair_calibration/LR/HRS_SHARED/S11_S12/damage/adl/cal_MONEYA.png,figure,no_generated_output
analysis/HRS/figures/damage_repair_calibration/LR/HRS_SHARED/S11_S12/damage/adl/cal_PHONEA.png,figure,no_generated_output
analysis/HRS/figures/damage_repair_calibration/LR/HRS_SHARED/S11_S12/damage/adl/cal_POOLED_adl.png,figure,no_generated_output
analysis/HRS/figures/damage_repair_calibration/LR/HRS_SHARED/S11_S12/damage/adl/cal_PUSHA.png,figure,no_generated_output
analysis/HRS/figures/damage_repair_calibration/LR/HRS_SHARED/S11_S12/damage/adl/cal_SHOPA.png,figure,no_generated_output
analysis/HRS/figures/damage_repair_calibration/LR/HRS_SHARED/S11_S12/damage/adl/cal_STOOPA.png,figure,no_generated_output
analysis/HRS/figures/damage_repair_calibration/LR/HRS_SHARED/S11_S12/damage/adl/cal_TOILTA.png,figure,no_generated_output
analysis/HRS/figures/damage_repair_calibration/LR/HRS_SHARED/S11_S12/damage/adl/cal_WALKRA.png,figure,no_generated_output
analysis/HRS/figures/damage_repair_calibration/LR/HRS_SHARED/S11_S12/damage/disease/cal_ARTHRE.png,figure,no_generated_output
analysis/HRS/figures/damage_repair_calibration/LR/HRS_SHARED/S11_S12/damage/disease/cal_CANCRE.png,figure,no_generated_output
analysis/HRS/figures/damage_repair_calibration/LR/HRS_SHARED/S11_S12/damage/disease/cal_DIABE.png,figure,no_generated_output
analysis/HRS/figures/damage_repair_calibration/LR/HRS_SHARED/S11_S12/damage/disease/cal_HEARTE.png,figure,no_generated_output
analysis/HRS/figures/damage_repair_calibration/LR/HRS_SHARED/S11_S12/damage/disease/cal_HIBPE.png,figure,no_generated_output
analysis/HRS/figures/damage_repair_calibration/LR/HRS_SHARED/S11_S12/damage/disease/cal_LUNGE.png,figure,no_generated_output
analysis/HRS/figures/damage_repair_calibration/LR/HRS_SHARED/S11_S12/damage/disease/cal_POOLED_disease.png,figure,no_generated_output
analysis/HRS/figures/damage_repair_calibration/LR/HRS_SHARED/S11_S12/damage/disease/cal_STROKE.png,figure,no_generated_output
analysis/HRS/figures/damage_repair_calibration/LR/HRS_SHARED/S11_S12/repair/adl/cal_ARMSA.png,figure,no_generated_output
analysis/HRS/figures/damage_repair_calibration/LR/HRS_SHARED/S11_S12/repair/adl/cal_BATHA.png,figure,no_generated_output
analysis/HRS/figures/damage_repair_calibration/LR/HRS_SHARED/S11_S12/repair/adl/cal_BEDA.png,figure,no_generated_output
analysis/HRS/figures/damage_repair_calibration/LR/HRS_SHARED/S11_S12/repair/adl/cal_CHAIRA.png,figure,no_generated_output
analysis/HRS/figures/damage_repair_calibration/LR/HRS_SHARED/S11_S12/repair/adl/cal_CLIM1A.png,figure,no_generated_output
analysis/HRS/figures/damage_repair_calibration/LR/HRS_SHARED/S11_S12/repair/adl/cal_CLIMSA.png,figure,no_generated_output
analysis/HRS/figures/damage_repair_calibration/LR/HRS_SHARED/S11_S12/repair/adl/cal_DIMEA.png,figure,no_generated_output
analysis/HRS/figures/damage_repair_calibration/LR/HRS_SHARED/S11_S12/repair/adl/cal_DRESSA.png,figure,no_generated_output
analysis/HRS/figures/damage_repair_calibration/LR/HRS_SHARED/S11_S12/repair/adl/cal_EATA.png,figure,no_generated_output
analysis/HRS/figures/damage_repair_calibration/LR/HRS_SHARED/S11_S12/repair/adl/cal_LIFTA.png,figure,no_generated_output
analysis/HRS/figures/damage_repair_calibration/LR/HRS_SHARED/S11_S12/repair/adl/cal_MONEYA.png,figure,no_generated_output
analysis/HRS/figures/damage_repair_calibration/LR/HRS_SHARED/S11_S12/repair/adl/cal_PHONEA.png,figure,no_generated_output
analysis/HRS/figures/damage_repair_calibration/LR/HRS_SHARED/S11_S12/repair/adl/cal_POOLED_adl.png,figure,no_generated_output
analysis/HRS/figures/damage_repair_calibration/LR/HRS_SHARED/S11_S12/repair/adl/cal_PUSHA.png,figure,no_generated_output
analysis/HRS/figures/damage_repair_calibration/LR/HRS_SHARED/S11_S12/repair/adl/cal_SHOPA.png,figure,no_generated_output
analysis/HRS/figures/damage_repair_calibration/LR/HRS_SHARED/S11_S12/repair/adl/cal_STOOPA.png,figure,no_generated_output
analysis/HRS/figures/damage_repair_calibration/LR/HRS_SHARED/S11_S12/repair/adl/cal_TOILTA.png,figure,no_generated_output
analysis/HRS/figures/damage_repair_calibration/LR/HRS_SHARED/S11_S12/repair/adl/cal_WALKRA.png,figure,no_generated_output
analysis/HRS/figures/damage_repair_calibration/LR/HRS_SHARED/S11_S12/repair/disease/cal_ARTHRE.png,figure,no_generated_output
analysis/HRS/figures/damage_repair_calibration/LR/HRS_SHARED/S11_S12/repair/disease/cal_CANCRE.png,figure,no_generated_output
analysis/HRS/figures/damage_repair_calibration/LR/HRS_SHARED/S11_S12/repair/disease/cal_DIABE.png,figure,no_generated_output
analysis/HRS/figures/damage_repair_calibration/LR/HRS_SHARED/S11_S12/repair/disease/cal_HEARTE.png,figure,no_generated_output
analysis/HRS/figures/damage_repair_calibration/LR/HRS_SHARED/S11_S12/repair/disease/cal_HIBPE.png,figure,no_generated_output
analysis/HRS/figures/damage_repair_calibration/LR/HRS_SHARED/S11_S12/repair/disease/cal_LUNGE.png,figure,no_generated_output
analysis/HRS/figures/damage_repair_calibration/LR/HRS_SHARED/S11_S12/repair/disease/cal_POOLED_disease.png,figure,no_generated_output
analysis/HRS/figures/damage_repair_calibration/LR/HRS_SHARED/S11_S12/repair/disease/cal_STROKE.png,figure,no_generated_output
analysis/HRS/figures/damage_repair_calibration/LR/HRS_SHARED/S12_S13/damage/adl/cal_ARMSA.png,figure,no_generated_output
analysis/HRS/figures/damage_repair_calibration/LR/HRS_SHARED/S12_S13/damage/adl/cal_BATHA.png,figure,no_generated_output
analysis/HRS/figures/damage_repair_calibration/LR/HRS_SHARED/S12_S13/damage/adl/cal_BEDA.png,figure,no_generated_output
analysis/HRS/figures/damage_repair_calibration/LR/HRS_SHARED/S12_S13/damage/adl/cal_CHAIRA.png,figure,no_generated_output
analysis/HRS/figures/damage_repair_calibration/LR/HRS_SHARED/S12_S13/damage/adl/cal_CLIM1A.png,figure,no_generated_output
analysis/HRS/figures/damage_repair_calibration/LR/HRS_SHARED/S12_S13/damage/adl/cal_CLIMSA.png,figure,no_generated_output
analysis/HRS/figures/damage_repair_calibration/LR/HRS_SHARED/S12_S13/damage/adl/cal_DIMEA.png,figure,no_generated_output
analysis/HRS/figures/damage_repair_calibration/LR/HRS_SHARED/S12_S13/damage/adl/cal_DRESSA.png,figure,no_generated_output
analysis/HRS/figures/damage_repair_calibration/LR/HRS_SHARED/S12_S13/damage/adl/cal_EATA.png,figure,no_generated_output
analysis/HRS/figures/damage_repair_calibration/LR/HRS_SHARED/S12_S13/damage/adl/cal_LIFTA.png,figure,no_generated_output
analysis/HRS/figures/damage_repair_calibration/LR/HRS_SHARED/S12_S13/damage/adl/cal_MONEYA.png,figure,no_generated_output
analysis/HRS/figures/damage_repair_calibration/LR/HRS_SHARED/S12_S13/damage/adl/cal_PHONEA.png,figure,no_generated_output
analysis/HRS/figures/damage_repair_calibration/LR/HRS_SHARED/S12_S13/damage/adl/cal_POOLED_adl.png,figure,no_generated_output
analysis/HRS/figures/damage_repair_calibration/LR/HRS_SHARED/S12_S13/damage/adl/cal_PUSHA.png,figure,no_generated_output
analysis/HRS/figures/damage_repair_calibration/LR/HRS_SHARED/S12_S13/damage/adl/cal_SHOPA.png,figure,no_generated_output
analysis/HRS/figures/damage_repair_calibration/LR/HRS_SHARED/S12_S13/damage/adl/cal_STOOPA.png,figure,no_generated_output
analysis/HRS/figures/damage_repair_calibration/LR/HRS_SHARED/S12_S13/damage/adl/cal_TOILTA.png,figure,no_generated_output
analysis/HRS/figures/damage_repair_calibration/LR/HRS_SHARED/S12_S13/damage/adl/cal_WALKRA.png,figure,no_generated_output
analysis/HRS/figures/damage_repair_calibration/LR/HRS_SHARED/S12_S13/damage/disease/cal_ARTHRE.png,figure,no_generated_output
analysis/HRS/figures/damage_repair_calibration/LR/HRS_SHARED/S12_S13/damage/disease/cal_CANCRE.png,figure,no_generated_output
analysis/HRS/figures/damage_repair_calibration/LR/HRS_SHARED/S12_S13/damage/disease/cal_DIABE.png,figure,no_generated_output
analysis/HRS/figures/damage_repair_calibration/LR/HRS_SHARED/S12_S13/damage/disease/cal_HEARTE.png,figure,no_generated_output
analysis/HRS/figures/damage_repair_calibration/LR/HRS_SHARED/S12_S13/damage/disease/cal_HIBPE.png,figure,no_generated_output
analysis/HRS/figures/damage_repair_calibration/LR/HRS_SHARED/S12_S13/damage/disease/cal_LUNGE.png,figure,no_generated_output
analysis/HRS/figures/damage_repair_calibration/LR/HRS_SHARED/S12_S13/damage/disease/cal_POOLED_disease.png,figure,no_generated_output
analysis/HRS/figures/damage_repair_calibration/LR/HRS_SHARED/S12_S13/damage/disease/cal_STROKE.png,figure,no_generated_output
analysis/HRS/figures/damage_repair_calibration/LR/HRS_SHARED/S12_S13/repair/adl/cal_ARMSA.png,figure,no_generated_output
analysis/HRS/figures/damage_repair_calibration/LR/HRS_SHARED/S12_S13/repair/adl/cal_BATHA.png,figure,no_generated_output
analysis/HRS/figures/damage_repair_calibration/LR/HRS_SHARED/S12_S13/repair/adl/cal_BEDA.png,figure,no_generated_output
analysis/HRS/figures/damage_repair_calibration/LR/HRS_SHARED/S12_S13/repair/adl/cal_CHAIRA.png,figure,no_generated_output
analysis/HRS/figures/damage_repair_calibration/LR/HRS_SHARED/S12_S13/repair/adl/cal_CLIM1A.png,figure,no_generated_output
analysis/HRS/figures/damage_repair_calibration/LR/HRS_SHARED/S12_S13/repair/adl/cal_CLIMSA.png,figure,no_generated_output
analysis/HRS/figures/damage_repair_calibration/LR/HRS_SHARED/S12_S13/repair/adl/cal_DIMEA.png,figure,no_generated_output
analysis/HRS/figures/damage_repair_calibration/LR/HRS_SHARED/S12_S13/repair/adl/cal_DRESSA.png,figure,no_generated_output
analysis/HRS/figures/damage_repair_calibration/LR/HRS_SHARED/S12_S13/repair/adl/cal_EATA.png,figure,no_generated_output
analysis/HRS/figures/damage_repair_calibration/LR/HRS_SHARED/S12_S13/repair/adl/cal_LIFTA.png,figure,no_generated_output
analysis/HRS/figures/damage_repair_calibration/LR/HRS_SHARED/S12_S13/repair/adl/cal_MONEYA.png,figure,no_generated_output
analysis/HRS/figures/damage_repair_calibration/LR/HRS_SHARED/S12_S13/repair/adl/cal_PHONEA.png,figure,no_generated_output
analysis/HRS/figures/damage_repair_calibration/LR/HRS_SHARED/S12_S13/repair/adl/cal_POOLED_adl.png,figure,no_generated_output
analysis/HRS/figures/damage_repair_calibration/LR/HRS_SHARED/S12_S13/repair/adl/cal_PUSHA.png,figure,no_generated_output
analysis/HRS/figures/damage_repair_calibration/LR/HRS_SHARED/S12_S13/repair/adl/cal_SHOPA.png,figure,no_generated_output
analysis/HRS/figures/damage_repair_calibration/LR/HRS_SHARED/S12_S13/repair/adl/cal_STOOPA.png,figure,no_generated_output
analysis/HRS/figures/damage_repair_calibration/LR/HRS_SHARED/S12_S13/repair/adl/cal_TOILTA.png,figure,no_generated_output
analysis/HRS/figures/damage_repair_calibration/LR/HRS_SHARED/S12_S13/repair/adl/cal_WALKRA.png,figure,no_generated_output
analysis/HRS/figures/damage_repair_calibration/LR/HRS_SHARED/S12_S13/repair/disease/cal_ARTHRE.png,figure,no_generated_output
analysis/HRS/figures/damage_repair_calibration/LR/HRS_SHARED/S12_S13/repair/disease/cal_CANCRE.png,figure,no_generated_output
analysis/HRS/figures/damage_repair_calibration/LR/HRS_SHARED/S12_S13/repair/disease/cal_DIABE.png,figure,no_generated_output
analysis/HRS/figures/damage_repair_calibration/LR/HRS_SHARED/S12_S13/repair/disease/cal_HEARTE.png,figure,no_generated_output
analysis/HRS/figures/damage_repair_calibration/LR/HRS_SHARED/S12_S13/repair/disease/cal_HIBPE.png,figure,no_generated_output
analysis/HRS/figures/damage_repair_calibration/LR/HRS_SHARED/S12_S13/repair/disease/cal_LUNGE.png,figure,no_generated_output
analysis/HRS/figures/damage_repair_calibration/LR/HRS_SHARED/S12_S13/repair/disease/cal_POOLED_disease.png,figure,no_generated_output
analysis/HRS/figures/damage_repair_calibration/LR/HRS_SHARED/S12_S13/repair/disease/cal_STROKE.png,figure,no_generated_output
analysis/HRS/figures/damage_repair_calibration/LR/HRS_SHARED/S13_S14/damage/adl/cal_ARMSA.png,figure,no_generated_output
analysis/HRS/figures/damage_repair_calibration/LR/HRS_SHARED/S13_S14/damage/adl/cal_BATHA.png,figure,no_generated_output
analysis/HRS/figures/damage_repair_calibration/LR/HRS_SHARED/S13_S14/damage/adl/cal_BEDA.png,figure,no_generated_output
analysis/HRS/figures/damage_repair_calibration/LR/HRS_SHARED/S13_S14/damage/adl/cal_CHAIRA.png,figure,no_generated_output
analysis/HRS/figures/damage_repair_calibration/LR/HRS_SHARED/S13_S14/damage/adl/cal_CLIM1A.png,figure,no_generated_output
analysis/HRS/figures/damage_repair_calibration/LR/HRS_SHARED/S13_S14/damage/adl/cal_CLIMSA.png,figure,no_generated_output
analysis/HRS/figures/damage_repair_calibration/LR/HRS_SHARED/S13_S14/damage/adl/cal_DIMEA.png,figure,no_generated_output
analysis/HRS/figures/damage_repair_calibration/LR/HRS_SHARED/S13_S14/damage/adl/cal_DRESSA.png,figure,no_generated_output
analysis/HRS/figures/damage_repair_calibration/LR/HRS_SHARED/S13_S14/damage/adl/cal_EATA.png,figure,no_generated_output
analysis/HRS/figures/damage_repair_calibration/LR/HRS_SHARED/S13_S14/damage/adl/cal_LIFTA.png,figure,no_generated_output
analysis/HRS/figures/damage_repair_calibration/LR/HRS_SHARED/S13_S14/damage/adl/cal_MONEYA.png,figure,no_generated_output
analysis/HRS/figures/damage_repair_calibration/LR/HRS_SHARED/S13_S14/damage/adl/cal_PHONEA.png,figure,no_generated_output
analysis/HRS/figures/damage_repair_calibration/LR/HRS_SHARED/S13_S14/damage/adl/cal_POOLED_adl.png,figure,no_generated_output
analysis/HRS/figures/damage_repair_calibration/LR/HRS_SHARED/S13_S14/damage/adl/cal_PUSHA.png,figure,no_generated_output
analysis/HRS/figures/damage_repair_calibration/LR/HRS_SHARED/S13_S14/damage/adl/cal_SHOPA.png,figure,no_generated_output
analysis/HRS/figures/damage_repair_calibration/LR/HRS_SHARED/S13_S14/damage/adl/cal_STOOPA.png,figure,no_generated_output
analysis/HRS/figures/damage_repair_calibration/LR/HRS_SHARED/S13_S14/damage/adl/cal_TOILTA.png,figure,no_generated_output
analysis/HRS/figures/damage_repair_calibration/LR/HRS_SHARED/S13_S14/damage/adl/cal_WALKRA.png,figure,no_generated_output
analysis/HRS/figures/damage_repair_calibration/LR/HRS_SHARED/S13_S14/damage/disease/cal_ARTHRE.png,figure,no_generated_output
analysis/HRS/figures/damage_repair_calibration/LR/HRS_SHARED/S13_S14/damage/disease/cal_CANCRE.png,figure,no_generated_output
analysis/HRS/figures/damage_repair_calibration/LR/HRS_SHARED/S13_S14/damage/disease/cal_DIABE.png,figure,no_generated_output
analysis/HRS/figures/damage_repair_calibration/LR/HRS_SHARED/S13_S14/damage/disease/cal_HEARTE.png,figure,no_generated_output
analysis/HRS/figures/damage_repair_calibration/LR/HRS_SHARED/S13_S14/damage/disease/cal_HIBPE.png,figure,no_generated_output
analysis/HRS/figures/damage_repair_calibration/LR/HRS_SHARED/S13_S14/damage/disease/cal_LUNGE.png,figure,no_generated_output
analysis/HRS/figures/damage_repair_calibration/LR/HRS_SHARED/S13_S14/damage/disease/cal_POOLED_disease.png,figure,no_generated_output
analysis/HRS/figures/damage_repair_calibration/LR/HRS_SHARED/S13_S14/damage/disease/cal_STROKE.png,figure,no_generated_output
analysis/HRS/figures/damage_repair_calibration/LR/HRS_SHARED/S13_S14/repair/adl/cal_ARMSA.png,figure,no_generated_output
analysis/HRS/figures/damage_repair_calibration/LR/HRS_SHARED/S13_S14/repair/adl/cal_BATHA.png,figure,no_generated_output
analysis/HRS/figures/damage_repair_calibration/LR/HRS_SHARED/S13_S14/repair/adl/cal_BEDA.png,figure,no_generated_output
analysis/HRS/figures/damage_repair_calibration/LR/HRS_SHARED/S13_S14/repair/adl/cal_CHAIRA.png,figure,no_generated_output
analysis/HRS/figures/damage_repair_calibration/LR/HRS_SHARED/S13_S14/repair/adl/cal_CLIM1A.png,figure,no_generated_output
analysis/HRS/figures/damage_repair_calibration/LR/HRS_SHARED/S13_S14/repair/adl/cal_CLIMSA.png,figure,no_generated_output
analysis/HRS/figures/damage_repair_calibration/LR/HRS_SHARED/S13_S14/repair/adl/cal_DIMEA.png,figure,no_generated_output
analysis/HRS/figures/damage_repair_calibration/LR/HRS_SHARED/S13_S14/repair/adl/cal_DRESSA.png,figure,no_generated_output
analysis/HRS/figures/damage_repair_calibration/LR/HRS_SHARED/S13_S14/repair/adl/cal_EATA.png,figure,no_generated_output
analysis/HRS/figures/damage_repair_calibration/LR/HRS_SHARED/S13_S14/repair/adl/cal_LIFTA.png,figure,no_generated_output
analysis/HRS/figures/damage_repair_calibration/LR/HRS_SHARED/S13_S14/repair/adl/cal_MONEYA.png,figure,no_generated_output
analysis/HRS/figures/damage_repair_calibration/LR/HRS_SHARED/S13_S14/repair/adl/cal_PHONEA.png,figure,no_generated_output
analysis/HRS/figures/damage_repair_calibration/LR/HRS_SHARED/S13_S14/repair/adl/cal_POOLED_adl.png,figure,no_generated_output
analysis/HRS/figures/damage_repair_calibration/LR/HRS_SHARED/S13_S14/repair/adl/cal_PUSHA.png,figure,no_generated_output
analysis/HRS/figures/damage_repair_calibration/LR/HRS_SHARED/S13_S14/repair/adl/cal_SHOPA.png,figure,no_generated_output
analysis/HRS/figures/damage_repair_calibration/LR/HRS_SHARED/S13_S14/repair/adl/cal_STOOPA.png,figure,no_generated_output
analysis/HRS/figures/damage_repair_calibration/LR/HRS_SHARED/S13_S14/repair/adl/cal_TOILTA.png,figure,no_generated_output
analysis/HRS/figures/damage_repair_calibration/LR/HRS_SHARED/S13_S14/repair/adl/cal_WALKRA.png,figure,no_generated_output
analysis/HRS/figures/damage_repair_calibration/LR/HRS_SHARED/S13_S14/repair/disease/cal_ARTHRE.png,figure,no_generated_output
analysis/HRS/figures/damage_repair_calibration/LR/HRS_SHARED/S13_S14/repair/disease/cal_CANCRE.png,figure,no_generated_output
analysis/HRS/figures/damage_repair_calibration/LR/HRS_SHARED/S13_S14/repair/disease/cal_DIABE.png,figure,no_generated_output
analysis/HRS/figures/damage_repair_calibration/LR/HRS_SHARED/S13_S14/repair/disease/cal_HEARTE.png,figure,no_generated_output
analysis/HRS/figures/damage_repair_calibration/LR/HRS_SHARED/S13_S14/repair/disease/cal_HIBPE.png,figure,no_generated_output
analysis/HRS/figures/damage_repair_calibration/LR/HRS_SHARED/S13_S14/repair/disease/cal_LUNGE.png,figure,no_generated_output
analysis/HRS/figures/damage_repair_calibration/LR/HRS_SHARED/S13_S14/repair/disease/cal_POOLED_disease.png,figure,no_generated_output
analysis/HRS/figures/damage_repair_calibration/LR/HRS_SHARED/S13_S14/repair/disease/cal_STROKE.png,figure,no_generated_output
analysis/HRS/figures/damage_repair_calibration/LR/HRS_SHARED/S14_S15/damage/adl/cal_ARMSA.png,figure,no_generated_output
analysis/HRS/figures/damage_repair_calibration/LR/HRS_SHARED/S14_S15/damage/adl/cal_BATHA.png,figure,no_generated_output
analysis/HRS/figures/damage_repair_calibration/LR/HRS_SHARED/S14_S15/damage/adl/cal_BEDA.png,figure,no_generated_output
analysis/HRS/figures/damage_repair_calibration/LR/HRS_SHARED/S14_S15/damage/adl/cal_CHAIRA.png,figure,no_generated_output
analysis/HRS/figures/damage_repair_calibration/LR/HRS_SHARED/S14_S15/damage/adl/cal_CLIM1A.png,figure,no_generated_output
analysis/HRS/figures/damage_repair_calibration/LR/HRS_SHARED/S14_S15/damage/adl/cal_CLIMSA.png,figure,no_generated_output
analysis/HRS/figures/damage_repair_calibration/LR/HRS_SHARED/S14_S15/damage/adl/cal_DIMEA.png,figure,no_generated_output
analysis/HRS/figures/damage_repair_calibration/LR/HRS_SHARED/S14_S15/damage/adl/cal_DRESSA.png,figure,no_generated_output
analysis/HRS/figures/damage_repair_calibration/LR/HRS_SHARED/S14_S15/damage/adl/cal_EATA.png,figure,no_generated_output
analysis/HRS/figures/damage_repair_calibration/LR/HRS_SHARED/S14_S15/damage/adl/cal_LIFTA.png,figure,no_generated_output
analysis/HRS/figures/damage_repair_calibration/LR/HRS_SHARED/S14_S15/damage/adl/cal_MONEYA.png,figure,no_generated_output
analysis/HRS/figures/damage_repair_calibration/LR/HRS_SHARED/S14_S15/damage/adl/cal_PHONEA.png,figure,no_generated_output
analysis/HRS/figures/damage_repair_calibration/LR/HRS_SHARED/S14_S15/damage/adl/cal_POOLED_adl.png,figure,no_generated_output
analysis/HRS/figures/damage_repair_calibration/LR/HRS_SHARED/S14_S15/damage/adl/cal_PUSHA.png,figure,no_generated_output
analysis/HRS/figures/damage_repair_calibration/LR/HRS_SHARED/S14_S15/damage/adl/cal_SHOPA.png,figure,no_generated_output
analysis/HRS/figures/damage_repair_calibration/LR/HRS_SHARED/S14_S15/damage/adl/cal_STOOPA.png,figure,no_generated_output
analysis/HRS/figures/damage_repair_calibration/LR/HRS_SHARED/S14_S15/damage/adl/cal_TOILTA.png,figure,no_generated_output
analysis/HRS/figures/damage_repair_calibration/LR/HRS_SHARED/S14_S15/damage/adl/cal_WALKRA.png,figure,no_generated_output
analysis/HRS/figures/damage_repair_calibration/LR/HRS_SHARED/S14_S15/damage/disease/cal_ARTHRE.png,figure,no_generated_output
analysis/HRS/figures/damage_repair_calibration/LR/HRS_SHARED/S14_S15/damage/disease/cal_CANCRE.png,figure,no_generated_output
analysis/HRS/figures/damage_repair_calibration/LR/HRS_SHARED/S14_S15/damage/disease/cal_DIABE.png,figure,no_generated_output
analysis/HRS/figures/damage_repair_calibration/LR/HRS_SHARED/S14_S15/damage/disease/cal_HEARTE.png,figure,no_generated_output
analysis/HRS/figures/damage_repair_calibration/LR/HRS_SHARED/S14_S15/damage/disease/cal_HIBPE.png,figure,no_generated_output
analysis/HRS/figures/damage_repair_calibration/LR/HRS_SHARED/S14_S15/damage/disease/cal_LUNGE.png,figure,no_generated_output
analysis/HRS/figures/damage_repair_calibration/LR/HRS_SHARED/S14_S15/damage/disease/cal_POOLED_disease.png,figure,no_generated_output
analysis/HRS/figures/damage_repair_calibration/LR/HRS_SHARED/S14_S15/damage/disease/cal_STROKE.png,figure,no_generated_output
analysis/HRS/figures/damage_repair_calibration/LR/HRS_SHARED/S14_S15/repair/adl/cal_ARMSA.png,figure,no_generated_output
analysis/HRS/figures/damage_repair_calibration/LR/HRS_SHARED/S14_S15/repair/adl/cal_BATHA.png,figure,no_generated_output
analysis/HRS/figures/damage_repair_calibration/LR/HRS_SHARED/S14_S15/repair/adl/cal_BEDA.png,figure,no_generated_output
analysis/HRS/figures/damage_repair_calibration/LR/HRS_SHARED/S14_S15/repair/adl/cal_CHAIRA.png,figure,no_generated_output
analysis/HRS/figures/damage_repair_calibration/LR/HRS_SHARED/S14_S15/repair/adl/cal_CLIM1A.png,figure,no_generated_output
analysis/HRS/figures/damage_repair_calibration/LR/HRS_SHARED/S14_S15/repair/adl/cal_CLIMSA.png,figure,no_generated_output
analysis/HRS/figures/damage_repair_calibration/LR/HRS_SHARED/S14_S15/repair/adl/cal_DIMEA.png,figure,no_generated_output
analysis/HRS/figures/damage_repair_calibration/LR/HRS_SHARED/S14_S15/repair/adl/cal_DRESSA.png,figure,no_generated_output
analysis/HRS/figures/damage_repair_calibration/LR/HRS_SHARED/S14_S15/repair/adl/cal_EATA.png,figure,no_generated_output
analysis/HRS/figures/damage_repair_calibration/LR/HRS_SHARED/S14_S15/repair/adl/cal_LIFTA.png,figure,no_generated_output
analysis/HRS/figures/damage_repair_calibration/LR/HRS_SHARED/S14_S15/repair/adl/cal_MONEYA.png,figure,no_generated_output
analysis/HRS/figures/damage_repair_calibration/LR/HRS_SHARED/S14_S15/repair/adl/cal_PHONEA.png,figure,no_generated_output
analysis/HRS/figures/damage_repair_calibration/LR/HRS_SHARED/S14_S15/repair/adl/cal_POOLED_adl.png,figure,no_generated_output
analysis/HRS/figures/damage_repair_calibration/LR/HRS_SHARED/S14_S15/repair/adl/cal_PUSHA.png,figure,no_generated_output
analysis/HRS/figures/damage_repair_calibration/LR/HRS_SHARED/S14_S15/repair/adl/cal_SHOPA.png,figure,no_generated_output
analysis/HRS/figures/damage_repair_calibration/LR/HRS_SHARED/S14_S15/repair/adl/cal_STOOPA.png,figure,no_generated_output
analysis/HRS/figures/damage_repair_calibration/LR/HRS_SHARED/S14_S15/repair/adl/cal_TOILTA.png,figure,no_generated_output
analysis/HRS/figures/damage_repair_calibration/LR/HRS_SHARED/S14_S15/repair/adl/cal_WALKRA.png,figure,no_generated_output
analysis/HRS/figures/damage_repair_calibration/LR/HRS_SHARED/S14_S15/repair/disease/cal_ARTHRE.png,figure,no_generated_output
analysis/HRS/figures/damage_repair_calibration/LR/HRS_SHARED/S14_S15/repair/disease/cal_CANCRE.png,figure,no_generated_output
analysis/HRS/figures/damage_repair_calibration/LR/HRS_SHARED/S14_S15/repair/disease/cal_DIABE.png,figure,no_generated_output
analysis/HRS/figures/damage_repair_calibration/LR/HRS_SHARED/S14_S15/repair/disease/cal_HEARTE.png,figure,no_generated_output
analysis/HRS/figures/damage_repair_calibration/LR/HRS_SHARED/S14_S15/repair/disease/cal_HIBPE.png,figure,no_generated_output
analysis/HRS/figures/damage_repair_calibration/LR/HRS_SHARED/S14_S15/repair/disease/cal_LUNGE.png,figure,no_generated_output
analysis/HRS/figures/damage_repair_calibration/LR/HRS_SHARED/S14_S15/repair/disease/cal_POOLED_disease.png,figure,no_generated_output
analysis/HRS/figures/damage_repair_calibration/LR/HRS_SHARED/S14_S15/repair/disease/cal_STROKE.png,figure,no_generated_output
analysis/HRS/figures/damage_repair_calibration/LR/HRS_SHARED/S6_S7/damage/adl/cal_ARMSA.png,figure,no_generated_output
analysis/HRS/figures/damage_repair_calibration/LR/HRS_SHARED/S6_S7/damage/adl/cal_BATHA.png,figure,no_generated_output
analysis/HRS/figures/damage_repair_calibration/LR/HRS_SHARED/S6_S7/damage/adl/cal_BEDA.png,figure,no_generated_output
analysis/HRS/figures/damage_repair_calibration/LR/HRS_SHARED/S6_S7/damage/adl/cal_CHAIRA.png,figure,no_generated_output
analysis/HRS/figures/damage_repair_calibration/LR/HRS_SHARED/S6_S7/damage/adl/cal_CLIM1A.png,figure,no_generated_output
analysis/HRS/figures/damage_repair_calibration/LR/HRS_SHARED/S6_S7/damage/adl/cal_CLIMSA.png,figure,no_generated_output
analysis/HRS/figures/damage_repair_calibration/LR/HRS_SHARED/S6_S7/damage/adl/cal_DIMEA.png,figure,no_generated_output
analysis/HRS/figures/damage_repair_calibration/LR/HRS_SHARED/S6_S7/damage/adl/cal_DRESSA.png,figure,no_generated_output
analysis/HRS/figures/damage_repair_calibration/LR/HRS_SHARED/S6_S7/damage/adl/cal_EATA.png,figure,no_generated_output
analysis/HRS/figures/damage_repair_calibration/LR/HRS_SHARED/S6_S7/damage/adl/cal_LIFTA.png,figure,no_generated_output
analysis/HRS/figures/damage_repair_calibration/LR/HRS_SHARED/S6_S7/damage/adl/cal_MONEYA.png,figure,no_generated_output
analysis/HRS/figures/damage_repair_calibration/LR/HRS_SHARED/S6_S7/damage/adl/cal_PHONEA.png,figure,no_generated_output
analysis/HRS/figures/damage_repair_calibration/LR/HRS_SHARED/S6_S7/damage/adl/cal_POOLED_adl.png,figure,no_generated_output
analysis/HRS/figures/damage_repair_calibration/LR/HRS_SHARED/S6_S7/damage/adl/cal_PUSHA.png,figure,no_generated_output
analysis/HRS/figures/damage_repair_calibration/LR/HRS_SHARED/S6_S7/damage/adl/cal_SHOPA.png,figure,no_generated_output
analysis/HRS/figures/damage_repair_calibration/LR/HRS_SHARED/S6_S7/damage/adl/cal_STOOPA.png,figure,no_generated_output
analysis/HRS/figures/damage_repair_calibration/LR/HRS_SHARED/S6_S7/damage/adl/cal_TOILTA.png,figure,no_generated_output
analysis/HRS/figures/damage_repair_calibration/LR/HRS_SHARED/S6_S7/damage/adl/cal_WALKRA.png,figure,no_generated_output
analysis/HRS/figures/damage_repair_calibration/LR/HRS_SHARED/S6_S7/damage/disease/cal_ARTHRE.png,figure,no_generated_output
analysis/HRS/figures/damage_repair_calibration/LR/HRS_SHARED/S6_S7/damage/disease/cal_CANCRE.png,figure,no_generated_output
analysis/HRS/figures/damage_repair_calibration/LR/HRS_SHARED/S6_S7/damage/disease/cal_DIABE.png,figure,no_generated_output
analysis/HRS/figures/damage_repair_calibration/LR/HRS_SHARED/S6_S7/damage/disease/cal_HEARTE.png,figure,no_generated_output
analysis/HRS/figures/damage_repair_calibration/LR/HRS_SHARED/S6_S7/damage/disease/cal_HIBPE.png,figure,no_generated_output
analysis/HRS/figures/damage_repair_calibration/LR/HRS_SHARED/S6_S7/damage/disease/cal_LUNGE.png,figure,no_generated_output
analysis/HRS/figures/damage_repair_calibration/LR/HRS_SHARED/S6_S7/damage/disease/cal_POOLED_disease.png,figure,no_generated_output
analysis/HRS/figures/damage_repair_calibration/LR/HRS_SHARED/S6_S7/damage/disease/cal_STROKE.png,figure,no_generated_output
analysis/HRS/figures/damage_repair_calibration/LR/HRS_SHARED/S6_S7/repair/adl/cal_ARMSA.png,figure,no_generated_output
analysis/HRS/figures/damage_repair_calibration/LR/HRS_SHARED/S6_S7/repair/adl/cal_BATHA.png,figure,no_generated_output
analysis/HRS/figures/damage_repair_calibration/LR/HRS_SHARED/S6_S7/repair/adl/cal_BEDA.png,figure,no_generated_output
analysis/HRS/figures/damage_repair_calibration/LR/HRS_SHARED/S6_S7/repair/adl/cal_CHAIRA.png,figure,no_generated_output
analysis/HRS/figures/damage_repair_calibration/LR/HRS_SHARED/S6_S7/repair/adl/cal_CLIM1A.png,figure,no_generated_output
analysis/HRS/figures/damage_repair_calibration/LR/HRS_SHARED/S6_S7/repair/adl/cal_CLIMSA.png,figure,no_generated_output
analysis/HRS/figures/damage_repair_calibration/LR/HRS_SHARED/S6_S7/repair/adl/cal_DIMEA.png,figure,no_generated_output
analysis/HRS/figures/damage_repair_calibration/LR/HRS_SHARED/S6_S7/repair/adl/cal_DRESSA.png,figure,no_generated_output
analysis/HRS/figures/damage_repair_calibration/LR/HRS_SHARED/S6_S7/repair/adl/cal_EATA.png,figure,no_generated_output
analysis/HRS/figures/damage_repair_calibration/LR/HRS_SHARED/S6_S7/repair/adl/cal_LIFTA.png,figure,no_generated_output
analysis/HRS/figures/damage_repair_calibration/LR/HRS_SHARED/S6_S7/repair/adl/cal_MONEYA.png,figure,no_generated_output
analysis/HRS/figures/damage_repair_calibration/LR/HRS_SHARED/S6_S7/repair/adl/cal_PHONEA.png,figure,no_generated_output
analysis/HRS/figures/damage_repair_calibration/LR/HRS_SHARED/S6_S7/repair/adl/cal_POOLED_adl.png,figure,no_generated_output
analysis/HRS/figures/damage_repair_calibration/LR/HRS_SHARED/S6_S7/repair/adl/cal_PUSHA.png,figure,no_generated_output
analysis/HRS/figures/damage_repair_calibration/LR/HRS_SHARED/S6_S7/repair/adl/cal_SHOPA.png,figure,no_generated_output
analysis/HRS/figures/damage_repair_calibration/LR/HRS_SHARED/S6_S7/repair/adl/cal_STOOPA.png,figure,no_generated_output
analysis/HRS/figures/damage_repair_calibration/LR/HRS_SHARED/S6_S7/repair/adl/cal_TOILTA.png,figure,no_generated_output
analysis/HRS/figures/damage_repair_calibration/LR/HRS_SHARED/S6_S7/repair/adl/cal_WALKRA.png,figure,no_generated_output
analysis/HRS/figures/damage_repair_calibration/LR/HRS_SHARED/S6_S7/repair/disease/cal_ARTHRE.png,figure,no_generated_output
analysis/HRS/figures/damage_repair_calibration/LR/HRS_SHARED/S6_S7/repair/disease/cal_CANCRE.png,figure,no_generated_output
analysis/HRS/figures/damage_repair_calibration/LR/HRS_SHARED/S6_S7/repair/disease/cal_DIABE.png,figure,no_generated_output
analysis/HRS/figures/damage_repair_calibration/LR/HRS_SHARED/S6_S7/repair/disease/cal_HEARTE.png,figure,no_generated_output
analysis/HRS/figures/damage_repair_calibration/LR/HRS_SHARED/S6_S7/repair/disease/cal_HIBPE.png,figure,no_generated_output
analysis/HRS/figures/damage_repair_calibration/LR/HRS_SHARED/S6_S7/repair/disease/cal_LUNGE.png,figure,no_generated_output
analysis/HRS/figures/damage_repair_calibration/LR/HRS_SHARED/S6_S7/repair/disease/cal_POOLED_disease.png,figure,no_generated_output
analysis/HRS/figures/damage_repair_calibration/LR/HRS_SHARED/S6_S7/repair/disease/cal_STROKE.png,figure,no_generated_output
analysis/HRS/figures/damage_repair_calibration/LR/HRS_SHARED/S7_S8/damage/adl/cal_ARMSA.png,figure,no_generated_output
analysis/HRS/figures/damage_repair_calibration/LR/HRS_SHARED/S7_S8/damage/adl/cal_BATHA.png,figure,no_generated_output
analysis/HRS/figures/damage_repair_calibration/LR/HRS_SHARED/S7_S8/damage/adl/cal_BEDA.png,figure,no_generated_output
analysis/HRS/figures/damage_repair_calibration/LR/HRS_SHARED/S7_S8/damage/adl/cal_CHAIRA.png,figure,no_generated_output
analysis/HRS/figures/damage_repair_calibration/LR/HRS_SHARED/S7_S8/damage/adl/cal_CLIM1A.png,figure,no_generated_output
analysis/HRS/figures/damage_repair_calibration/LR/HRS_SHARED/S7_S8/damage/adl/cal_CLIMSA.png,figure,no_generated_output
analysis/HRS/figures/damage_repair_calibration/LR/HRS_SHARED/S7_S8/damage/adl/cal_DIMEA.png,figure,no_generated_output
analysis/HRS/figures/damage_repair_calibration/LR/HRS_SHARED/S7_S8/damage/adl/cal_DRESSA.png,figure,no_generated_output
analysis/HRS/figures/damage_repair_calibration/LR/HRS_SHARED/S7_S8/damage/adl/cal_EATA.png,figure,no_generated_output
analysis/HRS/figures/damage_repair_calibration/LR/HRS_SHARED/S7_S8/damage/adl/cal_LIFTA.png,figure,no_generated_output
analysis/HRS/figures/damage_repair_calibration/LR/HRS_SHARED/S7_S8/damage/adl/cal_MONEYA.png,figure,no_generated_output
analysis/HRS/figures/damage_repair_calibration/LR/HRS_SHARED/S7_S8/damage/adl/cal_PHONEA.png,figure,no_generated_output
analysis/HRS/figures/damage_repair_calibration/LR/HRS_SHARED/S7_S8/damage/adl/cal_POOLED_adl.png,figure,no_generated_output
analysis/HRS/figures/damage_repair_calibration/LR/HRS_SHARED/S7_S8/damage/adl/cal_PUSHA.png,figure,no_generated_output
analysis/HRS/figures/damage_repair_calibration/LR/HRS_SHARED/S7_S8/damage/adl/cal_SHOPA.png,figure,no_generated_output
analysis/HRS/figures/damage_repair_calibration/LR/HRS_SHARED/S7_S8/damage/adl/cal_STOOPA.png,figure,no_generated_output
analysis/HRS/figures/damage_repair_calibration/LR/HRS_SHARED/S7_S8/damage/adl/cal_TOILTA.png,figure,no_generated_output
analysis/HRS/figures/damage_repair_calibration/LR/HRS_SHARED/S7_S8/damage/adl/cal_WALKRA.png,figure,no_generated_output
analysis/HRS/figures/damage_repair_calibration/LR/HRS_SHARED/S7_S8/damage/disease/cal_ARTHRE.png,figure,no_generated_output
analysis/HRS/figures/damage_repair_calibration/LR/HRS_SHARED/S7_S8/damage/disease/cal_CANCRE.png,figure,no_generated_output
analysis/HRS/figures/damage_repair_calibration/LR/HRS_SHARED/S7_S8/damage/disease/cal_DIABE.png,figure,no_generated_output
analysis/HRS/figures/damage_repair_calibration/LR/HRS_SHARED/S7_S8/damage/disease/cal_HEARTE.png,figure,no_generated_output
analysis/HRS/figures/damage_repair_calibration/LR/HRS_SHARED/S7_S8/damage/disease/cal_HIBPE.png,figure,no_generated_output
analysis/HRS/figures/damage_repair_calibration/LR/HRS_SHARED/S7_S8/damage/disease/cal_LUNGE.png,figure,no_generated_output
analysis/HRS/figures/damage_repair_calibration/LR/HRS_SHARED/S7_S8/damage/disease/cal_POOLED_disease.png,figure,no_generated_output
analysis/HRS/figures/damage_repair_calibration/LR/HRS_SHARED/S7_S8/damage/disease/cal_STROKE.png,figure,no_generated_output
analysis/HRS/figures/damage_repair_calibration/LR/HRS_SHARED/S7_S8/repair/adl/cal_ARMSA.png,figure,no_generated_output
analysis/HRS/figures/damage_repair_calibration/LR/HRS_SHARED/S7_S8/repair/adl/cal_BATHA.png,figure,no_generated_output
analysis/HRS/figures/damage_repair_calibration/LR/HRS_SHARED/S7_S8/repair/adl/cal_BEDA.png,figure,no_generated_output
analysis/HRS/figures/damage_repair_calibration/LR/HRS_SHARED/S7_S8/repair/adl/cal_CHAIRA.png,figure,no_generated_output
analysis/HRS/figures/damage_repair_calibration/LR/HRS_SHARED/S7_S8/repair/adl/cal_CLIM1A.png,figure,no_generated_output
analysis/HRS/figures/damage_repair_calibration/LR/HRS_SHARED/S7_S8/repair/adl/cal_CLIMSA.png,figure,no_generated_output
analysis/HRS/figures/damage_repair_calibration/LR/HRS_SHARED/S7_S8/repair/adl/cal_DIMEA.png,figure,no_generated_output
analysis/HRS/figures/damage_repair_calibration/LR/HRS_SHARED/S7_S8/repair/adl/cal_DRESSA.png,figure,no_generated_output
analysis/HRS/figures/damage_repair_calibration/LR/HRS_SHARED/S7_S8/repair/adl/cal_EATA.png,figure,no_generated_output
analysis/HRS/figures/damage_repair_calibration/LR/HRS_SHARED/S7_S8/repair/adl/cal_LIFTA.png,figure,no_generated_output
analysis/HRS/figures/damage_repair_calibration/LR/HRS_SHARED/S7_S8/repair/adl/cal_MONEYA.png,figure,no_generated_output
analysis/HRS/figures/damage_repair_calibration/LR/HRS_SHARED/S7_S8/repair/adl/cal_PHONEA.png,figure,no_generated_output
analysis/HRS/figures/damage_repair_calibration/LR/HRS_SHARED/S7_S8/repair/adl/cal_POOLED_adl.png,figure,no_generated_output
analysis/HRS/figures/damage_repair_calibration/LR/HRS_SHARED/S7_S8/repair/adl/cal_PUSHA.png,figure,no_generated_output
analysis/HRS/figures/damage_repair_calibration/LR/HRS_SHARED/S7_S8/repair/adl/cal_SHOPA.png,figure,no_generated_output
analysis/HRS/figures/damage_repair_calibration/LR/HRS_SHARED/S7_S8/repair/adl/cal_STOOPA.png,figure,no_generated_output
analysis/HRS/figures/damage_repair_calibration/LR/HRS_SHARED/S7_S8/repair/adl/cal_TOILTA.png,figure,no_generated_output
analysis/HRS/figures/damage_repair_calibration/LR/HRS_SHARED/S7_S8/repair/adl/cal_WALKRA.png,figure,no_generated_output
analysis/HRS/figures/damage_repair_calibration/LR/HRS_SHARED/S7_S8/repair/disease/cal_ARTHRE.png,figure,no_generated_output
analysis/HRS/figures/damage_repair_calibration/LR/HRS_SHARED/S7_S8/repair/disease/cal_CANCRE.png,figure,no_generated_output
analysis/HRS/figures/damage_repair_calibration/LR/HRS_SHARED/S7_S8/repair/disease/cal_DIABE.png,figure,no_generated_output
analysis/HRS/figures/damage_repair_calibration/LR/HRS_SHARED/S7_S8/repair/disease/cal_HEARTE.png,figure,no_generated_output
analysis/HRS/figures/damage_repair_calibration/LR/HRS_SHARED/S7_S8/repair/disease/cal_HIBPE.png,figure,no_generated_output
analysis/HRS/figures/damage_repair_calibration/LR/HRS_SHARED/S7_S8/repair/disease/cal_LUNGE.png,figure,no_generated_output
analysis/HRS/figures/damage_repair_calibration/LR/HRS_SHARED/S7_S8/repair/disease/cal_POOLED_disease.png,figure,no_generated_output
analysis/HRS/figures/damage_repair_calibration/LR/HRS_SHARED/S7_S8/repair/disease/cal_STROKE.png,figure,no_generated_output
analysis/HRS/figures/damage_repair_calibration/LR/HRS_SHARED/S8_S9/damage/adl/cal_ARMSA.png,figure,no_generated_output
analysis/HRS/figures/damage_repair_calibration/LR/HRS_SHARED/S8_S9/damage/adl/cal_BATHA.png,figure,no_generated_output
analysis/HRS/figures/damage_repair_calibration/LR/HRS_SHARED/S8_S9/damage/adl/cal_BEDA.png,figure,no_generated_output
analysis/HRS/figures/damage_repair_calibration/LR/HRS_SHARED/S8_S9/damage/adl/cal_CHAIRA.png,figure,no_generated_output
analysis/HRS/figures/damage_repair_calibration/LR/HRS_SHARED/S8_S9/damage/adl/cal_CLIM1A.png,figure,no_generated_output
analysis/HRS/figures/damage_repair_calibration/LR/HRS_SHARED/S8_S9/damage/adl/cal_CLIMSA.png,figure,no_generated_output
analysis/HRS/figures/damage_repair_calibration/LR/HRS_SHARED/S8_S9/damage/adl/cal_DIMEA.png,figure,no_generated_output
analysis/HRS/figures/damage_repair_calibration/LR/HRS_SHARED/S8_S9/damage/adl/cal_DRESSA.png,figure,no_generated_output
analysis/HRS/figures/damage_repair_calibration/LR/HRS_SHARED/S8_S9/damage/adl/cal_EATA.png,figure,no_generated_output
analysis/HRS/figures/damage_repair_calibration/LR/HRS_SHARED/S8_S9/damage/adl/cal_LIFTA.png,figure,no_generated_output
analysis/HRS/figures/damage_repair_calibration/LR/HRS_SHARED/S8_S9/damage/adl/cal_MONEYA.png,figure,no_generated_output
analysis/HRS/figures/damage_repair_calibration/LR/HRS_SHARED/S8_S9/damage/adl/cal_PHONEA.png,figure,no_generated_output
analysis/HRS/figures/damage_repair_calibration/LR/HRS_SHARED/S8_S9/damage/adl/cal_POOLED_adl.png,figure,no_generated_output
analysis/HRS/figures/damage_repair_calibration/LR/HRS_SHARED/S8_S9/damage/adl/cal_PUSHA.png,figure,no_generated_output
analysis/HRS/figures/damage_repair_calibration/LR/HRS_SHARED/S8_S9/damage/adl/cal_SHOPA.png,figure,no_generated_output
analysis/HRS/figures/damage_repair_calibration/LR/HRS_SHARED/S8_S9/damage/adl/cal_STOOPA.png,figure,no_generated_output
analysis/HRS/figures/damage_repair_calibration/LR/HRS_SHARED/S8_S9/damage/adl/cal_TOILTA.png,figure,no_generated_output
analysis/HRS/figures/damage_repair_calibration/LR/HRS_SHARED/S8_S9/damage/adl/cal_WALKRA.png,figure,no_generated_output
analysis/HRS/figures/damage_repair_calibration/LR/HRS_SHARED/S8_S9/damage/disease/cal_ARTHRE.png,figure,no_generated_output
analysis/HRS/figures/damage_repair_calibration/LR/HRS_SHARED/S8_S9/damage/disease/cal_CANCRE.png,figure,no_generated_output
analysis/HRS/figures/damage_repair_calibration/LR/HRS_SHARED/S8_S9/damage/disease/cal_DIABE.png,figure,no_generated_output
analysis/HRS/figures/damage_repair_calibration/LR/HRS_SHARED/S8_S9/damage/disease/cal_HEARTE.png,figure,no_generated_output
analysis/HRS/figures/damage_repair_calibration/LR/HRS_SHARED/S8_S9/damage/disease/cal_HIBPE.png,figure,no_generated_output
analysis/HRS/figures/damage_repair_calibration/LR/HRS_SHARED/S8_S9/damage/disease/cal_LUNGE.png,figure,no_generated_output
analysis/HRS/figures/damage_repair_calibration/LR/HRS_SHARED/S8_S9/damage/disease/cal_POOLED_disease.png,figure,no_generated_output
analysis/HRS/figures/damage_repair_calibration/LR/HRS_SHARED/S8_S9/damage/disease/cal_STROKE.png,figure,no_generated_output
analysis/HRS/figures/damage_repair_calibration/LR/HRS_SHARED/S8_S9/repair/adl/cal_ARMSA.png,figure,no_generated_output
analysis/HRS/figures/damage_repair_calibration/LR/HRS_SHARED/S8_S9/repair/adl/cal_BATHA.png,figure,no_generated_output
analysis/HRS/figures/damage_repair_calibration/LR/HRS_SHARED/S8_S9/repair/adl/cal_BEDA.png,figure,no_generated_output
analysis/HRS/figures/damage_repair_calibration/LR/HRS_SHARED/S8_S9/repair/adl/cal_CHAIRA.png,figure,no_generated_output
analysis/HRS/figures/damage_repair_calibration/LR/HRS_SHARED/S8_S9/repair/adl/cal_CLIM1A.png,figure,no_generated_output
analysis/HRS/figures/damage_repair_calibration/LR/HRS_SHARED/S8_S9/repair/adl/cal_CLIMSA.png,figure,no_generated_output
analysis/HRS/figures/damage_repair_calibration/LR/HRS_SHARED/S8_S9/repair/adl/cal_DIMEA.png,figure,no_generated_output
analysis/HRS/figures/damage_repair_calibration/LR/HRS_SHARED/S8_S9/repair/adl/cal_DRESSA.png,figure,no_generated_output
analysis/HRS/figures/damage_repair_calibration/LR/HRS_SHARED/S8_S9/repair/adl/cal_EATA.png,figure,no_generated_output
analysis/HRS/figures/damage_repair_calibration/LR/HRS_SHARED/S8_S9/repair/adl/cal_LIFTA.png,figure,no_generated_output
analysis/HRS/figures/damage_repair_calibration/LR/HRS_SHARED/S8_S9/repair/adl/cal_MONEYA.png,figure,no_generated_output
analysis/HRS/figures/damage_repair_calibration/LR/HRS_SHARED/S8_S9/repair/adl/cal_PHONEA.png,figure,no_generated_output
analysis/HRS/figures/damage_repair_calibration/LR/HRS_SHARED/S8_S9/repair/adl/cal_POOLED_adl.png,figure,no_generated_output
analysis/HRS/figures/damage_repair_calibration/LR/HRS_SHARED/S8_S9/repair/adl/cal_PUSHA.png,figure,no_generated_output
analysis/HRS/figures/damage_repair_calibration/LR/HRS_SHARED/S8_S9/repair/adl/cal_SHOPA.png,figure,no_generated_output
analysis/HRS/figures/damage_repair_calibration/LR/HRS_SHARED/S8_S9/repair/adl/cal_STOOPA.png,figure,no_generated_output
analysis/HRS/figures/damage_repair_calibration/LR/HRS_SHARED/S8_S9/repair/adl/cal_TOILTA.png,figure,no_generated_output
analysis/HRS/figures/damage_repair_calibration/LR/HRS_SHARED/S8_S9/repair/adl/cal_WALKRA.png,figure,no_generated_output
analysis/HRS/figures/damage_repair_calibration/LR/HRS_SHARED/S8_S9/repair/disease/cal_ARTHRE.png,figure,no_generated_output
analysis/HRS/figures/damage_repair_calibration/LR/HRS_SHARED/S8_S9/repair/disease/cal_CANCRE.png,figure,no_generated_output
analysis/HRS/figures/damage_repair_calibration/LR/HRS_SHARED/S8_S9/repair/disease/cal_DIABE.png,figure,no_generated_output
analysis/HRS/figures/damage_repair_calibration/LR/HRS_SHARED/S8_S9/repair/disease/cal_HEARTE.png,figure,no_generated_output
analysis/HRS/figures/damage_repair_calibration/LR/HRS_SHARED/S8_S9/repair/disease/cal_HIBPE.png,figure,no_generated_output
analysis/HRS/figures/damage_repair_calibration/LR/HRS_SHARED/S8_S9/repair/disease/cal_LUNGE.png,figure,no_generated_output
analysis/HRS/figures/damage_repair_calibration/LR/HRS_SHARED/S8_S9/repair/disease/cal_POOLED_disease.png,figure,no_generated_output
analysis/HRS/figures/damage_repair_calibration/LR/HRS_SHARED/S8_S9/repair/disease/cal_STROKE.png,figure,no_generated_output
analysis/HRS/figures/damage_repair_calibration/LR/HRS_SHARED/S9_S10/damage/adl/cal_ARMSA.png,figure,no_generated_output
analysis/HRS/figures/damage_repair_calibration/LR/HRS_SHARED/S9_S10/damage/adl/cal_BATHA.png,figure,no_generated_output
analysis/HRS/figures/damage_repair_calibration/LR/HRS_SHARED/S9_S10/damage/adl/cal_BEDA.png,figure,no_generated_output
analysis/HRS/figures/damage_repair_calibration/LR/HRS_SHARED/S9_S10/damage/adl/cal_CHAIRA.png,figure,no_generated_output
analysis/HRS/figures/damage_repair_calibration/LR/HRS_SHARED/S9_S10/damage/adl/cal_CLIM1A.png,figure,no_generated_output
analysis/HRS/figures/damage_repair_calibration/LR/HRS_SHARED/S9_S10/damage/adl/cal_CLIMSA.png,figure,no_generated_output
analysis/HRS/figures/damage_repair_calibration/LR/HRS_SHARED/S9_S10/damage/adl/cal_DIMEA.png,figure,no_generated_output
analysis/HRS/figures/damage_repair_calibration/LR/HRS_SHARED/S9_S10/damage/adl/cal_DRESSA.png,figure,no_generated_output
analysis/HRS/figures/damage_repair_calibration/LR/HRS_SHARED/S9_S10/damage/adl/cal_EATA.png,figure,no_generated_output
analysis/HRS/figures/damage_repair_calibration/LR/HRS_SHARED/S9_S10/damage/adl/cal_LIFTA.png,figure,no_generated_output
analysis/HRS/figures/damage_repair_calibration/LR/HRS_SHARED/S9_S10/damage/adl/cal_MONEYA.png,figure,no_generated_output
analysis/HRS/figures/damage_repair_calibration/LR/HRS_SHARED/S9_S10/damage/adl/cal_PHONEA.png,figure,no_generated_output
analysis/HRS/figures/damage_repair_calibration/LR/HRS_SHARED/S9_S10/damage/adl/cal_POOLED_adl.png,figure,no_generated_output
analysis/HRS/figures/damage_repair_calibration/LR/HRS_SHARED/S9_S10/damage/adl/cal_PUSHA.png,figure,no_generated_output
analysis/HRS/figures/damage_repair_calibration/LR/HRS_SHARED/S9_S10/damage/adl/cal_SHOPA.png,figure,no_generated_output
analysis/HRS/figures/damage_repair_calibration/LR/HRS_SHARED/S9_S10/damage/adl/cal_STOOPA.png,figure,no_generated_output
analysis/HRS/figures/damage_repair_calibration/LR/HRS_SHARED/S9_S10/damage/adl/cal_TOILTA.png,figure,no_generated_output
analysis/HRS/figures/damage_repair_calibration/LR/HRS_SHARED/S9_S10/damage/adl/cal_WALKRA.png,figure,no_generated_output
analysis/HRS/figures/damage_repair_calibration/LR/HRS_SHARED/S9_S10/damage/disease/cal_ARTHRE.png,figure,no_generated_output
analysis/HRS/figures/damage_repair_calibration/LR/HRS_SHARED/S9_S10/damage/disease/cal_CANCRE.png,figure,no_generated_output
analysis/HRS/figures/damage_repair_calibration/LR/HRS_SHARED/S9_S10/damage/disease/cal_DIABE.png,figure,no_generated_output
analysis/HRS/figures/damage_repair_calibration/LR/HRS_SHARED/S9_S10/damage/disease/cal_HEARTE.png,figure,no_generated_output
analysis/HRS/figures/damage_repair_calibration/LR/HRS_SHARED/S9_S10/damage/disease/cal_HIBPE.png,figure,no_generated_output
analysis/HRS/figures/damage_repair_calibration/LR/HRS_SHARED/S9_S10/damage/disease/cal_LUNGE.png,figure,no_generated_output
analysis/HRS/figures/damage_repair_calibration/LR/HRS_SHARED/S9_S10/damage/disease/cal_POOLED_disease.png,figure,no_generated_output
analysis/HRS/figures/damage_repair_calibration/LR/HRS_SHARED/S9_S10/damage/disease/cal_STROKE.png,figure,no_generated_output
analysis/HRS/figures/damage_repair_calibration/LR/HRS_SHARED/S9_S10/repair/adl/cal_ARMSA.png,figure,no_generated_output
analysis/HRS/figures/damage_repair_calibration/LR/HRS_SHARED/S9_S10/repair/adl/cal_BATHA.png,figure,no_generated_output
analysis/HRS/figures/damage_repair_calibration/LR/HRS_SHARED/S9_S10/repair/adl/cal_BEDA.png,figure,no_generated_output
analysis/HRS/figures/damage_repair_calibration/LR/HRS_SHARED/S9_S10/repair/adl/cal_CHAIRA.png,figure,no_generated_output
analysis/HRS/figures/damage_repair_calibration/LR/HRS_SHARED/S9_S10/repair/adl/cal_CLIM1A.png,figure,no_generated_output
analysis/HRS/figures/damage_repair_calibration/LR/HRS_SHARED/S9_S10/repair/adl/cal_CLIMSA.png,figure,no_generated_output
analysis/HRS/figures/damage_repair_calibration/LR/HRS_SHARED/S9_S10/repair/adl/cal_DIMEA.png,figure,no_generated_output
analysis/HRS/figures/damage_repair_calibration/LR/HRS_SHARED/S9_S10/repair/adl/cal_DRESSA.png,figure,no_generated_output
analysis/HRS/figures/damage_repair_calibration/LR/HRS_SHARED/S9_S10/repair/adl/cal_EATA.png,figure,no_generated_output
analysis/HRS/figures/damage_repair_calibration/LR/HRS_SHARED/S9_S10/repair/adl/cal_LIFTA.png,figure,no_generated_output
analysis/HRS/figures/damage_repair_calibration/LR/HRS_SHARED/S9_S10/repair/adl/cal_MONEYA.png,figure,no_generated_output
analysis/HRS/figures/damage_repair_calibration/LR/HRS_SHARED/S9_S10/repair/adl/cal_PHONEA.png,figure,no_generated_output
analysis/HRS/figures/damage_repair_calibration/LR/HRS_SHARED/S9_S10/repair/adl/cal_POOLED_adl.png,figure,no_generated_output
analysis/HRS/figures/damage_repair_calibration/LR/HRS_SHARED/S9_S10/repair/adl/cal_PUSHA.png,figure,no_generated_output
analysis/HRS/figures/damage_repair_calibration/LR/HRS_SHARED/S9_S10/repair/adl/cal_SHOPA.png,figure,no_generated_output
analysis/HRS/figures/damage_repair_calibration/LR/HRS_SHARED/S9_S10/repair/adl/cal_STOOPA.png,figure,no_generated_output
analysis/HRS/figures/damage_repair_calibration/LR/HRS_SHARED/S9_S10/repair/adl/cal_TOILTA.png,figure,no_generated_output
analysis/HRS/figures/damage_repair_calibration/LR/HRS_SHARED/S9_S10/repair/adl/cal_WALKRA.png,figure,no_generated_output
analysis/HRS/figures/damage_repair_calibration/LR/HRS_SHARED/S9_S10/repair/disease/cal_ARTHRE.png,figure,no_generated_output
analysis/HRS/figures/damage_repair_calibration/LR/HRS_SHARED/S9_S10/repair/disease/cal_CANCRE.png,figure,no_generated_output
analysis/HRS/figures/damage_repair_calibration/LR/HRS_SHARED/S9_S10/repair/disease/cal_DIABE.png,figure,no_generated_output
analysis/HRS/figures/damage_repair_calibration/LR/HRS_SHARED/S9_S10/repair/disease/cal_HEARTE.png,figure,no_generated_output
analysis/HRS/figures/damage_repair_calibration/LR/HRS_SHARED/S9_S10/repair/disease/cal_HIBPE.png,figure,no_generated_output
analysis/HRS/figures/damage_repair_calibration/LR/HRS_SHARED/S9_S10/repair/disease/cal_LUNGE.png,figure,no_generated_output
analysis/HRS/figures/damage_repair_calibration/LR/HRS_SHARED/S9_S10/repair/disease/cal_POOLED_disease.png,figure,no_generated_output
analysis/HRS/figures/damage_repair_calibration/LR/HRS_SHARED/S9_S10/repair/disease/cal_STROKE.png,figure,no_generated_output
analysis/HRS/figures/damage_repair_calibration_loglog/DNN/HRS_SHARED/S10_S11/damage/adl/cal_ARMSA.png,figure,no_generated_output
analysis/HRS/figures/damage_repair_calibration_loglog/DNN/HRS_SHARED/S10_S11/damage/adl/cal_BATHA.png,figure,no_generated_output
analysis/HRS/figures/damage_repair_calibration_loglog/DNN/HRS_SHARED/S10_S11/damage/adl/cal_BEDA.png,figure,no_generated_output
analysis/HRS/figures/damage_repair_calibration_loglog/DNN/HRS_SHARED/S10_S11/damage/adl/cal_CHAIRA.png,figure,no_generated_output
analysis/HRS/figures/damage_repair_calibration_loglog/DNN/HRS_SHARED/S10_S11/damage/adl/cal_CLIM1A.png,figure,no_generated_output
analysis/HRS/figures/damage_repair_calibration_loglog/DNN/HRS_SHARED/S10_S11/damage/adl/cal_CLIMSA.png,figure,no_generated_output
analysis/HRS/figures/damage_repair_calibration_loglog/DNN/HRS_SHARED/S10_S11/damage/adl/cal_DIMEA.png,figure,no_generated_output
analysis/HRS/figures/damage_repair_calibration_loglog/DNN/HRS_SHARED/S10_S11/damage/adl/cal_DRESSA.png,figure,no_generated_output
analysis/HRS/figures/damage_repair_calibration_loglog/DNN/HRS_SHARED/S10_S11/damage/adl/cal_EATA.png,figure,no_generated_output
analysis/HRS/figures/damage_repair_calibration_loglog/DNN/HRS_SHARED/S10_S11/damage/adl/cal_LIFTA.png,figure,no_generated_output
analysis/HRS/figures/damage_repair_calibration_loglog/DNN/HRS_SHARED/S10_S11/damage/adl/cal_MONEYA.png,figure,no_generated_output
analysis/HRS/figures/damage_repair_calibration_loglog/DNN/HRS_SHARED/S10_S11/damage/adl/cal_PHONEA.png,figure,no_generated_output
analysis/HRS/figures/damage_repair_calibration_loglog/DNN/HRS_SHARED/S10_S11/damage/adl/cal_POOLED_adl.png,figure,no_generated_output
analysis/HRS/figures/damage_repair_calibration_loglog/DNN/HRS_SHARED/S10_S11/damage/adl/cal_PUSHA.png,figure,no_generated_output
analysis/HRS/figures/damage_repair_calibration_loglog/DNN/HRS_SHARED/S10_S11/damage/adl/cal_SHOPA.png,figure,no_generated_output
analysis/HRS/figures/damage_repair_calibration_loglog/DNN/HRS_SHARED/S10_S11/damage/adl/cal_STOOPA.png,figure,no_generated_output
analysis/HRS/figures/damage_repair_calibration_loglog/DNN/HRS_SHARED/S10_S11/damage/adl/cal_TOILTA.png,figure,no_generated_output
analysis/HRS/figures/damage_repair_calibration_loglog/DNN/HRS_SHARED/S10_S11/damage/adl/cal_WALKRA.png,figure,no_generated_output
analysis/HRS/figures/damage_repair_calibration_loglog/DNN/HRS_SHARED/S10_S11/damage/disease/cal_ARTHRE.png,figure,no_generated_output
analysis/HRS/figures/damage_repair_calibration_loglog/DNN/HRS_SHARED/S10_S11/damage/disease/cal_CANCRE.png,figure,no_generated_output
analysis/HRS/figures/damage_repair_calibration_loglog/DNN/HRS_SHARED/S10_S11/damage/disease/cal_DIABE.png,figure,no_generated_output
analysis/HRS/figures/damage_repair_calibration_loglog/DNN/HRS_SHARED/S10_S11/damage/disease/cal_HEARTE.png,figure,no_generated_output
analysis/HRS/figures/damage_repair_calibration_loglog/DNN/HRS_SHARED/S10_S11/damage/disease/cal_HIBPE.png,figure,no_generated_output
analysis/HRS/figures/damage_repair_calibration_loglog/DNN/HRS_SHARED/S10_S11/damage/disease/cal_LUNGE.png,figure,no_generated_output
analysis/HRS/figures/damage_repair_calibration_loglog/DNN/HRS_SHARED/S10_S11/damage/disease/cal_POOLED_disease.png,figure,no_generated_output
analysis/HRS/figures/damage_repair_calibration_loglog/DNN/HRS_SHARED/S10_S11/damage/disease/cal_STROKE.png,figure,no_generated_output
analysis/HRS/figures/damage_repair_calibration_loglog/DNN/HRS_SHARED/S10_S11/repair/adl/cal_ARMSA.png,figure,no_generated_output
analysis/HRS/figures/damage_repair_calibration_loglog/DNN/HRS_SHARED/S10_S11/repair/adl/cal_BATHA.png,figure,no_generated_output
analysis/HRS/figures/damage_repair_calibration_loglog/DNN/HRS_SHARED/S10_S11/repair/adl/cal_BEDA.png,figure,no_generated_output
analysis/HRS/figures/damage_repair_calibration_loglog/DNN/HRS_SHARED/S10_S11/repair/adl/cal_CHAIRA.png,figure,no_generated_output
analysis/HRS/figures/damage_repair_calibration_loglog/DNN/HRS_SHARED/S10_S11/repair/adl/cal_CLIM1A.png,figure,no_generated_output
analysis/HRS/figures/damage_repair_calibration_loglog/DNN/HRS_SHARED/S10_S11/repair/adl/cal_CLIMSA.png,figure,no_generated_output
analysis/HRS/figures/damage_repair_calibration_loglog/DNN/HRS_SHARED/S10_S11/repair/adl/cal_DIMEA.png,figure,no_generated_output
analysis/HRS/figures/damage_repair_calibration_loglog/DNN/HRS_SHARED/S10_S11/repair/adl/cal_DRESSA.png,figure,no_generated_output
analysis/HRS/figures/damage_repair_calibration_loglog/DNN/HRS_SHARED/S10_S11/repair/adl/cal_EATA.png,figure,no_generated_output
analysis/HRS/figures/damage_repair_calibration_loglog/DNN/HRS_SHARED/S10_S11/repair/adl/cal_LIFTA.png,figure,no_generated_output
analysis/HRS/figures/damage_repair_calibration_loglog/DNN/HRS_SHARED/S10_S11/repair/adl/cal_MONEYA.png,figure,no_generated_output
analysis/HRS/figures/damage_repair_calibration_loglog/DNN/HRS_SHARED/S10_S11/repair/adl/cal_PHONEA.png,figure,no_generated_output
analysis/HRS/figures/damage_repair_calibration_loglog/DNN/HRS_SHARED/S10_S11/repair/adl/cal_POOLED_adl.png,figure,no_generated_output
analysis/HRS/figures/damage_repair_calibration_loglog/DNN/HRS_SHARED/S10_S11/repair/adl/cal_PUSHA.png,figure,no_generated_output
analysis/HRS/figures/damage_repair_calibration_loglog/DNN/HRS_SHARED/S10_S11/repair/adl/cal_SHOPA.png,figure,no_generated_output
analysis/HRS/figures/damage_repair_calibration_loglog/DNN/HRS_SHARED/S10_S11/repair/adl/cal_STOOPA.png,figure,no_generated_output
analysis/HRS/figures/damage_repair_calibration_loglog/DNN/HRS_SHARED/S10_S11/repair/adl/cal_TOILTA.png,figure,no_generated_output
analysis/HRS/figures/damage_repair_calibration_loglog/DNN/HRS_SHARED/S10_S11/repair/adl/cal_WALKRA.png,figure,no_generated_output
analysis/HRS/figures/damage_repair_calibration_loglog/DNN/HRS_SHARED/S10_S11/repair/disease/cal_ARTHRE.png,figure,no_generated_output
analysis/HRS/figures/damage_repair_calibration_loglog/DNN/HRS_SHARED/S10_S11/repair/disease/cal_CANCRE.png,figure,no_generated_output
analysis/HRS/figures/damage_repair_calibration_loglog/DNN/HRS_SHARED/S10_S11/repair/disease/cal_DIABE.png,figure,no_generated_output
analysis/HRS/figures/damage_repair_calibration_loglog/DNN/HRS_SHARED/S10_S11/repair/disease/cal_HEARTE.png,figure,no_generated_output
analysis/HRS/figures/damage_repair_calibration_loglog/DNN/HRS_SHARED/S10_S11/repair/disease/cal_HIBPE.png,figure,no_generated_output
analysis/HRS/figures/damage_repair_calibration_loglog/DNN/HRS_SHARED/S10_S11/repair/disease/cal_LUNGE.png,figure,no_generated_output
analysis/HRS/figures/damage_repair_calibration_loglog/DNN/HRS_SHARED/S10_S11/repair/disease/cal_POOLED_disease.png,figure,no_generated_output
analysis/HRS/figures/damage_repair_calibration_loglog/DNN/HRS_SHARED/S10_S11/repair/disease/cal_STROKE.png,figure,no_generated_output
analysis/HRS/figures/damage_repair_calibration_loglog/DNN/HRS_SHARED/S11_S12/damage/adl/cal_ARMSA.png,figure,no_generated_output
analysis/HRS/figures/damage_repair_calibration_loglog/DNN/HRS_SHARED/S11_S12/damage/adl/cal_BATHA.png,figure,no_generated_output
analysis/HRS/figures/damage_repair_calibration_loglog/DNN/HRS_SHARED/S11_S12/damage/adl/cal_BEDA.png,figure,no_generated_output
analysis/HRS/figures/damage_repair_calibration_loglog/DNN/HRS_SHARED/S11_S12/damage/adl/cal_CHAIRA.png,figure,no_generated_output
analysis/HRS/figures/damage_repair_calibration_loglog/DNN/HRS_SHARED/S11_S12/damage/adl/cal_CLIM1A.png,figure,no_generated_output
analysis/HRS/figures/damage_repair_calibration_loglog/DNN/HRS_SHARED/S11_S12/damage/adl/cal_CLIMSA.png,figure,no_generated_output
analysis/HRS/figures/damage_repair_calibration_loglog/DNN/HRS_SHARED/S11_S12/damage/adl/cal_DIMEA.png,figure,no_generated_output
analysis/HRS/figures/damage_repair_calibration_loglog/DNN/HRS_SHARED/S11_S12/damage/adl/cal_DRESSA.png,figure,no_generated_output
analysis/HRS/figures/damage_repair_calibration_loglog/DNN/HRS_SHARED/S11_S12/damage/adl/cal_EATA.png,figure,no_generated_output
analysis/HRS/figures/damage_repair_calibration_loglog/DNN/HRS_SHARED/S11_S12/damage/adl/cal_LIFTA.png,figure,no_generated_output
analysis/HRS/figures/damage_repair_calibration_loglog/DNN/HRS_SHARED/S11_S12/damage/adl/cal_MONEYA.png,figure,no_generated_output
analysis/HRS/figures/damage_repair_calibration_loglog/DNN/HRS_SHARED/S11_S12/damage/adl/cal_PHONEA.png,figure,no_generated_output
analysis/HRS/figures/damage_repair_calibration_loglog/DNN/HRS_SHARED/S11_S12/damage/adl/cal_POOLED_adl.png,figure,no_generated_output
analysis/HRS/figures/damage_repair_calibration_loglog/DNN/HRS_SHARED/S11_S12/damage/adl/cal_PUSHA.png,figure,no_generated_output
analysis/HRS/figures/damage_repair_calibration_loglog/DNN/HRS_SHARED/S11_S12/damage/adl/cal_SHOPA.png,figure,no_generated_output
analysis/HRS/figures/damage_repair_calibration_loglog/DNN/HRS_SHARED/S11_S12/damage/adl/cal_STOOPA.png,figure,no_generated_output
analysis/HRS/figures/damage_repair_calibration_loglog/DNN/HRS_SHARED/S11_S12/damage/adl/cal_TOILTA.png,figure,no_generated_output
analysis/HRS/figures/damage_repair_calibration_loglog/DNN/HRS_SHARED/S11_S12/damage/adl/cal_WALKRA.png,figure,no_generated_output
analysis/HRS/figures/damage_repair_calibration_loglog/DNN/HRS_SHARED/S11_S12/damage/disease/cal_ARTHRE.png,figure,no_generated_output
analysis/HRS/figures/damage_repair_calibration_loglog/DNN/HRS_SHARED/S11_S12/damage/disease/cal_CANCRE.png,figure,no_generated_output
analysis/HRS/figures/damage_repair_calibration_loglog/DNN/HRS_SHARED/S11_S12/damage/disease/cal_DIABE.png,figure,no_generated_output
analysis/HRS/figures/damage_repair_calibration_loglog/DNN/HRS_SHARED/S11_S12/damage/disease/cal_HEARTE.png,figure,no_generated_output
analysis/HRS/figures/damage_repair_calibration_loglog/DNN/HRS_SHARED/S11_S12/damage/disease/cal_HIBPE.png,figure,no_generated_output
analysis/HRS/figures/damage_repair_calibration_loglog/DNN/HRS_SHARED/S11_S12/damage/disease/cal_LUNGE.png,figure,no_generated_output
analysis/HRS/figures/damage_repair_calibration_loglog/DNN/HRS_SHARED/S11_S12/damage/disease/cal_POOLED_disease.png,figure,no_generated_output
analysis/HRS/figures/damage_repair_calibration_loglog/DNN/HRS_SHARED/S11_S12/damage/disease/cal_STROKE.png,figure,no_generated_output
analysis/HRS/figures/damage_repair_calibration_loglog/DNN/HRS_SHARED/S11_S12/repair/adl/cal_ARMSA.png,figure,no_generated_output
analysis/HRS/figures/damage_repair_calibration_loglog/DNN/HRS_SHARED/S11_S12/repair/adl/cal_BATHA.png,figure,no_generated_output
analysis/HRS/figures/damage_repair_calibration_loglog/DNN/HRS_SHARED/S11_S12/repair/adl/cal_BEDA.png,figure,no_generated_output
analysis/HRS/figures/damage_repair_calibration_loglog/DNN/HRS_SHARED/S11_S12/repair/adl/cal_CHAIRA.png,figure,no_generated_output
analysis/HRS/figures/damage_repair_calibration_loglog/DNN/HRS_SHARED/S11_S12/repair/adl/cal_CLIM1A.png,figure,no_generated_output
analysis/HRS/figures/damage_repair_calibration_loglog/DNN/HRS_SHARED/S11_S12/repair/adl/cal_CLIMSA.png,figure,no_generated_output
analysis/HRS/figures/damage_repair_calibration_loglog/DNN/HRS_SHARED/S11_S12/repair/adl/cal_DIMEA.png,figure,no_generated_output
analysis/HRS/figures/damage_repair_calibration_loglog/DNN/HRS_SHARED/S11_S12/repair/adl/cal_DRESSA.png,figure,no_generated_output
analysis/HRS/figures/damage_repair_calibration_loglog/DNN/HRS_SHARED/S11_S12/repair/adl/cal_EATA.png,figure,no_generated_output
analysis/HRS/figures/damage_repair_calibration_loglog/DNN/HRS_SHARED/S11_S12/repair/adl/cal_LIFTA.png,figure,no_generated_output
analysis/HRS/figures/damage_repair_calibration_loglog/DNN/HRS_SHARED/S11_S12/repair/adl/cal_MONEYA.png,figure,no_generated_output
analysis/HRS/figures/damage_repair_calibration_loglog/DNN/HRS_SHARED/S11_S12/repair/adl/cal_PHONEA.png,figure,no_generated_output
analysis/HRS/figures/damage_repair_calibration_loglog/DNN/HRS_SHARED/S11_S12/repair/adl/cal_POOLED_adl.png,figure,no_generated_output
analysis/HRS/figures/damage_repair_calibration_loglog/DNN/HRS_SHARED/S11_S12/repair/adl/cal_PUSHA.png,figure,no_generated_output
analysis/HRS/figures/damage_repair_calibration_loglog/DNN/HRS_SHARED/S11_S12/repair/adl/cal_SHOPA.png,figure,no_generated_output
analysis/HRS/figures/damage_repair_calibration_loglog/DNN/HRS_SHARED/S11_S12/repair/adl/cal_STOOPA.png,figure,no_generated_output
analysis/HRS/figures/damage_repair_calibration_loglog/DNN/HRS_SHARED/S11_S12/repair/adl/cal_TOILTA.png,figure,no_generated_output
analysis/HRS/figures/damage_repair_calibration_loglog/DNN/HRS_SHARED/S11_S12/repair/adl/cal_WALKRA.png,figure,no_generated_output
analysis/HRS/figures/damage_repair_calibration_loglog/DNN/HRS_SHARED/S11_S12/repair/disease/cal_ARTHRE.png,figure,no_generated_output
analysis/HRS/figures/damage_repair_calibration_loglog/DNN/HRS_SHARED/S11_S12/repair/disease/cal_CANCRE.png,figure,no_generated_output
analysis/HRS/figures/damage_repair_calibration_loglog/DNN/HRS_SHARED/S11_S12/repair/disease/cal_DIABE.png,figure,no_generated_output
analysis/HRS/figures/damage_repair_calibration_loglog/DNN/HRS_SHARED/S11_S12/repair/disease/cal_HEARTE.png,figure,no_generated_output
analysis/HRS/figures/damage_repair_calibration_loglog/DNN/HRS_SHARED/S11_S12/repair/disease/cal_HIBPE.png,figure,no_generated_output
analysis/HRS/figures/damage_repair_calibration_loglog/DNN/HRS_SHARED/S11_S12/repair/disease/cal_LUNGE.png,figure,no_generated_output
analysis/HRS/figures/damage_repair_calibration_loglog/DNN/HRS_SHARED/S11_S12/repair/disease/cal_POOLED_disease.png,figure,no_generated_output
analysis/HRS/figures/damage_repair_calibration_loglog/DNN/HRS_SHARED/S11_S12/repair/disease/cal_STROKE.png,figure,no_generated_output
analysis/HRS/figures/damage_repair_calibration_loglog/DNN/HRS_SHARED/S12_S13/damage/adl/cal_ARMSA.png,figure,no_generated_output
analysis/HRS/figures/damage_repair_calibration_loglog/DNN/HRS_SHARED/S12_S13/damage/adl/cal_BATHA.png,figure,no_generated_output
analysis/HRS/figures/damage_repair_calibration_loglog/DNN/HRS_SHARED/S12_S13/damage/adl/cal_BEDA.png,figure,no_generated_output
analysis/HRS/figures/damage_repair_calibration_loglog/DNN/HRS_SHARED/S12_S13/damage/adl/cal_CHAIRA.png,figure,no_generated_output
analysis/HRS/figures/damage_repair_calibration_loglog/DNN/HRS_SHARED/S12_S13/damage/adl/cal_CLIM1A.png,figure,no_generated_output
analysis/HRS/figures/damage_repair_calibration_loglog/DNN/HRS_SHARED/S12_S13/damage/adl/cal_CLIMSA.png,figure,no_generated_output
analysis/HRS/figures/damage_repair_calibration_loglog/DNN/HRS_SHARED/S12_S13/damage/adl/cal_DIMEA.png,figure,no_generated_output
analysis/HRS/figures/damage_repair_calibration_loglog/DNN/HRS_SHARED/S12_S13/damage/adl/cal_DRESSA.png,figure,no_generated_output
analysis/HRS/figures/damage_repair_calibration_loglog/DNN/HRS_SHARED/S12_S13/damage/adl/cal_EATA.png,figure,no_generated_output
analysis/HRS/figures/damage_repair_calibration_loglog/DNN/HRS_SHARED/S12_S13/damage/adl/cal_LIFTA.png,figure,no_generated_output
analysis/HRS/figures/damage_repair_calibration_loglog/DNN/HRS_SHARED/S12_S13/damage/adl/cal_MONEYA.png,figure,no_generated_output
analysis/HRS/figures/damage_repair_calibration_loglog/DNN/HRS_SHARED/S12_S13/damage/adl/cal_PHONEA.png,figure,no_generated_output
analysis/HRS/figures/damage_repair_calibration_loglog/DNN/HRS_SHARED/S12_S13/damage/adl/cal_POOLED_adl.png,figure,no_generated_output
analysis/HRS/figures/damage_repair_calibration_loglog/DNN/HRS_SHARED/S12_S13/damage/adl/cal_PUSHA.png,figure,no_generated_output
analysis/HRS/figures/damage_repair_calibration_loglog/DNN/HRS_SHARED/S12_S13/damage/adl/cal_SHOPA.png,figure,no_generated_output
analysis/HRS/figures/damage_repair_calibration_loglog/DNN/HRS_SHARED/S12_S13/damage/adl/cal_STOOPA.png,figure,no_generated_output
analysis/HRS/figures/damage_repair_calibration_loglog/DNN/HRS_SHARED/S12_S13/damage/adl/cal_TOILTA.png,figure,no_generated_output
analysis/HRS/figures/damage_repair_calibration_loglog/DNN/HRS_SHARED/S12_S13/damage/adl/cal_WALKRA.png,figure,no_generated_output
analysis/HRS/figures/damage_repair_calibration_loglog/DNN/HRS_SHARED/S12_S13/damage/disease/cal_ARTHRE.png,figure,no_generated_output
analysis/HRS/figures/damage_repair_calibration_loglog/DNN/HRS_SHARED/S12_S13/damage/disease/cal_CANCRE.png,figure,no_generated_output
analysis/HRS/figures/damage_repair_calibration_loglog/DNN/HRS_SHARED/S12_S13/damage/disease/cal_DIABE.png,figure,no_generated_output
analysis/HRS/figures/damage_repair_calibration_loglog/DNN/HRS_SHARED/S12_S13/damage/disease/cal_HEARTE.png,figure,no_generated_output
analysis/HRS/figures/damage_repair_calibration_loglog/DNN/HRS_SHARED/S12_S13/damage/disease/cal_HIBPE.png,figure,no_generated_output
analysis/HRS/figures/damage_repair_calibration_loglog/DNN/HRS_SHARED/S12_S13/damage/disease/cal_LUNGE.png,figure,no_generated_output
analysis/HRS/figures/damage_repair_calibration_loglog/DNN/HRS_SHARED/S12_S13/damage/disease/cal_POOLED_disease.png,figure,no_generated_output
analysis/HRS/figures/damage_repair_calibration_loglog/DNN/HRS_SHARED/S12_S13/damage/disease/cal_STROKE.png,figure,no_generated_output
analysis/HRS/figures/damage_repair_calibration_loglog/DNN/HRS_SHARED/S12_S13/repair/adl/cal_ARMSA.png,figure,no_generated_output
analysis/HRS/figures/damage_repair_calibration_loglog/DNN/HRS_SHARED/S12_S13/repair/adl/cal_BATHA.png,figure,no_generated_output
analysis/HRS/figures/damage_repair_calibration_loglog/DNN/HRS_SHARED/S12_S13/repair/adl/cal_BEDA.png,figure,no_generated_output
analysis/HRS/figures/damage_repair_calibration_loglog/DNN/HRS_SHARED/S12_S13/repair/adl/cal_CHAIRA.png,figure,no_generated_output
analysis/HRS/figures/damage_repair_calibration_loglog/DNN/HRS_SHARED/S12_S13/repair/adl/cal_CLIM1A.png,figure,no_generated_output
analysis/HRS/figures/damage_repair_calibration_loglog/DNN/HRS_SHARED/S12_S13/repair/adl/cal_CLIMSA.png,figure,no_generated_output
analysis/HRS/figures/damage_repair_calibration_loglog/DNN/HRS_SHARED/S12_S13/repair/adl/cal_DIMEA.png,figure,no_generated_output
analysis/HRS/figures/damage_repair_calibration_loglog/DNN/HRS_SHARED/S12_S13/repair/adl/cal_DRESSA.png,figure,no_generated_output
analysis/HRS/figures/damage_repair_calibration_loglog/DNN/HRS_SHARED/S12_S13/repair/adl/cal_EATA.png,figure,no_generated_output
analysis/HRS/figures/damage_repair_calibration_loglog/DNN/HRS_SHARED/S12_S13/repair/adl/cal_LIFTA.png,figure,no_generated_output
analysis/HRS/figures/damage_repair_calibration_loglog/DNN/HRS_SHARED/S12_S13/repair/adl/cal_MONEYA.png,figure,no_generated_output
analysis/HRS/figures/damage_repair_calibration_loglog/DNN/HRS_SHARED/S12_S13/repair/adl/cal_PHONEA.png,figure,no_generated_output
analysis/HRS/figures/damage_repair_calibration_loglog/DNN/HRS_SHARED/S12_S13/repair/adl/cal_POOLED_adl.png,figure,no_generated_output
analysis/HRS/figures/damage_repair_calibration_loglog/DNN/HRS_SHARED/S12_S13/repair/adl/cal_PUSHA.png,figure,no_generated_output
analysis/HRS/figures/damage_repair_calibration_loglog/DNN/HRS_SHARED/S12_S13/repair/adl/cal_SHOPA.png,figure,no_generated_output
analysis/HRS/figures/damage_repair_calibration_loglog/DNN/HRS_SHARED/S12_S13/repair/adl/cal_STOOPA.png,figure,no_generated_output
analysis/HRS/figures/damage_repair_calibration_loglog/DNN/HRS_SHARED/S12_S13/repair/adl/cal_TOILTA.png,figure,no_generated_output
analysis/HRS/figures/damage_repair_calibration_loglog/DNN/HRS_SHARED/S12_S13/repair/adl/cal_WALKRA.png,figure,no_generated_output
analysis/HRS/figures/damage_repair_calibration_loglog/DNN/HRS_SHARED/S12_S13/repair/disease/cal_ARTHRE.png,figure,no_generated_output
analysis/HRS/figures/damage_repair_calibration_loglog/DNN/HRS_SHARED/S12_S13/repair/disease/cal_CANCRE.png,figure,no_generated_output
analysis/HRS/figures/damage_repair_calibration_loglog/DNN/HRS_SHARED/S12_S13/repair/disease/cal_DIABE.png,figure,no_generated_output
analysis/HRS/figures/damage_repair_calibration_loglog/DNN/HRS_SHARED/S12_S13/repair/disease/cal_HEARTE.png,figure,no_generated_output
analysis/HRS/figures/damage_repair_calibration_loglog/DNN/HRS_SHARED/S12_S13/repair/disease/cal_HIBPE.png,figure,no_generated_output
analysis/HRS/figures/damage_repair_calibration_loglog/DNN/HRS_SHARED/S12_S13/repair/disease/cal_LUNGE.png,figure,no_generated_output
analysis/HRS/figures/damage_repair_calibration_loglog/DNN/HRS_SHARED/S12_S13/repair/disease/cal_POOLED_disease.png,figure,no_generated_output
analysis/HRS/figures/damage_repair_calibration_loglog/DNN/HRS_SHARED/S12_S13/repair/disease/cal_STROKE.png,figure,no_generated_output
analysis/HRS/figures/damage_repair_calibration_loglog/DNN/HRS_SHARED/S13_S14/damage/adl/cal_ARMSA.png,figure,no_generated_output
analysis/HRS/figures/damage_repair_calibration_loglog/DNN/HRS_SHARED/S13_S14/damage/adl/cal_BATHA.png,figure,no_generated_output
analysis/HRS/figures/damage_repair_calibration_loglog/DNN/HRS_SHARED/S13_S14/damage/adl/cal_BEDA.png,figure,no_generated_output
analysis/HRS/figures/damage_repair_calibration_loglog/DNN/HRS_SHARED/S13_S14/damage/adl/cal_CHAIRA.png,figure,no_generated_output
analysis/HRS/figures/damage_repair_calibration_loglog/DNN/HRS_SHARED/S13_S14/damage/adl/cal_CLIM1A.png,figure,no_generated_output
analysis/HRS/figures/damage_repair_calibration_loglog/DNN/HRS_SHARED/S13_S14/damage/adl/cal_CLIMSA.png,figure,no_generated_output
analysis/HRS/figures/damage_repair_calibration_loglog/DNN/HRS_SHARED/S13_S14/damage/adl/cal_DIMEA.png,figure,no_generated_output
analysis/HRS/figures/damage_repair_calibration_loglog/DNN/HRS_SHARED/S13_S14/damage/adl/cal_DRESSA.png,figure,no_generated_output
analysis/HRS/figures/damage_repair_calibration_loglog/DNN/HRS_SHARED/S13_S14/damage/adl/cal_EATA.png,figure,no_generated_output
analysis/HRS/figures/damage_repair_calibration_loglog/DNN/HRS_SHARED/S13_S14/damage/adl/cal_LIFTA.png,figure,no_generated_output
analysis/HRS/figures/damage_repair_calibration_loglog/DNN/HRS_SHARED/S13_S14/damage/adl/cal_MONEYA.png,figure,no_generated_output
analysis/HRS/figures/damage_repair_calibration_loglog/DNN/HRS_SHARED/S13_S14/damage/adl/cal_PHONEA.png,figure,no_generated_output
analysis/HRS/figures/damage_repair_calibration_loglog/DNN/HRS_SHARED/S13_S14/damage/adl/cal_POOLED_adl.png,figure,no_generated_output
analysis/HRS/figures/damage_repair_calibration_loglog/DNN/HRS_SHARED/S13_S14/damage/adl/cal_PUSHA.png,figure,no_generated_output
analysis/HRS/figures/damage_repair_calibration_loglog/DNN/HRS_SHARED/S13_S14/damage/adl/cal_SHOPA.png,figure,no_generated_output
analysis/HRS/figures/damage_repair_calibration_loglog/DNN/HRS_SHARED/S13_S14/damage/adl/cal_STOOPA.png,figure,no_generated_output
analysis/HRS/figures/damage_repair_calibration_loglog/DNN/HRS_SHARED/S13_S14/damage/adl/cal_TOILTA.png,figure,no_generated_output
analysis/HRS/figures/damage_repair_calibration_loglog/DNN/HRS_SHARED/S13_S14/damage/adl/cal_WALKRA.png,figure,no_generated_output
analysis/HRS/figures/damage_repair_calibration_loglog/DNN/HRS_SHARED/S13_S14/damage/disease/cal_ARTHRE.png,figure,no_generated_output
analysis/HRS/figures/damage_repair_calibration_loglog/DNN/HRS_SHARED/S13_S14/damage/disease/cal_CANCRE.png,figure,no_generated_output
analysis/HRS/figures/damage_repair_calibration_loglog/DNN/HRS_SHARED/S13_S14/damage/disease/cal_DIABE.png,figure,no_generated_output
analysis/HRS/figures/damage_repair_calibration_loglog/DNN/HRS_SHARED/S13_S14/damage/disease/cal_HEARTE.png,figure,no_generated_output
analysis/HRS/figures/damage_repair_calibration_loglog/DNN/HRS_SHARED/S13_S14/damage/disease/cal_HIBPE.png,figure,no_generated_output
analysis/HRS/figures/damage_repair_calibration_loglog/DNN/HRS_SHARED/S13_S14/damage/disease/cal_LUNGE.png,figure,no_generated_output
analysis/HRS/figures/damage_repair_calibration_loglog/DNN/HRS_SHARED/S13_S14/damage/disease/cal_POOLED_disease.png,figure,no_generated_output
analysis/HRS/figures/damage_repair_calibration_loglog/DNN/HRS_SHARED/S13_S14/damage/disease/cal_STROKE.png,figure,no_generated_output
analysis/HRS/figures/damage_repair_calibration_loglog/DNN/HRS_SHARED/S13_S14/repair/adl/cal_ARMSA.png,figure,no_generated_output
analysis/HRS/figures/damage_repair_calibration_loglog/DNN/HRS_SHARED/S13_S14/repair/adl/cal_BATHA.png,figure,no_generated_output
analysis/HRS/figures/damage_repair_calibration_loglog/DNN/HRS_SHARED/S13_S14/repair/adl/cal_BEDA.png,figure,no_generated_output
analysis/HRS/figures/damage_repair_calibration_loglog/DNN/HRS_SHARED/S13_S14/repair/adl/cal_CHAIRA.png,figure,no_generated_output
analysis/HRS/figures/damage_repair_calibration_loglog/DNN/HRS_SHARED/S13_S14/repair/adl/cal_CLIM1A.png,figure,no_generated_output
analysis/HRS/figures/damage_repair_calibration_loglog/DNN/HRS_SHARED/S13_S14/repair/adl/cal_CLIMSA.png,figure,no_generated_output
analysis/HRS/figures/damage_repair_calibration_loglog/DNN/HRS_SHARED/S13_S14/repair/adl/cal_DIMEA.png,figure,no_generated_output
analysis/HRS/figures/damage_repair_calibration_loglog/DNN/HRS_SHARED/S13_S14/repair/adl/cal_DRESSA.png,figure,no_generated_output
analysis/HRS/figures/damage_repair_calibration_loglog/DNN/HRS_SHARED/S13_S14/repair/adl/cal_EATA.png,figure,no_generated_output
analysis/HRS/figures/damage_repair_calibration_loglog/DNN/HRS_SHARED/S13_S14/repair/adl/cal_LIFTA.png,figure,no_generated_output
analysis/HRS/figures/damage_repair_calibration_loglog/DNN/HRS_SHARED/S13_S14/repair/adl/cal_MONEYA.png,figure,no_generated_output
analysis/HRS/figures/damage_repair_calibration_loglog/DNN/HRS_SHARED/S13_S14/repair/adl/cal_PHONEA.png,figure,no_generated_output
analysis/HRS/figures/damage_repair_calibration_loglog/DNN/HRS_SHARED/S13_S14/repair/adl/cal_POOLED_adl.png,figure,no_generated_output
analysis/HRS/figures/damage_repair_calibration_loglog/DNN/HRS_SHARED/S13_S14/repair/adl/cal_PUSHA.png,figure,no_generated_output
analysis/HRS/figures/damage_repair_calibration_loglog/DNN/HRS_SHARED/S13_S14/repair/adl/cal_SHOPA.png,figure,no_generated_output
analysis/HRS/figures/damage_repair_calibration_loglog/DNN/HRS_SHARED/S13_S14/repair/adl/cal_STOOPA.png,figure,no_generated_output
analysis/HRS/figures/damage_repair_calibration_loglog/DNN/HRS_SHARED/S13_S14/repair/adl/cal_TOILTA.png,figure,no_generated_output
analysis/HRS/figures/damage_repair_calibration_loglog/DNN/HRS_SHARED/S13_S14/repair/adl/cal_WALKRA.png,figure,no_generated_output
analysis/HRS/figures/damage_repair_calibration_loglog/DNN/HRS_SHARED/S13_S14/repair/disease/cal_ARTHRE.png,figure,no_generated_output
analysis/HRS/figures/damage_repair_calibration_loglog/DNN/HRS_SHARED/S13_S14/repair/disease/cal_CANCRE.png,figure,no_generated_output
analysis/HRS/figures/damage_repair_calibration_loglog/DNN/HRS_SHARED/S13_S14/repair/disease/cal_DIABE.png,figure,no_generated_output
analysis/HRS/figures/damage_repair_calibration_loglog/DNN/HRS_SHARED/S13_S14/repair/disease/cal_HEARTE.png,figure,no_generated_output
analysis/HRS/figures/damage_repair_calibration_loglog/DNN/HRS_SHARED/S13_S14/repair/disease/cal_HIBPE.png,figure,no_generated_output
analysis/HRS/figures/damage_repair_calibration_loglog/DNN/HRS_SHARED/S13_S14/repair/disease/cal_LUNGE.png,figure,no_generated_output
analysis/HRS/figures/damage_repair_calibration_loglog/DNN/HRS_SHARED/S13_S14/repair/disease/cal_POOLED_disease.png,figure,no_generated_output
analysis/HRS/figures/damage_repair_calibration_loglog/DNN/HRS_SHARED/S13_S14/repair/disease/cal_STROKE.png,figure,no_generated_output
analysis/HRS/figures/damage_repair_calibration_loglog/DNN/HRS_SHARED/S14_S15/damage/adl/cal_ARMSA.png,figure,no_generated_output
analysis/HRS/figures/damage_repair_calibration_loglog/DNN/HRS_SHARED/S14_S15/damage/adl/cal_BATHA.png,figure,no_generated_output
analysis/HRS/figures/damage_repair_calibration_loglog/DNN/HRS_SHARED/S14_S15/damage/adl/cal_BEDA.png,figure,no_generated_output
analysis/HRS/figures/damage_repair_calibration_loglog/DNN/HRS_SHARED/S14_S15/damage/adl/cal_CHAIRA.png,figure,no_generated_output
analysis/HRS/figures/damage_repair_calibration_loglog/DNN/HRS_SHARED/S14_S15/damage/adl/cal_CLIM1A.png,figure,no_generated_output
analysis/HRS/figures/damage_repair_calibration_loglog/DNN/HRS_SHARED/S14_S15/damage/adl/cal_CLIMSA.png,figure,no_generated_output
analysis/HRS/figures/damage_repair_calibration_loglog/DNN/HRS_SHARED/S14_S15/damage/adl/cal_DIMEA.png,figure,no_generated_output
analysis/HRS/figures/damage_repair_calibration_loglog/DNN/HRS_SHARED/S14_S15/damage/adl/cal_DRESSA.png,figure,no_generated_output
analysis/HRS/figures/damage_repair_calibration_loglog/DNN/HRS_SHARED/S14_S15/damage/adl/cal_EATA.png,figure,no_generated_output
analysis/HRS/figures/damage_repair_calibration_loglog/DNN/HRS_SHARED/S14_S15/damage/adl/cal_LIFTA.png,figure,no_generated_output
analysis/HRS/figures/damage_repair_calibration_loglog/DNN/HRS_SHARED/S14_S15/damage/adl/cal_MONEYA.png,figure,no_generated_output
analysis/HRS/figures/damage_repair_calibration_loglog/DNN/HRS_SHARED/S14_S15/damage/adl/cal_PHONEA.png,figure,no_generated_output
analysis/HRS/figures/damage_repair_calibration_loglog/DNN/HRS_SHARED/S14_S15/damage/adl/cal_POOLED_adl.png,figure,no_generated_output
analysis/HRS/figures/damage_repair_calibration_loglog/DNN/HRS_SHARED/S14_S15/damage/adl/cal_PUSHA.png,figure,no_generated_output
analysis/HRS/figures/damage_repair_calibration_loglog/DNN/HRS_SHARED/S14_S15/damage/adl/cal_SHOPA.png,figure,no_generated_output
analysis/HRS/figures/damage_repair_calibration_loglog/DNN/HRS_SHARED/S14_S15/damage/adl/cal_STOOPA.png,figure,no_generated_output
analysis/HRS/figures/damage_repair_calibration_loglog/DNN/HRS_SHARED/S14_S15/damage/adl/cal_TOILTA.png,figure,no_generated_output
analysis/HRS/figures/damage_repair_calibration_loglog/DNN/HRS_SHARED/S14_S15/damage/adl/cal_WALKRA.png,figure,no_generated_output
analysis/HRS/figures/damage_repair_calibration_loglog/DNN/HRS_SHARED/S14_S15/damage/disease/cal_ARTHRE.png,figure,no_generated_output
analysis/HRS/figures/damage_repair_calibration_loglog/DNN/HRS_SHARED/S14_S15/damage/disease/cal_CANCRE.png,figure,no_generated_output
analysis/HRS/figures/damage_repair_calibration_loglog/DNN/HRS_SHARED/S14_S15/damage/disease/cal_DIABE.png,figure,no_generated_output
analysis/HRS/figures/damage_repair_calibration_loglog/DNN/HRS_SHARED/S14_S15/damage/disease/cal_HEARTE.png,figure,no_generated_output
analysis/HRS/figures/damage_repair_calibration_loglog/DNN/HRS_SHARED/S14_S15/damage/disease/cal_HIBPE.png,figure,no_generated_output
analysis/HRS/figures/damage_repair_calibration_loglog/DNN/HRS_SHARED/S14_S15/damage/disease/cal_LUNGE.png,figure,no_generated_output
analysis/HRS/figures/damage_repair_calibration_loglog/DNN/HRS_SHARED/S14_S15/damage/disease/cal_POOLED_disease.png,figure,no_generated_output
analysis/HRS/figures/damage_repair_calibration_loglog/DNN/HRS_SHARED/S14_S15/damage/disease/cal_STROKE.png,figure,no_generated_output
analysis/HRS/figures/damage_repair_calibration_loglog/DNN/HRS_SHARED/S14_S15/repair/adl/cal_ARMSA.png,figure,no_generated_output
analysis/HRS/figures/damage_repair_calibration_loglog/DNN/HRS_SHARED/S14_S15/repair/adl/cal_BATHA.png,figure,no_generated_output
analysis/HRS/figures/damage_repair_calibration_loglog/DNN/HRS_SHARED/S14_S15/repair/adl/cal_BEDA.png,figure,no_generated_output
analysis/HRS/figures/damage_repair_calibration_loglog/DNN/HRS_SHARED/S14_S15/repair/adl/cal_CHAIRA.png,figure,no_generated_output
analysis/HRS/figures/damage_repair_calibration_loglog/DNN/HRS_SHARED/S14_S15/repair/adl/cal_CLIM1A.png,figure,no_generated_output
analysis/HRS/figures/damage_repair_calibration_loglog/DNN/HRS_SHARED/S14_S15/repair/adl/cal_CLIMSA.png,figure,no_generated_output
analysis/HRS/figures/damage_repair_calibration_loglog/DNN/HRS_SHARED/S14_S15/repair/adl/cal_DIMEA.png,figure,no_generated_output
analysis/HRS/figures/damage_repair_calibration_loglog/DNN/HRS_SHARED/S14_S15/repair/adl/cal_DRESSA.png,figure,no_generated_output
analysis/HRS/figures/damage_repair_calibration_loglog/DNN/HRS_SHARED/S14_S15/repair/adl/cal_EATA.png,figure,no_generated_output
analysis/HRS/figures/damage_repair_calibration_loglog/DNN/HRS_SHARED/S14_S15/repair/adl/cal_LIFTA.png,figure,no_generated_output
analysis/HRS/figures/damage_repair_calibration_loglog/DNN/HRS_SHARED/S14_S15/repair/adl/cal_MONEYA.png,figure,no_generated_output
analysis/HRS/figures/damage_repair_calibration_loglog/DNN/HRS_SHARED/S14_S15/repair/adl/cal_PHONEA.png,figure,no_generated_output
analysis/HRS/figures/damage_repair_calibration_loglog/DNN/HRS_SHARED/S14_S15/repair/adl/cal_POOLED_adl.png,figure,no_generated_output
analysis/HRS/figures/damage_repair_calibration_loglog/DNN/HRS_SHARED/S14_S15/repair/adl/cal_PUSHA.png,figure,no_generated_output
analysis/HRS/figures/damage_repair_calibration_loglog/DNN/HRS_SHARED/S14_S15/repair/adl/cal_SHOPA.png,figure,no_generated_output
analysis/HRS/figures/damage_repair_calibration_loglog/DNN/HRS_SHARED/S14_S15/repair/adl/cal_STOOPA.png,figure,no_generated_output
analysis/HRS/figures/damage_repair_calibration_loglog/DNN/HRS_SHARED/S14_S15/repair/adl/cal_TOILTA.png,figure,no_generated_output
analysis/HRS/figures/damage_repair_calibration_loglog/DNN/HRS_SHARED/S14_S15/repair/adl/cal_WALKRA.png,figure,no_generated_output
analysis/HRS/figures/damage_repair_calibration_loglog/DNN/HRS_SHARED/S14_S15/repair/disease/cal_ARTHRE.png,figure,no_generated_output
analysis/HRS/figures/damage_repair_calibration_loglog/DNN/HRS_SHARED/S14_S15/repair/disease/cal_CANCRE.png,figure,no_generated_output
analysis/HRS/figures/damage_repair_calibration_loglog/DNN/HRS_SHARED/S14_S15/repair/disease/cal_DIABE.png,figure,no_generated_output
analysis/HRS/figures/damage_repair_calibration_loglog/DNN/HRS_SHARED/S14_S15/repair/disease/cal_HEARTE.png,figure,no_generated_output
analysis/HRS/figures/damage_repair_calibration_loglog/DNN/HRS_SHARED/S14_S15/repair/disease/cal_HIBPE.png,figure,no_generated_output
analysis/HRS/figures/damage_repair_calibration_loglog/DNN/HRS_SHARED/S14_S15/repair/disease/cal_LUNGE.png,figure,no_generated_output
analysis/HRS/figures/damage_repair_calibration_loglog/DNN/HRS_SHARED/S14_S15/repair/disease/cal_POOLED_disease.png,figure,no_generated_output
analysis/HRS/figures/damage_repair_calibration_loglog/DNN/HRS_SHARED/S14_S15/repair/disease/cal_STROKE.png,figure,no_generated_output
analysis/HRS/figures/damage_repair_calibration_loglog/DNN/HRS_SHARED/S6_S7/damage/adl/cal_ARMSA.png,figure,no_generated_output
analysis/HRS/figures/damage_repair_calibration_loglog/DNN/HRS_SHARED/S6_S7/damage/adl/cal_BATHA.png,figure,no_generated_output
analysis/HRS/figures/damage_repair_calibration_loglog/DNN/HRS_SHARED/S6_S7/damage/adl/cal_BEDA.png,figure,no_generated_output
analysis/HRS/figures/damage_repair_calibration_loglog/DNN/HRS_SHARED/S6_S7/damage/adl/cal_CHAIRA.png,figure,no_generated_output
analysis/HRS/figures/damage_repair_calibration_loglog/DNN/HRS_SHARED/S6_S7/damage/adl/cal_CLIM1A.png,figure,no_generated_output
analysis/HRS/figures/damage_repair_calibration_loglog/DNN/HRS_SHARED/S6_S7/damage/adl/cal_CLIMSA.png,figure,no_generated_output
analysis/HRS/figures/damage_repair_calibration_loglog/DNN/HRS_SHARED/S6_S7/damage/adl/cal_DIMEA.png,figure,no_generated_output
analysis/HRS/figures/damage_repair_calibration_loglog/DNN/HRS_SHARED/S6_S7/damage/adl/cal_DRESSA.png,figure,no_generated_output
analysis/HRS/figures/damage_repair_calibration_loglog/DNN/HRS_SHARED/S6_S7/damage/adl/cal_EATA.png,figure,no_generated_output
analysis/HRS/figures/damage_repair_calibration_loglog/DNN/HRS_SHARED/S6_S7/damage/adl/cal_LIFTA.png,figure,no_generated_output
analysis/HRS/figures/damage_repair_calibration_loglog/DNN/HRS_SHARED/S6_S7/damage/adl/cal_MONEYA.png,figure,no_generated_output
analysis/HRS/figures/damage_repair_calibration_loglog/DNN/HRS_SHARED/S6_S7/damage/adl/cal_PHONEA.png,figure,no_generated_output
analysis/HRS/figures/damage_repair_calibration_loglog/DNN/HRS_SHARED/S6_S7/damage/adl/cal_POOLED_adl.png,figure,no_generated_output
analysis/HRS/figures/damage_repair_calibration_loglog/DNN/HRS_SHARED/S6_S7/damage/adl/cal_PUSHA.png,figure,no_generated_output
analysis/HRS/figures/damage_repair_calibration_loglog/DNN/HRS_SHARED/S6_S7/damage/adl/cal_SHOPA.png,figure,no_generated_output
analysis/HRS/figures/damage_repair_calibration_loglog/DNN/HRS_SHARED/S6_S7/damage/adl/cal_STOOPA.png,figure,no_generated_output
analysis/HRS/figures/damage_repair_calibration_loglog/DNN/HRS_SHARED/S6_S7/damage/adl/cal_TOILTA.png,figure,no_generated_output
analysis/HRS/figures/damage_repair_calibration_loglog/DNN/HRS_SHARED/S6_S7/damage/adl/cal_WALKRA.png,figure,no_generated_output
analysis/HRS/figures/damage_repair_calibration_loglog/DNN/HRS_SHARED/S6_S7/damage/disease/cal_ARTHRE.png,figure,no_generated_output
analysis/HRS/figures/damage_repair_calibration_loglog/DNN/HRS_SHARED/S6_S7/damage/disease/cal_CANCRE.png,figure,no_generated_output
analysis/HRS/figures/damage_repair_calibration_loglog/DNN/HRS_SHARED/S6_S7/damage/disease/cal_DIABE.png,figure,no_generated_output
analysis/HRS/figures/damage_repair_calibration_loglog/DNN/HRS_SHARED/S6_S7/damage/disease/cal_HEARTE.png,figure,no_generated_output
analysis/HRS/figures/damage_repair_calibration_loglog/DNN/HRS_SHARED/S6_S7/damage/disease/cal_HIBPE.png,figure,no_generated_output
analysis/HRS/figures/damage_repair_calibration_loglog/DNN/HRS_SHARED/S6_S7/damage/disease/cal_LUNGE.png,figure,no_generated_output
analysis/HRS/figures/damage_repair_calibration_loglog/DNN/HRS_SHARED/S6_S7/damage/disease/cal_POOLED_disease.png,figure,no_generated_output
analysis/HRS/figures/damage_repair_calibration_loglog/DNN/HRS_SHARED/S6_S7/damage/disease/cal_STROKE.png,figure,no_generated_output
analysis/HRS/figures/damage_repair_calibration_loglog/DNN/HRS_SHARED/S6_S7/repair/adl/cal_ARMSA.png,figure,no_generated_output
analysis/HRS/figures/damage_repair_calibration_loglog/DNN/HRS_SHARED/S6_S7/repair/adl/cal_BATHA.png,figure,no_generated_output
analysis/HRS/figures/damage_repair_calibration_loglog/DNN/HRS_SHARED/S6_S7/repair/adl/cal_BEDA.png,figure,no_generated_output
analysis/HRS/figures/damage_repair_calibration_loglog/DNN/HRS_SHARED/S6_S7/repair/adl/cal_CHAIRA.png,figure,no_generated_output
analysis/HRS/figures/damage_repair_calibration_loglog/DNN/HRS_SHARED/S6_S7/repair/adl/cal_CLIM1A.png,figure,no_generated_output
analysis/HRS/figures/damage_repair_calibration_loglog/DNN/HRS_SHARED/S6_S7/repair/adl/cal_CLIMSA.png,figure,no_generated_output
analysis/HRS/figures/damage_repair_calibration_loglog/DNN/HRS_SHARED/S6_S7/repair/adl/cal_DIMEA.png,figure,no_generated_output
analysis/HRS/figures/damage_repair_calibration_loglog/DNN/HRS_SHARED/S6_S7/repair/adl/cal_DRESSA.png,figure,no_generated_output
analysis/HRS/figures/damage_repair_calibration_loglog/DNN/HRS_SHARED/S6_S7/repair/adl/cal_LIFTA.png,figure,no_generated_output
analysis/HRS/figures/damage_repair_calibration_loglog/DNN/HRS_SHARED/S6_S7/repair/adl/cal_MONEYA.png,figure,no_generated_output
analysis/HRS/figures/damage_repair_calibration_loglog/DNN/HRS_SHARED/S6_S7/repair/adl/cal_PHONEA.png,figure,no_generated_output
analysis/HRS/figures/damage_repair_calibration_loglog/DNN/HRS_SHARED/S6_S7/repair/adl/cal_POOLED_adl.png,figure,no_generated_output
analysis/HRS/figures/damage_repair_calibration_loglog/DNN/HRS_SHARED/S6_S7/repair/adl/cal_PUSHA.png,figure,no_generated_output
analysis/HRS/figures/damage_repair_calibration_loglog/DNN/HRS_SHARED/S6_S7/repair/adl/cal_SHOPA.png,figure,no_generated_output
analysis/HRS/figures/damage_repair_calibration_loglog/DNN/HRS_SHARED/S6_S7/repair/adl/cal_STOOPA.png,figure,no_generated_output
analysis/HRS/figures/damage_repair_calibration_loglog/DNN/HRS_SHARED/S6_S7/repair/adl/cal_TOILTA.png,figure,no_generated_output
analysis/HRS/figures/damage_repair_calibration_loglog/DNN/HRS_SHARED/S6_S7/repair/adl/cal_WALKRA.png,figure,no_generated_output
analysis/HRS/figures/damage_repair_calibration_loglog/DNN/HRS_SHARED/S6_S7/repair/disease/cal_ARTHRE.png,figure,no_generated_output
analysis/HRS/figures/damage_repair_calibration_loglog/DNN/HRS_SHARED/S6_S7/repair/disease/cal_CANCRE.png,figure,no_generated_output
analysis/HRS/figures/damage_repair_calibration_loglog/DNN/HRS_SHARED/S6_S7/repair/disease/cal_DIABE.png,figure,no_generated_output
analysis/HRS/figures/damage_repair_calibration_loglog/DNN/HRS_SHARED/S6_S7/repair/disease/cal_HEARTE.png,figure,no_generated_output
analysis/HRS/figures/damage_repair_calibration_loglog/DNN/HRS_SHARED/S6_S7/repair/disease/cal_HIBPE.png,figure,no_generated_output
analysis/HRS/figures/damage_repair_calibration_loglog/DNN/HRS_SHARED/S6_S7/repair/disease/cal_LUNGE.png,figure,no_generated_output
analysis/HRS/figures/damage_repair_calibration_loglog/DNN/HRS_SHARED/S6_S7/repair/disease/cal_POOLED_disease.png,figure,no_generated_output
analysis/HRS/figures/damage_repair_calibration_loglog/DNN/HRS_SHARED/S6_S7/repair/disease/cal_STROKE.png,figure,no_generated_output
analysis/HRS/figures/damage_repair_calibration_loglog/DNN/HRS_SHARED/S7_S8/damage/adl/cal_ARMSA.png,figure,no_generated_output
analysis/HRS/figures/damage_repair_calibration_loglog/DNN/HRS_SHARED/S7_S8/damage/adl/cal_BATHA.png,figure,no_generated_output
analysis/HRS/figures/damage_repair_calibration_loglog/DNN/HRS_SHARED/S7_S8/damage/adl/cal_BEDA.png,figure,no_generated_output
analysis/HRS/figures/damage_repair_calibration_loglog/DNN/HRS_SHARED/S7_S8/damage/adl/cal_CHAIRA.png,figure,no_generated_output
analysis/HRS/figures/damage_repair_calibration_loglog/DNN/HRS_SHARED/S7_S8/damage/adl/cal_CLIM1A.png,figure,no_generated_output
analysis/HRS/figures/damage_repair_calibration_loglog/DNN/HRS_SHARED/S7_S8/damage/adl/cal_CLIMSA.png,figure,no_generated_output
analysis/HRS/figures/damage_repair_calibration_loglog/DNN/HRS_SHARED/S7_S8/damage/adl/cal_DIMEA.png,figure,no_generated_output
analysis/HRS/figures/damage_repair_calibration_loglog/DNN/HRS_SHARED/S7_S8/damage/adl/cal_DRESSA.png,figure,no_generated_output
analysis/HRS/figures/damage_repair_calibration_loglog/DNN/HRS_SHARED/S7_S8/damage/adl/cal_EATA.png,figure,no_generated_output
analysis/HRS/figures/damage_repair_calibration_loglog/DNN/HRS_SHARED/S7_S8/damage/adl/cal_LIFTA.png,figure,no_generated_output
analysis/HRS/figures/damage_repair_calibration_loglog/DNN/HRS_SHARED/S7_S8/damage/adl/cal_MONEYA.png,figure,no_generated_output
analysis/HRS/figures/damage_repair_calibration_loglog/DNN/HRS_SHARED/S7_S8/damage/adl/cal_PHONEA.png,figure,no_generated_output
analysis/HRS/figures/damage_repair_calibration_loglog/DNN/HRS_SHARED/S7_S8/damage/adl/cal_POOLED_adl.png,figure,no_generated_output
analysis/HRS/figures/damage_repair_calibration_loglog/DNN/HRS_SHARED/S7_S8/damage/adl/cal_PUSHA.png,figure,no_generated_output
analysis/HRS/figures/damage_repair_calibration_loglog/DNN/HRS_SHARED/S7_S8/damage/adl/cal_SHOPA.png,figure,no_generated_output
analysis/HRS/figures/damage_repair_calibration_loglog/DNN/HRS_SHARED/S7_S8/damage/adl/cal_STOOPA.png,figure,no_generated_output
analysis/HRS/figures/damage_repair_calibration_loglog/DNN/HRS_SHARED/S7_S8/damage/adl/cal_TOILTA.png,figure,no_generated_output
analysis/HRS/figures/damage_repair_calibration_loglog/DNN/HRS_SHARED/S7_S8/damage/adl/cal_WALKRA.png,figure,no_generated_output
analysis/HRS/figures/damage_repair_calibration_loglog/DNN/HRS_SHARED/S7_S8/damage/disease/cal_ARTHRE.png,figure,no_generated_output
analysis/HRS/figures/damage_repair_calibration_loglog/DNN/HRS_SHARED/S7_S8/damage/disease/cal_CANCRE.png,figure,no_generated_output
analysis/HRS/figures/damage_repair_calibration_loglog/DNN/HRS_SHARED/S7_S8/damage/disease/cal_DIABE.png,figure,no_generated_output
analysis/HRS/figures/damage_repair_calibration_loglog/DNN/HRS_SHARED/S7_S8/damage/disease/cal_HEARTE.png,figure,no_generated_output
analysis/HRS/figures/damage_repair_calibration_loglog/DNN/HRS_SHARED/S7_S8/damage/disease/cal_HIBPE.png,figure,no_generated_output
analysis/HRS/figures/damage_repair_calibration_loglog/DNN/HRS_SHARED/S7_S8/damage/disease/cal_LUNGE.png,figure,no_generated_output
analysis/HRS/figures/damage_repair_calibration_loglog/DNN/HRS_SHARED/S7_S8/damage/disease/cal_POOLED_disease.png,figure,no_generated_output
analysis/HRS/figures/damage_repair_calibration_loglog/DNN/HRS_SHARED/S7_S8/damage/disease/cal_STROKE.png,figure,no_generated_output
analysis/HRS/figures/damage_repair_calibration_loglog/DNN/HRS_SHARED/S7_S8/repair/adl/cal_ARMSA.png,figure,no_generated_output
analysis/HRS/figures/damage_repair_calibration_loglog/DNN/HRS_SHARED/S7_S8/repair/adl/cal_BATHA.png,figure,no_generated_output
analysis/HRS/figures/damage_repair_calibration_loglog/DNN/HRS_SHARED/S7_S8/repair/adl/cal_BEDA.png,figure,no_generated_output
analysis/HRS/figures/damage_repair_calibration_loglog/DNN/HRS_SHARED/S7_S8/repair/adl/cal_CHAIRA.png,figure,no_generated_output
analysis/HRS/figures/damage_repair_calibration_loglog/DNN/HRS_SHARED/S7_S8/repair/adl/cal_CLIM1A.png,figure,no_generated_output
analysis/HRS/figures/damage_repair_calibration_loglog/DNN/HRS_SHARED/S7_S8/repair/adl/cal_CLIMSA.png,figure,no_generated_output
analysis/HRS/figures/damage_repair_calibration_loglog/DNN/HRS_SHARED/S7_S8/repair/adl/cal_DIMEA.png,figure,no_generated_output
analysis/HRS/figures/damage_repair_calibration_loglog/DNN/HRS_SHARED/S7_S8/repair/adl/cal_DRESSA.png,figure,no_generated_output
analysis/HRS/figures/damage_repair_calibration_loglog/DNN/HRS_SHARED/S7_S8/repair/adl/cal_EATA.png,figure,no_generated_output
analysis/HRS/figures/damage_repair_calibration_loglog/DNN/HRS_SHARED/S7_S8/repair/adl/cal_LIFTA.png,figure,no_generated_output
analysis/HRS/figures/damage_repair_calibration_loglog/DNN/HRS_SHARED/S7_S8/repair/adl/cal_MONEYA.png,figure,no_generated_output
analysis/HRS/figures/damage_repair_calibration_loglog/DNN/HRS_SHARED/S7_S8/repair/adl/cal_PHONEA.png,figure,no_generated_output
analysis/HRS/figures/damage_repair_calibration_loglog/DNN/HRS_SHARED/S7_S8/repair/adl/cal_POOLED_adl.png,figure,no_generated_output
analysis/HRS/figures/damage_repair_calibration_loglog/DNN/HRS_SHARED/S7_S8/repair/adl/cal_PUSHA.png,figure,no_generated_output
analysis/HRS/figures/damage_repair_calibration_loglog/DNN/HRS_SHARED/S7_S8/repair/adl/cal_SHOPA.png,figure,no_generated_output
analysis/HRS/figures/damage_repair_calibration_loglog/DNN/HRS_SHARED/S7_S8/repair/adl/cal_STOOPA.png,figure,no_generated_output
analysis/HRS/figures/damage_repair_calibration_loglog/DNN/HRS_SHARED/S7_S8/repair/adl/cal_TOILTA.png,figure,no_generated_output
analysis/HRS/figures/damage_repair_calibration_loglog/DNN/HRS_SHARED/S7_S8/repair/adl/cal_WALKRA.png,figure,no_generated_output
analysis/HRS/figures/damage_repair_calibration_loglog/DNN/HRS_SHARED/S7_S8/repair/disease/cal_ARTHRE.png,figure,no_generated_output
analysis/HRS/figures/damage_repair_calibration_loglog/DNN/HRS_SHARED/S7_S8/repair/disease/cal_CANCRE.png,figure,no_generated_output
analysis/HRS/figures/damage_repair_calibration_loglog/DNN/HRS_SHARED/S7_S8/repair/disease/cal_DIABE.png,figure,no_generated_output
analysis/HRS/figures/damage_repair_calibration_loglog/DNN/HRS_SHARED/S7_S8/repair/disease/cal_HEARTE.png,figure,no_generated_output
analysis/HRS/figures/damage_repair_calibration_loglog/DNN/HRS_SHARED/S7_S8/repair/disease/cal_HIBPE.png,figure,no_generated_output
analysis/HRS/figures/damage_repair_calibration_loglog/DNN/HRS_SHARED/S7_S8/repair/disease/cal_LUNGE.png,figure,no_generated_output
analysis/HRS/figures/damage_repair_calibration_loglog/DNN/HRS_SHARED/S7_S8/repair/disease/cal_POOLED_disease.png,figure,no_generated_output
analysis/HRS/figures/damage_repair_calibration_loglog/DNN/HRS_SHARED/S7_S8/repair/disease/cal_STROKE.png,figure,no_generated_output
analysis/HRS/figures/damage_repair_calibration_loglog/DNN/HRS_SHARED/S8_S9/damage/adl/cal_ARMSA.png,figure,no_generated_output
analysis/HRS/figures/damage_repair_calibration_loglog/DNN/HRS_SHARED/S8_S9/damage/adl/cal_BATHA.png,figure,no_generated_output
analysis/HRS/figures/damage_repair_calibration_loglog/DNN/HRS_SHARED/S8_S9/damage/adl/cal_BEDA.png,figure,no_generated_output
analysis/HRS/figures/damage_repair_calibration_loglog/DNN/HRS_SHARED/S8_S9/damage/adl/cal_CHAIRA.png,figure,no_generated_output
analysis/HRS/figures/damage_repair_calibration_loglog/DNN/HRS_SHARED/S8_S9/damage/adl/cal_CLIM1A.png,figure,no_generated_output
analysis/HRS/figures/damage_repair_calibration_loglog/DNN/HRS_SHARED/S8_S9/damage/adl/cal_CLIMSA.png,figure,no_generated_output
analysis/HRS/figures/damage_repair_calibration_loglog/DNN/HRS_SHARED/S8_S9/damage/adl/cal_DIMEA.png,figure,no_generated_output
analysis/HRS/figures/damage_repair_calibration_loglog/DNN/HRS_SHARED/S8_S9/damage/adl/cal_DRESSA.png,figure,no_generated_output
analysis/HRS/figures/damage_repair_calibration_loglog/DNN/HRS_SHARED/S8_S9/damage/adl/cal_EATA.png,figure,no_generated_output
analysis/HRS/figures/damage_repair_calibration_loglog/DNN/HRS_SHARED/S8_S9/damage/adl/cal_LIFTA.png,figure,no_generated_output
analysis/HRS/figures/damage_repair_calibration_loglog/DNN/HRS_SHARED/S8_S9/damage/adl/cal_MONEYA.png,figure,no_generated_output
analysis/HRS/figures/damage_repair_calibration_loglog/DNN/HRS_SHARED/S8_S9/damage/adl/cal_PHONEA.png,figure,no_generated_output
analysis/HRS/figures/damage_repair_calibration_loglog/DNN/HRS_SHARED/S8_S9/damage/adl/cal_POOLED_adl.png,figure,no_generated_output
analysis/HRS/figures/damage_repair_calibration_loglog/DNN/HRS_SHARED/S8_S9/damage/adl/cal_PUSHA.png,figure,no_generated_output
analysis/HRS/figures/damage_repair_calibration_loglog/DNN/HRS_SHARED/S8_S9/damage/adl/cal_SHOPA.png,figure,no_generated_output
analysis/HRS/figures/damage_repair_calibration_loglog/DNN/HRS_SHARED/S8_S9/damage/adl/cal_STOOPA.png,figure,no_generated_output
analysis/HRS/figures/damage_repair_calibration_loglog/DNN/HRS_SHARED/S8_S9/damage/adl/cal_TOILTA.png,figure,no_generated_output
analysis/HRS/figures/damage_repair_calibration_loglog/DNN/HRS_SHARED/S8_S9/damage/adl/cal_WALKRA.png,figure,no_generated_output
analysis/HRS/figures/damage_repair_calibration_loglog/DNN/HRS_SHARED/S8_S9/damage/disease/cal_ARTHRE.png,figure,no_generated_output
analysis/HRS/figures/damage_repair_calibration_loglog/DNN/HRS_SHARED/S8_S9/damage/disease/cal_CANCRE.png,figure,no_generated_output
analysis/HRS/figures/damage_repair_calibration_loglog/DNN/HRS_SHARED/S8_S9/damage/disease/cal_DIABE.png,figure,no_generated_output
analysis/HRS/figures/damage_repair_calibration_loglog/DNN/HRS_SHARED/S8_S9/damage/disease/cal_HEARTE.png,figure,no_generated_output
analysis/HRS/figures/damage_repair_calibration_loglog/DNN/HRS_SHARED/S8_S9/damage/disease/cal_HIBPE.png,figure,no_generated_output
analysis/HRS/figures/damage_repair_calibration_loglog/DNN/HRS_SHARED/S8_S9/damage/disease/cal_LUNGE.png,figure,no_generated_output
analysis/HRS/figures/damage_repair_calibration_loglog/DNN/HRS_SHARED/S8_S9/damage/disease/cal_POOLED_disease.png,figure,no_generated_output
analysis/HRS/figures/damage_repair_calibration_loglog/DNN/HRS_SHARED/S8_S9/damage/disease/cal_STROKE.png,figure,no_generated_output
analysis/HRS/figures/damage_repair_calibration_loglog/DNN/HRS_SHARED/S8_S9/repair/adl/cal_ARMSA.png,figure,no_generated_output
analysis/HRS/figures/damage_repair_calibration_loglog/DNN/HRS_SHARED/S8_S9/repair/adl/cal_BATHA.png,figure,no_generated_output
analysis/HRS/figures/damage_repair_calibration_loglog/DNN/HRS_SHARED/S8_S9/repair/adl/cal_BEDA.png,figure,no_generated_output
analysis/HRS/figures/damage_repair_calibration_loglog/DNN/HRS_SHARED/S8_S9/repair/adl/cal_CHAIRA.png,figure,no_generated_output
analysis/HRS/figures/damage_repair_calibration_loglog/DNN/HRS_SHARED/S8_S9/repair/adl/cal_CLIM1A.png,figure,no_generated_output
analysis/HRS/figures/damage_repair_calibration_loglog/DNN/HRS_SHARED/S8_S9/repair/adl/cal_CLIMSA.png,figure,no_generated_output
analysis/HRS/figures/damage_repair_calibration_loglog/DNN/HRS_SHARED/S8_S9/repair/adl/cal_DIMEA.png,figure,no_generated_output
analysis/HRS/figures/damage_repair_calibration_loglog/DNN/HRS_SHARED/S8_S9/repair/adl/cal_DRESSA.png,figure,no_generated_output
analysis/HRS/figures/damage_repair_calibration_loglog/DNN/HRS_SHARED/S8_S9/repair/adl/cal_EATA.png,figure,no_generated_output
analysis/HRS/figures/damage_repair_calibration_loglog/DNN/HRS_SHARED/S8_S9/repair/adl/cal_LIFTA.png,figure,no_generated_output
analysis/HRS/figures/damage_repair_calibration_loglog/DNN/HRS_SHARED/S8_S9/repair/adl/cal_MONEYA.png,figure,no_generated_output
analysis/HRS/figures/damage_repair_calibration_loglog/DNN/HRS_SHARED/S8_S9/repair/adl/cal_PHONEA.png,figure,no_generated_output
analysis/HRS/figures/damage_repair_calibration_loglog/DNN/HRS_SHARED/S8_S9/repair/adl/cal_POOLED_adl.png,figure,no_generated_output
analysis/HRS/figures/damage_repair_calibration_loglog/DNN/HRS_SHARED/S8_S9/repair/adl/cal_PUSHA.png,figure,no_generated_output
analysis/HRS/figures/damage_repair_calibration_loglog/DNN/HRS_SHARED/S8_S9/repair/adl/cal_SHOPA.png,figure,no_generated_output
analysis/HRS/figures/damage_repair_calibration_loglog/DNN/HRS_SHARED/S8_S9/repair/adl/cal_STOOPA.png,figure,no_generated_output
analysis/HRS/figures/damage_repair_calibration_loglog/DNN/HRS_SHARED/S8_S9/repair/adl/cal_TOILTA.png,figure,no_generated_output
analysis/HRS/figures/damage_repair_calibration_loglog/DNN/HRS_SHARED/S8_S9/repair/adl/cal_WALKRA.png,figure,no_generated_output
analysis/HRS/figures/damage_repair_calibration_loglog/DNN/HRS_SHARED/S8_S9/repair/disease/cal_ARTHRE.png,figure,no_generated_output
analysis/HRS/figures/damage_repair_calibration_loglog/DNN/HRS_SHARED/S8_S9/repair/disease/cal_CANCRE.png,figure,no_generated_output
analysis/HRS/figures/damage_repair_calibration_loglog/DNN/HRS_SHARED/S8_S9/repair/disease/cal_DIABE.png,figure,no_generated_output
analysis/HRS/figures/damage_repair_calibration_loglog/DNN/HRS_SHARED/S8_S9/repair/disease/cal_HEARTE.png,figure,no_generated_output
analysis/HRS/figures/damage_repair_calibration_loglog/DNN/HRS_SHARED/S8_S9/repair/disease/cal_HIBPE.png,figure,no_generated_output
analysis/HRS/figures/damage_repair_calibration_loglog/DNN/HRS_SHARED/S8_S9/repair/disease/cal_LUNGE.png,figure,no_generated_output
analysis/HRS/figures/damage_repair_calibration_loglog/DNN/HRS_SHARED/S8_S9/repair/disease/cal_POOLED_disease.png,figure,no_generated_output
analysis/HRS/figures/damage_repair_calibration_loglog/DNN/HRS_SHARED/S8_S9/repair/disease/cal_STROKE.png,figure,no_generated_output
analysis/HRS/figures/damage_repair_calibration_loglog/DNN/HRS_SHARED/S9_S10/damage/adl/cal_ARMSA.png,figure,no_generated_output
analysis/HRS/figures/damage_repair_calibration_loglog/DNN/HRS_SHARED/S9_S10/damage/adl/cal_BATHA.png,figure,no_generated_output
analysis/HRS/figures/damage_repair_calibration_loglog/DNN/HRS_SHARED/S9_S10/damage/adl/cal_BEDA.png,figure,no_generated_output
analysis/HRS/figures/damage_repair_calibration_loglog/DNN/HRS_SHARED/S9_S10/damage/adl/cal_CHAIRA.png,figure,no_generated_output
analysis/HRS/figures/damage_repair_calibration_loglog/DNN/HRS_SHARED/S9_S10/damage/adl/cal_CLIM1A.png,figure,no_generated_output
analysis/HRS/figures/damage_repair_calibration_loglog/DNN/HRS_SHARED/S9_S10/damage/adl/cal_CLIMSA.png,figure,no_generated_output
analysis/HRS/figures/damage_repair_calibration_loglog/DNN/HRS_SHARED/S9_S10/damage/adl/cal_DIMEA.png,figure,no_generated_output
analysis/HRS/figures/damage_repair_calibration_loglog/DNN/HRS_SHARED/S9_S10/damage/adl/cal_DRESSA.png,figure,no_generated_output
analysis/HRS/figures/damage_repair_calibration_loglog/DNN/HRS_SHARED/S9_S10/damage/adl/cal_EATA.png,figure,no_generated_output
analysis/HRS/figures/damage_repair_calibration_loglog/DNN/HRS_SHARED/S9_S10/damage/adl/cal_LIFTA.png,figure,no_generated_output
analysis/HRS/figures/damage_repair_calibration_loglog/DNN/HRS_SHARED/S9_S10/damage/adl/cal_MONEYA.png,figure,no_generated_output
analysis/HRS/figures/damage_repair_calibration_loglog/DNN/HRS_SHARED/S9_S10/damage/adl/cal_PHONEA.png,figure,no_generated_output
analysis/HRS/figures/damage_repair_calibration_loglog/DNN/HRS_SHARED/S9_S10/damage/adl/cal_POOLED_adl.png,figure,no_generated_output
analysis/HRS/figures/damage_repair_calibration_loglog/DNN/HRS_SHARED/S9_S10/damage/adl/cal_PUSHA.png,figure,no_generated_output
analysis/HRS/figures/damage_repair_calibration_loglog/DNN/HRS_SHARED/S9_S10/damage/adl/cal_SHOPA.png,figure,no_generated_output
analysis/HRS/figures/damage_repair_calibration_loglog/DNN/HRS_SHARED/S9_S10/damage/adl/cal_STOOPA.png,figure,no_generated_output
analysis/HRS/figures/damage_repair_calibration_loglog/DNN/HRS_SHARED/S9_S10/damage/adl/cal_TOILTA.png,figure,no_generated_output
analysis/HRS/figures/damage_repair_calibration_loglog/DNN/HRS_SHARED/S9_S10/damage/adl/cal_WALKRA.png,figure,no_generated_output
analysis/HRS/figures/damage_repair_calibration_loglog/DNN/HRS_SHARED/S9_S10/damage/disease/cal_ARTHRE.png,figure,no_generated_output
analysis/HRS/figures/damage_repair_calibration_loglog/DNN/HRS_SHARED/S9_S10/damage/disease/cal_CANCRE.png,figure,no_generated_output
analysis/HRS/figures/damage_repair_calibration_loglog/DNN/HRS_SHARED/S9_S10/damage/disease/cal_DIABE.png,figure,no_generated_output
analysis/HRS/figures/damage_repair_calibration_loglog/DNN/HRS_SHARED/S9_S10/damage/disease/cal_HEARTE.png,figure,no_generated_output
analysis/HRS/figures/damage_repair_calibration_loglog/DNN/HRS_SHARED/S9_S10/damage/disease/cal_HIBPE.png,figure,no_generated_output
analysis/HRS/figures/damage_repair_calibration_loglog/DNN/HRS_SHARED/S9_S10/damage/disease/cal_LUNGE.png,figure,no_generated_output
analysis/HRS/figures/damage_repair_calibration_loglog/DNN/HRS_SHARED/S9_S10/damage/disease/cal_POOLED_disease.png,figure,no_generated_output
analysis/HRS/figures/damage_repair_calibration_loglog/DNN/HRS_SHARED/S9_S10/damage/disease/cal_STROKE.png,figure,no_generated_output
analysis/HRS/figures/damage_repair_calibration_loglog/DNN/HRS_SHARED/S9_S10/repair/adl/cal_ARMSA.png,figure,no_generated_output
analysis/HRS/figures/damage_repair_calibration_loglog/DNN/HRS_SHARED/S9_S10/repair/adl/cal_BATHA.png,figure,no_generated_output
analysis/HRS/figures/damage_repair_calibration_loglog/DNN/HRS_SHARED/S9_S10/repair/adl/cal_BEDA.png,figure,no_generated_output
analysis/HRS/figures/damage_repair_calibration_loglog/DNN/HRS_SHARED/S9_S10/repair/adl/cal_CHAIRA.png,figure,no_generated_output
analysis/HRS/figures/damage_repair_calibration_loglog/DNN/HRS_SHARED/S9_S10/repair/adl/cal_CLIM1A.png,figure,no_generated_output
analysis/HRS/figures/damage_repair_calibration_loglog/DNN/HRS_SHARED/S9_S10/repair/adl/cal_CLIMSA.png,figure,no_generated_output
analysis/HRS/figures/damage_repair_calibration_loglog/DNN/HRS_SHARED/S9_S10/repair/adl/cal_DIMEA.png,figure,no_generated_output
analysis/HRS/figures/damage_repair_calibration_loglog/DNN/HRS_SHARED/S9_S10/repair/adl/cal_DRESSA.png,figure,no_generated_output
analysis/HRS/figures/damage_repair_calibration_loglog/DNN/HRS_SHARED/S9_S10/repair/adl/cal_EATA.png,figure,no_generated_output
analysis/HRS/figures/damage_repair_calibration_loglog/DNN/HRS_SHARED/S9_S10/repair/adl/cal_LIFTA.png,figure,no_generated_output
analysis/HRS/figures/damage_repair_calibration_loglog/DNN/HRS_SHARED/S9_S10/repair/adl/cal_MONEYA.png,figure,no_generated_output
analysis/HRS/figures/damage_repair_calibration_loglog/DNN/HRS_SHARED/S9_S10/repair/adl/cal_PHONEA.png,figure,no_generated_output
analysis/HRS/figures/damage_repair_calibration_loglog/DNN/HRS_SHARED/S9_S10/repair/adl/cal_POOLED_adl.png,figure,no_generated_output
analysis/HRS/figures/damage_repair_calibration_loglog/DNN/HRS_SHARED/S9_S10/repair/adl/cal_PUSHA.png,figure,no_generated_output
analysis/HRS/figures/damage_repair_calibration_loglog/DNN/HRS_SHARED/S9_S10/repair/adl/cal_SHOPA.png,figure,no_generated_output
analysis/HRS/figures/damage_repair_calibration_loglog/DNN/HRS_SHARED/S9_S10/repair/adl/cal_STOOPA.png,figure,no_generated_output
analysis/HRS/figures/damage_repair_calibration_loglog/DNN/HRS_SHARED/S9_S10/repair/adl/cal_TOILTA.png,figure,no_generated_output
analysis/HRS/figures/damage_repair_calibration_loglog/DNN/HRS_SHARED/S9_S10/repair/adl/cal_WALKRA.png,figure,no_generated_output
analysis/HRS/figures/damage_repair_calibration_loglog/DNN/HRS_SHARED/S9_S10/repair/disease/cal_ARTHRE.png,figure,no_generated_output
analysis/HRS/figures/damage_repair_calibration_loglog/DNN/HRS_SHARED/S9_S10/repair/disease/cal_CANCRE.png,figure,no_generated_output
analysis/HRS/figures/damage_repair_calibration_loglog/DNN/HRS_SHARED/S9_S10/repair/disease/cal_DIABE.png,figure,no_generated_output
analysis/HRS/figures/damage_repair_calibration_loglog/DNN/HRS_SHARED/S9_S10/repair/disease/cal_HEARTE.png,figure,no_generated_output
analysis/HRS/figures/damage_repair_calibration_loglog/DNN/HRS_SHARED/S9_S10/repair/disease/cal_HIBPE.png,figure,no_generated_output
analysis/HRS/figures/damage_repair_calibration_loglog/DNN/HRS_SHARED/S9_S10/repair/disease/cal_LUNGE.png,figure,no_generated_output
analysis/HRS/figures/damage_repair_calibration_loglog/DNN/HRS_SHARED/S9_S10/repair/disease/cal_POOLED_disease.png,figure,no_generated_output
analysis/HRS/figures/damage_repair_calibration_loglog/DNN/HRS_SHARED/S9_S10/repair/disease/cal_STROKE.png,figure,no_generated_output
analysis/HRS/figures/damage_repair_calibration_loglog/HRS_SHARED/S10_S11/damage/adl/cal_ARMSA.png,figure,no_generated_output
analysis/HRS/figures/damage_repair_calibration_loglog/HRS_SHARED/S10_S11/damage/adl/cal_BATHA.png,figure,no_generated_output
analysis/HRS/figures/damage_repair_calibration_loglog/HRS_SHARED/S10_S11/damage/adl/cal_BEDA.png,figure,no_generated_output
analysis/HRS/figures/damage_repair_calibration_loglog/HRS_SHARED/S10_S11/damage/adl/cal_CHAIRA.png,figure,no_generated_output
analysis/HRS/figures/damage_repair_calibration_loglog/HRS_SHARED/S10_S11/damage/adl/cal_CLIM1A.png,figure,no_generated_output
analysis/HRS/figures/damage_repair_calibration_loglog/HRS_SHARED/S10_S11/damage/adl/cal_CLIMSA.png,figure,no_generated_output
analysis/HRS/figures/damage_repair_calibration_loglog/HRS_SHARED/S10_S11/damage/adl/cal_DIMEA.png,figure,no_generated_output
analysis/HRS/figures/damage_repair_calibration_loglog/HRS_SHARED/S10_S11/damage/adl/cal_DRESSA.png,figure,no_generated_output
analysis/HRS/figures/damage_repair_calibration_loglog/HRS_SHARED/S10_S11/damage/adl/cal_EATA.png,figure,no_generated_output
analysis/HRS/figures/damage_repair_calibration_loglog/HRS_SHARED/S10_S11/damage/adl/cal_LIFTA.png,figure,no_generated_output
analysis/HRS/figures/damage_repair_calibration_loglog/HRS_SHARED/S10_S11/damage/adl/cal_MONEYA.png,figure,no_generated_output
analysis/HRS/figures/damage_repair_calibration_loglog/HRS_SHARED/S10_S11/damage/adl/cal_PHONEA.png,figure,no_generated_output
analysis/HRS/figures/damage_repair_calibration_loglog/HRS_SHARED/S10_S11/damage/adl/cal_POOLED_adl.png,figure,no_generated_output
analysis/HRS/figures/damage_repair_calibration_loglog/HRS_SHARED/S10_S11/damage/adl/cal_PUSHA.png,figure,no_generated_output
analysis/HRS/figures/damage_repair_calibration_loglog/HRS_SHARED/S10_S11/damage/adl/cal_SHOPA.png,figure,no_generated_output
analysis/HRS/figures/damage_repair_calibration_loglog/HRS_SHARED/S10_S11/damage/adl/cal_STOOPA.png,figure,no_generated_output
analysis/HRS/figures/damage_repair_calibration_loglog/HRS_SHARED/S10_S11/damage/adl/cal_TOILTA.png,figure,no_generated_output
analysis/HRS/figures/damage_repair_calibration_loglog/HRS_SHARED/S10_S11/damage/adl/cal_WALKRA.png,figure,no_generated_output
analysis/HRS/figures/damage_repair_calibration_loglog/HRS_SHARED/S10_S11/damage/disease/cal_ARTHRE.png,figure,no_generated_output
analysis/HRS/figures/damage_repair_calibration_loglog/HRS_SHARED/S10_S11/damage/disease/cal_CANCRE.png,figure,no_generated_output
analysis/HRS/figures/damage_repair_calibration_loglog/HRS_SHARED/S10_S11/damage/disease/cal_DIABE.png,figure,no_generated_output
analysis/HRS/figures/damage_repair_calibration_loglog/HRS_SHARED/S10_S11/damage/disease/cal_HEARTE.png,figure,no_generated_output
analysis/HRS/figures/damage_repair_calibration_loglog/HRS_SHARED/S10_S11/damage/disease/cal_HIBPE.png,figure,no_generated_output
analysis/HRS/figures/damage_repair_calibration_loglog/HRS_SHARED/S10_S11/damage/disease/cal_LUNGE.png,figure,no_generated_output
analysis/HRS/figures/damage_repair_calibration_loglog/HRS_SHARED/S10_S11/damage/disease/cal_POOLED_disease.png,figure,no_generated_output
analysis/HRS/figures/damage_repair_calibration_loglog/HRS_SHARED/S10_S11/damage/disease/cal_STROKE.png,figure,no_generated_output
analysis/HRS/figures/damage_repair_calibration_loglog/HRS_SHARED/S10_S11/repair/adl/cal_ARMSA.png,figure,no_generated_output
analysis/HRS/figures/damage_repair_calibration_loglog/HRS_SHARED/S10_S11/repair/adl/cal_BATHA.png,figure,no_generated_output
analysis/HRS/figures/damage_repair_calibration_loglog/HRS_SHARED/S10_S11/repair/adl/cal_BEDA.png,figure,no_generated_output
analysis/HRS/figures/damage_repair_calibration_loglog/HRS_SHARED/S10_S11/repair/adl/cal_CHAIRA.png,figure,no_generated_output
analysis/HRS/figures/damage_repair_calibration_loglog/HRS_SHARED/S10_S11/repair/adl/cal_CLIM1A.png,figure,no_generated_output
analysis/HRS/figures/damage_repair_calibration_loglog/HRS_SHARED/S10_S11/repair/adl/cal_CLIMSA.png,figure,no_generated_output
analysis/HRS/figures/damage_repair_calibration_loglog/HRS_SHARED/S10_S11/repair/adl/cal_DIMEA.png,figure,no_generated_output
analysis/HRS/figures/damage_repair_calibration_loglog/HRS_SHARED/S10_S11/repair/adl/cal_DRESSA.png,figure,no_generated_output
analysis/HRS/figures/damage_repair_calibration_loglog/HRS_SHARED/S10_S11/repair/adl/cal_EATA.png,figure,no_generated_output
analysis/HRS/figures/damage_repair_calibration_loglog/HRS_SHARED/S10_S11/repair/adl/cal_LIFTA.png,figure,no_generated_output
analysis/HRS/figures/damage_repair_calibration_loglog/HRS_SHARED/S10_S11/repair/adl/cal_MONEYA.png,figure,no_generated_output
analysis/HRS/figures/damage_repair_calibration_loglog/HRS_SHARED/S10_S11/repair/adl/cal_PHONEA.png,figure,no_generated_output
analysis/HRS/figures/damage_repair_calibration_loglog/HRS_SHARED/S10_S11/repair/adl/cal_POOLED_adl.png,figure,no_generated_output
analysis/HRS/figures/damage_repair_calibration_loglog/HRS_SHARED/S10_S11/repair/adl/cal_PUSHA.png,figure,no_generated_output
analysis/HRS/figures/damage_repair_calibration_loglog/HRS_SHARED/S10_S11/repair/adl/cal_SHOPA.png,figure,no_generated_output
analysis/HRS/figures/damage_repair_calibration_loglog/HRS_SHARED/S10_S11/repair/adl/cal_STOOPA.png,figure,no_generated_output
analysis/HRS/figures/damage_repair_calibration_loglog/HRS_SHARED/S10_S11/repair/adl/cal_TOILTA.png,figure,no_generated_output
analysis/HRS/figures/damage_repair_calibration_loglog/HRS_SHARED/S10_S11/repair/adl/cal_WALKRA.png,figure,no_generated_output
analysis/HRS/figures/damage_repair_calibration_loglog/HRS_SHARED/S10_S11/repair/disease/cal_ARTHRE.png,figure,no_generated_output
analysis/HRS/figures/damage_repair_calibration_loglog/HRS_SHARED/S10_S11/repair/disease/cal_CANCRE.png,figure,no_generated_output
analysis/HRS/figures/damage_repair_calibration_loglog/HRS_SHARED/S10_S11/repair/disease/cal_DIABE.png,figure,no_generated_output
analysis/HRS/figures/damage_repair_calibration_loglog/HRS_SHARED/S10_S11/repair/disease/cal_HEARTE.png,figure,no_generated_output
analysis/HRS/figures/damage_repair_calibration_loglog/HRS_SHARED/S10_S11/repair/disease/cal_HIBPE.png,figure,no_generated_output
analysis/HRS/figures/damage_repair_calibration_loglog/HRS_SHARED/S10_S11/repair/disease/cal_LUNGE.png,figure,no_generated_output
analysis/HRS/figures/damage_repair_calibration_loglog/HRS_SHARED/S10_S11/repair/disease/cal_POOLED_disease.png,figure,no_generated_output
analysis/HRS/figures/damage_repair_calibration_loglog/HRS_SHARED/S10_S11/repair/disease/cal_STROKE.png,figure,no_generated_output
analysis/HRS/figures/damage_repair_calibration_loglog/HRS_SHARED/S11_S12/damage/adl/cal_ARMSA.png,figure,no_generated_output
analysis/HRS/figures/damage_repair_calibration_loglog/HRS_SHARED/S11_S12/damage/adl/cal_BATHA.png,figure,no_generated_output
analysis/HRS/figures/damage_repair_calibration_loglog/HRS_SHARED/S11_S12/damage/adl/cal_BEDA.png,figure,no_generated_output
analysis/HRS/figures/damage_repair_calibration_loglog/HRS_SHARED/S11_S12/damage/adl/cal_CHAIRA.png,figure,no_generated_output
analysis/HRS/figures/damage_repair_calibration_loglog/HRS_SHARED/S11_S12/damage/adl/cal_CLIM1A.png,figure,no_generated_output
analysis/HRS/figures/damage_repair_calibration_loglog/HRS_SHARED/S11_S12/damage/adl/cal_CLIMSA.png,figure,no_generated_output
analysis/HRS/figures/damage_repair_calibration_loglog/HRS_SHARED/S11_S12/damage/adl/cal_DIMEA.png,figure,no_generated_output
analysis/HRS/figures/damage_repair_calibration_loglog/HRS_SHARED/S11_S12/damage/adl/cal_DRESSA.png,figure,no_generated_output
analysis/HRS/figures/damage_repair_calibration_loglog/HRS_SHARED/S11_S12/damage/adl/cal_EATA.png,figure,no_generated_output
analysis/HRS/figures/damage_repair_calibration_loglog/HRS_SHARED/S11_S12/damage/adl/cal_LIFTA.png,figure,no_generated_output
analysis/HRS/figures/damage_repair_calibration_loglog/HRS_SHARED/S11_S12/damage/adl/cal_MONEYA.png,figure,no_generated_output
analysis/HRS/figures/damage_repair_calibration_loglog/HRS_SHARED/S11_S12/damage/adl/cal_PHONEA.png,figure,no_generated_output
analysis/HRS/figures/damage_repair_calibration_loglog/HRS_SHARED/S11_S12/damage/adl/cal_POOLED_adl.png,figure,no_generated_output
analysis/HRS/figures/damage_repair_calibration_loglog/HRS_SHARED/S11_S12/damage/adl/cal_PUSHA.png,figure,no_generated_output
analysis/HRS/figures/damage_repair_calibration_loglog/HRS_SHARED/S11_S12/damage/adl/cal_SHOPA.png,figure,no_generated_output
analysis/HRS/figures/damage_repair_calibration_loglog/HRS_SHARED/S11_S12/damage/adl/cal_STOOPA.png,figure,no_generated_output
analysis/HRS/figures/damage_repair_calibration_loglog/HRS_SHARED/S11_S12/damage/adl/cal_TOILTA.png,figure,no_generated_output
analysis/HRS/figures/damage_repair_calibration_loglog/HRS_SHARED/S11_S12/damage/adl/cal_WALKRA.png,figure,no_generated_output
analysis/HRS/figures/damage_repair_calibration_loglog/HRS_SHARED/S11_S12/damage/disease/cal_ARTHRE.png,figure,no_generated_output
analysis/HRS/figures/damage_repair_calibration_loglog/HRS_SHARED/S11_S12/damage/disease/cal_CANCRE.png,figure,no_generated_output
analysis/HRS/figures/damage_repair_calibration_loglog/HRS_SHARED/S11_S12/damage/disease/cal_DIABE.png,figure,no_generated_output
analysis/HRS/figures/damage_repair_calibration_loglog/HRS_SHARED/S11_S12/damage/disease/cal_HEARTE.png,figure,no_generated_output
analysis/HRS/figures/damage_repair_calibration_loglog/HRS_SHARED/S11_S12/damage/disease/cal_HIBPE.png,figure,no_generated_output
analysis/HRS/figures/damage_repair_calibration_loglog/HRS_SHARED/S11_S12/damage/disease/cal_LUNGE.png,figure,no_generated_output
analysis/HRS/figures/damage_repair_calibration_loglog/HRS_SHARED/S11_S12/damage/disease/cal_POOLED_disease.png,figure,no_generated_output
analysis/HRS/figures/damage_repair_calibration_loglog/HRS_SHARED/S11_S12/damage/disease/cal_STROKE.png,figure,no_generated_output
analysis/HRS/figures/damage_repair_calibration_loglog/HRS_SHARED/S11_S12/repair/adl/cal_ARMSA.png,figure,no_generated_output
analysis/HRS/figures/damage_repair_calibration_loglog/HRS_SHARED/S11_S12/repair/adl/cal_BATHA.png,figure,no_generated_output
analysis/HRS/figures/damage_repair_calibration_loglog/HRS_SHARED/S11_S12/repair/adl/cal_BEDA.png,figure,no_generated_output
analysis/HRS/figures/damage_repair_calibration_loglog/HRS_SHARED/S11_S12/repair/adl/cal_CHAIRA.png,figure,no_generated_output
analysis/HRS/figures/damage_repair_calibration_loglog/HRS_SHARED/S11_S12/repair/adl/cal_CLIM1A.png,figure,no_generated_output
analysis/HRS/figures/damage_repair_calibration_loglog/HRS_SHARED/S11_S12/repair/adl/cal_CLIMSA.png,figure,no_generated_output
analysis/HRS/figures/damage_repair_calibration_loglog/HRS_SHARED/S11_S12/repair/adl/cal_DIMEA.png,figure,no_generated_output
analysis/HRS/figures/damage_repair_calibration_loglog/HRS_SHARED/S11_S12/repair/adl/cal_DRESSA.png,figure,no_generated_output
analysis/HRS/figures/damage_repair_calibration_loglog/HRS_SHARED/S11_S12/repair/adl/cal_EATA.png,figure,no_generated_output
analysis/HRS/figures/damage_repair_calibration_loglog/HRS_SHARED/S11_S12/repair/adl/cal_LIFTA.png,figure,no_generated_output
analysis/HRS/figures/damage_repair_calibration_loglog/HRS_SHARED/S11_S12/repair/adl/cal_MONEYA.png,figure,no_generated_output
analysis/HRS/figures/damage_repair_calibration_loglog/HRS_SHARED/S11_S12/repair/adl/cal_PHONEA.png,figure,no_generated_output
analysis/HRS/figures/damage_repair_calibration_loglog/HRS_SHARED/S11_S12/repair/adl/cal_POOLED_adl.png,figure,no_generated_output
analysis/HRS/figures/damage_repair_calibration_loglog/HRS_SHARED/S11_S12/repair/adl/cal_PUSHA.png,figure,no_generated_output
analysis/HRS/figures/damage_repair_calibration_loglog/HRS_SHARED/S11_S12/repair/adl/cal_SHOPA.png,figure,no_generated_output
analysis/HRS/figures/damage_repair_calibration_loglog/HRS_SHARED/S11_S12/repair/adl/cal_STOOPA.png,figure,no_generated_output
analysis/HRS/figures/damage_repair_calibration_loglog/HRS_SHARED/S11_S12/repair/adl/cal_TOILTA.png,figure,no_generated_output
analysis/HRS/figures/damage_repair_calibration_loglog/HRS_SHARED/S11_S12/repair/adl/cal_WALKRA.png,figure,no_generated_output
analysis/HRS/figures/damage_repair_calibration_loglog/HRS_SHARED/S11_S12/repair/disease/cal_ARTHRE.png,figure,no_generated_output
analysis/HRS/figures/damage_repair_calibration_loglog/HRS_SHARED/S11_S12/repair/disease/cal_CANCRE.png,figure,no_generated_output
analysis/HRS/figures/damage_repair_calibration_loglog/HRS_SHARED/S11_S12/repair/disease/cal_DIABE.png,figure,no_generated_output
analysis/HRS/figures/damage_repair_calibration_loglog/HRS_SHARED/S11_S12/repair/disease/cal_HEARTE.png,figure,no_generated_output
analysis/HRS/figures/damage_repair_calibration_loglog/HRS_SHARED/S11_S12/repair/disease/cal_HIBPE.png,figure,no_generated_output
analysis/HRS/figures/damage_repair_calibration_loglog/HRS_SHARED/S11_S12/repair/disease/cal_LUNGE.png,figure,no_generated_output
analysis/HRS/figures/damage_repair_calibration_loglog/HRS_SHARED/S11_S12/repair/disease/cal_POOLED_disease.png,figure,no_generated_output
analysis/HRS/figures/damage_repair_calibration_loglog/HRS_SHARED/S11_S12/repair/disease/cal_STROKE.png,figure,no_generated_output
analysis/HRS/figures/damage_repair_calibration_loglog/HRS_SHARED/S12_S13/damage/adl/cal_ARMSA.png,figure,no_generated_output
analysis/HRS/figures/damage_repair_calibration_loglog/HRS_SHARED/S12_S13/damage/adl/cal_BATHA.png,figure,no_generated_output
analysis/HRS/figures/damage_repair_calibration_loglog/HRS_SHARED/S12_S13/damage/adl/cal_BEDA.png,figure,no_generated_output
analysis/HRS/figures/damage_repair_calibration_loglog/HRS_SHARED/S12_S13/damage/adl/cal_CHAIRA.png,figure,no_generated_output
analysis/HRS/figures/damage_repair_calibration_loglog/HRS_SHARED/S12_S13/damage/adl/cal_CLIM1A.png,figure,no_generated_output
analysis/HRS/figures/damage_repair_calibration_loglog/HRS_SHARED/S12_S13/damage/adl/cal_CLIMSA.png,figure,no_generated_output
analysis/HRS/figures/damage_repair_calibration_loglog/HRS_SHARED/S12_S13/damage/adl/cal_DIMEA.png,figure,no_generated_output
analysis/HRS/figures/damage_repair_calibration_loglog/HRS_SHARED/S12_S13/damage/adl/cal_DRESSA.png,figure,no_generated_output
analysis/HRS/figures/damage_repair_calibration_loglog/HRS_SHARED/S12_S13/damage/adl/cal_EATA.png,figure,no_generated_output
analysis/HRS/figures/damage_repair_calibration_loglog/HRS_SHARED/S12_S13/damage/adl/cal_LIFTA.png,figure,no_generated_output
analysis/HRS/figures/damage_repair_calibration_loglog/HRS_SHARED/S12_S13/damage/adl/cal_MONEYA.png,figure,no_generated_output
analysis/HRS/figures/damage_repair_calibration_loglog/HRS_SHARED/S12_S13/damage/adl/cal_PHONEA.png,figure,no_generated_output
analysis/HRS/figures/damage_repair_calibration_loglog/HRS_SHARED/S12_S13/damage/adl/cal_POOLED_adl.png,figure,no_generated_output
analysis/HRS/figures/damage_repair_calibration_loglog/HRS_SHARED/S12_S13/damage/adl/cal_PUSHA.png,figure,no_generated_output
analysis/HRS/figures/damage_repair_calibration_loglog/HRS_SHARED/S12_S13/damage/adl/cal_SHOPA.png,figure,no_generated_output
analysis/HRS/figures/damage_repair_calibration_loglog/HRS_SHARED/S12_S13/damage/adl/cal_STOOPA.png,figure,no_generated_output
analysis/HRS/figures/damage_repair_calibration_loglog/HRS_SHARED/S12_S13/damage/adl/cal_TOILTA.png,figure,no_generated_output
analysis/HRS/figures/damage_repair_calibration_loglog/HRS_SHARED/S12_S13/damage/adl/cal_WALKRA.png,figure,no_generated_output
analysis/HRS/figures/damage_repair_calibration_loglog/HRS_SHARED/S12_S13/damage/disease/cal_ARTHRE.png,figure,no_generated_output
analysis/HRS/figures/damage_repair_calibration_loglog/HRS_SHARED/S12_S13/damage/disease/cal_CANCRE.png,figure,no_generated_output
analysis/HRS/figures/damage_repair_calibration_loglog/HRS_SHARED/S12_S13/damage/disease/cal_DIABE.png,figure,no_generated_output
analysis/HRS/figures/damage_repair_calibration_loglog/HRS_SHARED/S12_S13/damage/disease/cal_HEARTE.png,figure,no_generated_output
analysis/HRS/figures/damage_repair_calibration_loglog/HRS_SHARED/S12_S13/damage/disease/cal_HIBPE.png,figure,no_generated_output
analysis/HRS/figures/damage_repair_calibration_loglog/HRS_SHARED/S12_S13/damage/disease/cal_LUNGE.png,figure,no_generated_output
analysis/HRS/figures/damage_repair_calibration_loglog/HRS_SHARED/S12_S13/damage/disease/cal_POOLED_disease.png,figure,no_generated_output
analysis/HRS/figures/damage_repair_calibration_loglog/HRS_SHARED/S12_S13/damage/disease/cal_STROKE.png,figure,no_generated_output
analysis/HRS/figures/damage_repair_calibration_loglog/HRS_SHARED/S12_S13/repair/adl/cal_ARMSA.png,figure,no_generated_output
analysis/HRS/figures/damage_repair_calibration_loglog/HRS_SHARED/S12_S13/repair/adl/cal_BATHA.png,figure,no_generated_output
analysis/HRS/figures/damage_repair_calibration_loglog/HRS_SHARED/S12_S13/repair/adl/cal_BEDA.png,figure,no_generated_output
analysis/HRS/figures/damage_repair_calibration_loglog/HRS_SHARED/S12_S13/repair/adl/cal_CHAIRA.png,figure,no_generated_output
analysis/HRS/figures/damage_repair_calibration_loglog/HRS_SHARED/S12_S13/repair/adl/cal_CLIM1A.png,figure,no_generated_output
analysis/HRS/figures/damage_repair_calibration_loglog/HRS_SHARED/S12_S13/repair/adl/cal_CLIMSA.png,figure,no_generated_output
analysis/HRS/figures/damage_repair_calibration_loglog/HRS_SHARED/S12_S13/repair/adl/cal_DIMEA.png,figure,no_generated_output
analysis/HRS/figures/damage_repair_calibration_loglog/HRS_SHARED/S12_S13/repair/adl/cal_DRESSA.png,figure,no_generated_output
analysis/HRS/figures/damage_repair_calibration_loglog/HRS_SHARED/S12_S13/repair/adl/cal_EATA.png,figure,no_generated_output
analysis/HRS/figures/damage_repair_calibration_loglog/HRS_SHARED/S12_S13/repair/adl/cal_LIFTA.png,figure,no_generated_output
analysis/HRS/figures/damage_repair_calibration_loglog/HRS_SHARED/S12_S13/repair/adl/cal_MONEYA.png,figure,no_generated_output
analysis/HRS/figures/damage_repair_calibration_loglog/HRS_SHARED/S12_S13/repair/adl/cal_PHONEA.png,figure,no_generated_output
analysis/HRS/figures/damage_repair_calibration_loglog/HRS_SHARED/S12_S13/repair/adl/cal_POOLED_adl.png,figure,no_generated_output
analysis/HRS/figures/damage_repair_calibration_loglog/HRS_SHARED/S12_S13/repair/adl/cal_PUSHA.png,figure,no_generated_output
analysis/HRS/figures/damage_repair_calibration_loglog/HRS_SHARED/S12_S13/repair/adl/cal_SHOPA.png,figure,no_generated_output
analysis/HRS/figures/damage_repair_calibration_loglog/HRS_SHARED/S12_S13/repair/adl/cal_STOOPA.png,figure,no_generated_output
analysis/HRS/figures/damage_repair_calibration_loglog/HRS_SHARED/S12_S13/repair/adl/cal_TOILTA.png,figure,no_generated_output
analysis/HRS/figures/damage_repair_calibration_loglog/HRS_SHARED/S12_S13/repair/adl/cal_WALKRA.png,figure,no_generated_output
analysis/HRS/figures/damage_repair_calibration_loglog/HRS_SHARED/S12_S13/repair/disease/cal_ARTHRE.png,figure,no_generated_output
analysis/HRS/figures/damage_repair_calibration_loglog/HRS_SHARED/S12_S13/repair/disease/cal_CANCRE.png,figure,no_generated_output
analysis/HRS/figures/damage_repair_calibration_loglog/HRS_SHARED/S12_S13/repair/disease/cal_DIABE.png,figure,no_generated_output
analysis/HRS/figures/damage_repair_calibration_loglog/HRS_SHARED/S12_S13/repair/disease/cal_HEARTE.png,figure,no_generated_output
analysis/HRS/figures/damage_repair_calibration_loglog/HRS_SHARED/S12_S13/repair/disease/cal_HIBPE.png,figure,no_generated_output
analysis/HRS/figures/damage_repair_calibration_loglog/HRS_SHARED/S12_S13/repair/disease/cal_LUNGE.png,figure,no_generated_output
analysis/HRS/figures/damage_repair_calibration_loglog/HRS_SHARED/S12_S13/repair/disease/cal_POOLED_disease.png,figure,no_generated_output
analysis/HRS/figures/damage_repair_calibration_loglog/HRS_SHARED/S12_S13/repair/disease/cal_STROKE.png,figure,no_generated_output
analysis/HRS/figures/damage_repair_calibration_loglog/HRS_SHARED/S13_S14/damage/adl/cal_ARMSA.png,figure,no_generated_output
analysis/HRS/figures/damage_repair_calibration_loglog/HRS_SHARED/S13_S14/damage/adl/cal_BATHA.png,figure,no_generated_output
analysis/HRS/figures/damage_repair_calibration_loglog/HRS_SHARED/S13_S14/damage/adl/cal_BEDA.png,figure,no_generated_output
analysis/HRS/figures/damage_repair_calibration_loglog/HRS_SHARED/S13_S14/damage/adl/cal_CHAIRA.png,figure,no_generated_output
analysis/HRS/figures/damage_repair_calibration_loglog/HRS_SHARED/S13_S14/damage/adl/cal_CLIM1A.png,figure,no_generated_output
analysis/HRS/figures/damage_repair_calibration_loglog/HRS_SHARED/S13_S14/damage/adl/cal_CLIMSA.png,figure,no_generated_output
analysis/HRS/figures/damage_repair_calibration_loglog/HRS_SHARED/S13_S14/damage/adl/cal_DIMEA.png,figure,no_generated_output
analysis/HRS/figures/damage_repair_calibration_loglog/HRS_SHARED/S13_S14/damage/adl/cal_DRESSA.png,figure,no_generated_output
analysis/HRS/figures/damage_repair_calibration_loglog/HRS_SHARED/S13_S14/damage/adl/cal_EATA.png,figure,no_generated_output
analysis/HRS/figures/damage_repair_calibration_loglog/HRS_SHARED/S13_S14/damage/adl/cal_LIFTA.png,figure,no_generated_output
analysis/HRS/figures/damage_repair_calibration_loglog/HRS_SHARED/S13_S14/damage/adl/cal_MONEYA.png,figure,no_generated_output
analysis/HRS/figures/damage_repair_calibration_loglog/HRS_SHARED/S13_S14/damage/adl/cal_PHONEA.png,figure,no_generated_output
analysis/HRS/figures/damage_repair_calibration_loglog/HRS_SHARED/S13_S14/damage/adl/cal_POOLED_adl.png,figure,no_generated_output
analysis/HRS/figures/damage_repair_calibration_loglog/HRS_SHARED/S13_S14/damage/adl/cal_PUSHA.png,figure,no_generated_output
analysis/HRS/figures/damage_repair_calibration_loglog/HRS_SHARED/S13_S14/damage/adl/cal_SHOPA.png,figure,no_generated_output
analysis/HRS/figures/damage_repair_calibration_loglog/HRS_SHARED/S13_S14/damage/adl/cal_STOOPA.png,figure,no_generated_output
analysis/HRS/figures/damage_repair_calibration_loglog/HRS_SHARED/S13_S14/damage/adl/cal_TOILTA.png,figure,no_generated_output
analysis/HRS/figures/damage_repair_calibration_loglog/HRS_SHARED/S13_S14/damage/adl/cal_WALKRA.png,figure,no_generated_output
analysis/HRS/figures/damage_repair_calibration_loglog/HRS_SHARED/S13_S14/damage/disease/cal_ARTHRE.png,figure,no_generated_output
analysis/HRS/figures/damage_repair_calibration_loglog/HRS_SHARED/S13_S14/damage/disease/cal_CANCRE.png,figure,no_generated_output
analysis/HRS/figures/damage_repair_calibration_loglog/HRS_SHARED/S13_S14/damage/disease/cal_DIABE.png,figure,no_generated_output
analysis/HRS/figures/damage_repair_calibration_loglog/HRS_SHARED/S13_S14/damage/disease/cal_HEARTE.png,figure,no_generated_output
analysis/HRS/figures/damage_repair_calibration_loglog/HRS_SHARED/S13_S14/damage/disease/cal_HIBPE.png,figure,no_generated_output
analysis/HRS/figures/damage_repair_calibration_loglog/HRS_SHARED/S13_S14/damage/disease/cal_LUNGE.png,figure,no_generated_output
analysis/HRS/figures/damage_repair_calibration_loglog/HRS_SHARED/S13_S14/damage/disease/cal_POOLED_disease.png,figure,no_generated_output
analysis/HRS/figures/damage_repair_calibration_loglog/HRS_SHARED/S13_S14/damage/disease/cal_STROKE.png,figure,no_generated_output
analysis/HRS/figures/damage_repair_calibration_loglog/HRS_SHARED/S13_S14/repair/adl/cal_ARMSA.png,figure,no_generated_output
analysis/HRS/figures/damage_repair_calibration_loglog/HRS_SHARED/S13_S14/repair/adl/cal_BATHA.png,figure,no_generated_output
analysis/HRS/figures/damage_repair_calibration_loglog/HRS_SHARED/S13_S14/repair/adl/cal_BEDA.png,figure,no_generated_output
analysis/HRS/figures/damage_repair_calibration_loglog/HRS_SHARED/S13_S14/repair/adl/cal_CHAIRA.png,figure,no_generated_output
analysis/HRS/figures/damage_repair_calibration_loglog/HRS_SHARED/S13_S14/repair/adl/cal_CLIM1A.png,figure,no_generated_output
analysis/HRS/figures/damage_repair_calibration_loglog/HRS_SHARED/S13_S14/repair/adl/cal_CLIMSA.png,figure,no_generated_output
analysis/HRS/figures/damage_repair_calibration_loglog/HRS_SHARED/S13_S14/repair/adl/cal_DIMEA.png,figure,no_generated_output
analysis/HRS/figures/damage_repair_calibration_loglog/HRS_SHARED/S13_S14/repair/adl/cal_DRESSA.png,figure,no_generated_output
analysis/HRS/figures/damage_repair_calibration_loglog/HRS_SHARED/S13_S14/repair/adl/cal_EATA.png,figure,no_generated_output
analysis/HRS/figures/damage_repair_calibration_loglog/HRS_SHARED/S13_S14/repair/adl/cal_LIFTA.png,figure,no_generated_output
analysis/HRS/figures/damage_repair_calibration_loglog/HRS_SHARED/S13_S14/repair/adl/cal_MONEYA.png,figure,no_generated_output
analysis/HRS/figures/damage_repair_calibration_loglog/HRS_SHARED/S13_S14/repair/adl/cal_PHONEA.png,figure,no_generated_output
analysis/HRS/figures/damage_repair_calibration_loglog/HRS_SHARED/S13_S14/repair/adl/cal_POOLED_adl.png,figure,no_generated_output
analysis/HRS/figures/damage_repair_calibration_loglog/HRS_SHARED/S13_S14/repair/adl/cal_PUSHA.png,figure,no_generated_output
analysis/HRS/figures/damage_repair_calibration_loglog/HRS_SHARED/S13_S14/repair/adl/cal_SHOPA.png,figure,no_generated_output
analysis/HRS/figures/damage_repair_calibration_loglog/HRS_SHARED/S13_S14/repair/adl/cal_STOOPA.png,figure,no_generated_output
analysis/HRS/figures/damage_repair_calibration_loglog/HRS_SHARED/S13_S14/repair/adl/cal_TOILTA.png,figure,no_generated_output
analysis/HRS/figures/damage_repair_calibration_loglog/HRS_SHARED/S13_S14/repair/adl/cal_WALKRA.png,figure,no_generated_output
analysis/HRS/figures/damage_repair_calibration_loglog/HRS_SHARED/S13_S14/repair/disease/cal_ARTHRE.png,figure,no_generated_output
analysis/HRS/figures/damage_repair_calibration_loglog/HRS_SHARED/S13_S14/repair/disease/cal_CANCRE.png,figure,no_generated_output
analysis/HRS/figures/damage_repair_calibration_loglog/HRS_SHARED/S13_S14/repair/disease/cal_DIABE.png,figure,no_generated_output
analysis/HRS/figures/damage_repair_calibration_loglog/HRS_SHARED/S13_S14/repair/disease/cal_HEARTE.png,figure,no_generated_output
analysis/HRS/figures/damage_repair_calibration_loglog/HRS_SHARED/S13_S14/repair/disease/cal_HIBPE.png,figure,no_generated_output
analysis/HRS/figures/damage_repair_calibration_loglog/HRS_SHARED/S13_S14/repair/disease/cal_LUNGE.png,figure,no_generated_output
analysis/HRS/figures/damage_repair_calibration_loglog/HRS_SHARED/S13_S14/repair/disease/cal_POOLED_disease.png,figure,no_generated_output
analysis/HRS/figures/damage_repair_calibration_loglog/HRS_SHARED/S13_S14/repair/disease/cal_STROKE.png,figure,no_generated_output
analysis/HRS/figures/damage_repair_calibration_loglog/HRS_SHARED/S14_S15/damage/adl/cal_ARMSA.png,figure,no_generated_output
analysis/HRS/figures/damage_repair_calibration_loglog/HRS_SHARED/S14_S15/damage/adl/cal_BATHA.png,figure,no_generated_output
analysis/HRS/figures/damage_repair_calibration_loglog/HRS_SHARED/S14_S15/damage/adl/cal_BEDA.png,figure,no_generated_output
analysis/HRS/figures/damage_repair_calibration_loglog/HRS_SHARED/S14_S15/damage/adl/cal_CHAIRA.png,figure,no_generated_output
analysis/HRS/figures/damage_repair_calibration_loglog/HRS_SHARED/S14_S15/damage/adl/cal_CLIM1A.png,figure,no_generated_output
analysis/HRS/figures/damage_repair_calibration_loglog/HRS_SHARED/S14_S15/damage/adl/cal_CLIMSA.png,figure,no_generated_output
analysis/HRS/figures/damage_repair_calibration_loglog/HRS_SHARED/S14_S15/damage/adl/cal_DIMEA.png,figure,no_generated_output
analysis/HRS/figures/damage_repair_calibration_loglog/HRS_SHARED/S14_S15/damage/adl/cal_DRESSA.png,figure,no_generated_output
analysis/HRS/figures/damage_repair_calibration_loglog/HRS_SHARED/S14_S15/damage/adl/cal_EATA.png,figure,no_generated_output
analysis/HRS/figures/damage_repair_calibration_loglog/HRS_SHARED/S14_S15/damage/adl/cal_LIFTA.png,figure,no_generated_output
analysis/HRS/figures/damage_repair_calibration_loglog/HRS_SHARED/S14_S15/damage/adl/cal_MONEYA.png,figure,no_generated_output
analysis/HRS/figures/damage_repair_calibration_loglog/HRS_SHARED/S14_S15/damage/adl/cal_PHONEA.png,figure,no_generated_output
analysis/HRS/figures/damage_repair_calibration_loglog/HRS_SHARED/S14_S15/damage/adl/cal_POOLED_adl.png,figure,no_generated_output
analysis/HRS/figures/damage_repair_calibration_loglog/HRS_SHARED/S14_S15/damage/adl/cal_PUSHA.png,figure,no_generated_output
analysis/HRS/figures/damage_repair_calibration_loglog/HRS_SHARED/S14_S15/damage/adl/cal_SHOPA.png,figure,no_generated_output
analysis/HRS/figures/damage_repair_calibration_loglog/HRS_SHARED/S14_S15/damage/adl/cal_STOOPA.png,figure,no_generated_output
analysis/HRS/figures/damage_repair_calibration_loglog/HRS_SHARED/S14_S15/damage/adl/cal_TOILTA.png,figure,no_generated_output
analysis/HRS/figures/damage_repair_calibration_loglog/HRS_SHARED/S14_S15/damage/adl/cal_WALKRA.png,figure,no_generated_output
analysis/HRS/figures/damage_repair_calibration_loglog/HRS_SHARED/S14_S15/damage/disease/cal_ARTHRE.png,figure,no_generated_output
analysis/HRS/figures/damage_repair_calibration_loglog/HRS_SHARED/S14_S15/damage/disease/cal_CANCRE.png,figure,no_generated_output
analysis/HRS/figures/damage_repair_calibration_loglog/HRS_SHARED/S14_S15/damage/disease/cal_DIABE.png,figure,no_generated_output
analysis/HRS/figures/damage_repair_calibration_loglog/HRS_SHARED/S14_S15/damage/disease/cal_HEARTE.png,figure,no_generated_output
analysis/HRS/figures/damage_repair_calibration_loglog/HRS_SHARED/S14_S15/damage/disease/cal_HIBPE.png,figure,no_generated_output
analysis/HRS/figures/damage_repair_calibration_loglog/HRS_SHARED/S14_S15/damage/disease/cal_LUNGE.png,figure,no_generated_output
analysis/HRS/figures/damage_repair_calibration_loglog/HRS_SHARED/S14_S15/damage/disease/cal_POOLED_disease.png,figure,no_generated_output
analysis/HRS/figures/damage_repair_calibration_loglog/HRS_SHARED/S14_S15/damage/disease/cal_STROKE.png,figure,no_generated_output
analysis/HRS/figures/damage_repair_calibration_loglog/HRS_SHARED/S14_S15/repair/adl/cal_ARMSA.png,figure,no_generated_output
analysis/HRS/figures/damage_repair_calibration_loglog/HRS_SHARED/S14_S15/repair/adl/cal_BATHA.png,figure,no_generated_output
analysis/HRS/figures/damage_repair_calibration_loglog/HRS_SHARED/S14_S15/repair/adl/cal_BEDA.png,figure,no_generated_output
analysis/HRS/figures/damage_repair_calibration_loglog/HRS_SHARED/S14_S15/repair/adl/cal_CHAIRA.png,figure,no_generated_output
analysis/HRS/figures/damage_repair_calibration_loglog/HRS_SHARED/S14_S15/repair/adl/cal_CLIM1A.png,figure,no_generated_output
analysis/HRS/figures/damage_repair_calibration_loglog/HRS_SHARED/S14_S15/repair/adl/cal_CLIMSA.png,figure,no_generated_output
analysis/HRS/figures/damage_repair_calibration_loglog/HRS_SHARED/S14_S15/repair/adl/cal_DIMEA.png,figure,no_generated_output
analysis/HRS/figures/damage_repair_calibration_loglog/HRS_SHARED/S14_S15/repair/adl/cal_DRESSA.png,figure,no_generated_output
analysis/HRS/figures/damage_repair_calibration_loglog/HRS_SHARED/S14_S15/repair/adl/cal_EATA.png,figure,no_generated_output
analysis/HRS/figures/damage_repair_calibration_loglog/HRS_SHARED/S14_S15/repair/adl/cal_LIFTA.png,figure,no_generated_output
analysis/HRS/figures/damage_repair_calibration_loglog/HRS_SHARED/S14_S15/repair/adl/cal_MONEYA.png,figure,no_generated_output
analysis/HRS/figures/damage_repair_calibration_loglog/HRS_SHARED/S14_S15/repair/adl/cal_PHONEA.png,figure,no_generated_output
analysis/HRS/figures/damage_repair_calibration_loglog/HRS_SHARED/S14_S15/repair/adl/cal_POOLED_adl.png,figure,no_generated_output
analysis/HRS/figures/damage_repair_calibration_loglog/HRS_SHARED/S14_S15/repair/adl/cal_PUSHA.png,figure,no_generated_output
analysis/HRS/figures/damage_repair_calibration_loglog/HRS_SHARED/S14_S15/repair/adl/cal_SHOPA.png,figure,no_generated_output
analysis/HRS/figures/damage_repair_calibration_loglog/HRS_SHARED/S14_S15/repair/adl/cal_STOOPA.png,figure,no_generated_output
analysis/HRS/figures/damage_repair_calibration_loglog/HRS_SHARED/S14_S15/repair/adl/cal_TOILTA.png,figure,no_generated_output
analysis/HRS/figures/damage_repair_calibration_loglog/HRS_SHARED/S14_S15/repair/adl/cal_WALKRA.png,figure,no_generated_output
analysis/HRS/figures/damage_repair_calibration_loglog/HRS_SHARED/S14_S15/repair/disease/cal_ARTHRE.png,figure,no_generated_output
analysis/HRS/figures/damage_repair_calibration_loglog/HRS_SHARED/S14_S15/repair/disease/cal_CANCRE.png,figure,no_generated_output
analysis/HRS/figures/damage_repair_calibration_loglog/HRS_SHARED/S14_S15/repair/disease/cal_DIABE.png,figure,no_generated_output
analysis/HRS/figures/damage_repair_calibration_loglog/HRS_SHARED/S14_S15/repair/disease/cal_HEARTE.png,figure,no_generated_output
analysis/HRS/figures/damage_repair_calibration_loglog/HRS_SHARED/S14_S15/repair/disease/cal_HIBPE.png,figure,no_generated_output
analysis/HRS/figures/damage_repair_calibration_loglog/HRS_SHARED/S14_S15/repair/disease/cal_LUNGE.png,figure,no_generated_output
analysis/HRS/figures/damage_repair_calibration_loglog/HRS_SHARED/S14_S15/repair/disease/cal_POOLED_disease.png,figure,no_generated_output
analysis/HRS/figures/damage_repair_calibration_loglog/HRS_SHARED/S14_S15/repair/disease/cal_STROKE.png,figure,no_generated_output
analysis/HRS/figures/damage_repair_calibration_loglog/HRS_SHARED/S6_S7/damage/adl/cal_ARMSA.png,figure,no_generated_output
analysis/HRS/figures/damage_repair_calibration_loglog/HRS_SHARED/S6_S7/damage/adl/cal_BATHA.png,figure,no_generated_output
analysis/HRS/figures/damage_repair_calibration_loglog/HRS_SHARED/S6_S7/damage/adl/cal_BEDA.png,figure,no_generated_output
analysis/HRS/figures/damage_repair_calibration_loglog/HRS_SHARED/S6_S7/damage/adl/cal_CHAIRA.png,figure,no_generated_output
analysis/HRS/figures/damage_repair_calibration_loglog/HRS_SHARED/S6_S7/damage/adl/cal_CLIM1A.png,figure,no_generated_output
analysis/HRS/figures/damage_repair_calibration_loglog/HRS_SHARED/S6_S7/damage/adl/cal_CLIMSA.png,figure,no_generated_output
analysis/HRS/figures/damage_repair_calibration_loglog/HRS_SHARED/S6_S7/damage/adl/cal_DIMEA.png,figure,no_generated_output
analysis/HRS/figures/damage_repair_calibration_loglog/HRS_SHARED/S6_S7/damage/adl/cal_DRESSA.png,figure,no_generated_output
analysis/HRS/figures/damage_repair_calibration_loglog/HRS_SHARED/S6_S7/damage/adl/cal_EATA.png,figure,no_generated_output
analysis/HRS/figures/damage_repair_calibration_loglog/HRS_SHARED/S6_S7/damage/adl/cal_LIFTA.png,figure,no_generated_output
analysis/HRS/figures/damage_repair_calibration_loglog/HRS_SHARED/S6_S7/damage/adl/cal_MONEYA.png,figure,no_generated_output
analysis/HRS/figures/damage_repair_calibration_loglog/HRS_SHARED/S6_S7/damage/adl/cal_PHONEA.png,figure,no_generated_output
analysis/HRS/figures/damage_repair_calibration_loglog/HRS_SHARED/S6_S7/damage/adl/cal_POOLED_adl.png,figure,no_generated_output
analysis/HRS/figures/damage_repair_calibration_loglog/HRS_SHARED/S6_S7/damage/adl/cal_PUSHA.png,figure,no_generated_output
analysis/HRS/figures/damage_repair_calibration_loglog/HRS_SHARED/S6_S7/damage/adl/cal_SHOPA.png,figure,no_generated_output
analysis/HRS/figures/damage_repair_calibration_loglog/HRS_SHARED/S6_S7/damage/adl/cal_STOOPA.png,figure,no_generated_output
analysis/HRS/figures/damage_repair_calibration_loglog/HRS_SHARED/S6_S7/damage/adl/cal_TOILTA.png,figure,no_generated_output
analysis/HRS/figures/damage_repair_calibration_loglog/HRS_SHARED/S6_S7/damage/adl/cal_WALKRA.png,figure,no_generated_output
analysis/HRS/figures/damage_repair_calibration_loglog/HRS_SHARED/S6_S7/damage/disease/cal_ARTHRE.png,figure,no_generated_output
analysis/HRS/figures/damage_repair_calibration_loglog/HRS_SHARED/S6_S7/damage/disease/cal_CANCRE.png,figure,no_generated_output
analysis/HRS/figures/damage_repair_calibration_loglog/HRS_SHARED/S6_S7/damage/disease/cal_DIABE.png,figure,no_generated_output
analysis/HRS/figures/damage_repair_calibration_loglog/HRS_SHARED/S6_S7/damage/disease/cal_HEARTE.png,figure,no_generated_output
analysis/HRS/figures/damage_repair_calibration_loglog/HRS_SHARED/S6_S7/damage/disease/cal_HIBPE.png,figure,no_generated_output
analysis/HRS/figures/damage_repair_calibration_loglog/HRS_SHARED/S6_S7/damage/disease/cal_LUNGE.png,figure,no_generated_output
analysis/HRS/figures/damage_repair_calibration_loglog/HRS_SHARED/S6_S7/damage/disease/cal_POOLED_disease.png,figure,no_generated_output
analysis/HRS/figures/damage_repair_calibration_loglog/HRS_SHARED/S6_S7/damage/disease/cal_STROKE.png,figure,no_generated_output
analysis/HRS/figures/damage_repair_calibration_loglog/HRS_SHARED/S6_S7/repair/adl/cal_ARMSA.png,figure,no_generated_output
analysis/HRS/figures/damage_repair_calibration_loglog/HRS_SHARED/S6_S7/repair/adl/cal_BATHA.png,figure,no_generated_output
analysis/HRS/figures/damage_repair_calibration_loglog/HRS_SHARED/S6_S7/repair/adl/cal_BEDA.png,figure,no_generated_output
analysis/HRS/figures/damage_repair_calibration_loglog/HRS_SHARED/S6_S7/repair/adl/cal_CHAIRA.png,figure,no_generated_output
analysis/HRS/figures/damage_repair_calibration_loglog/HRS_SHARED/S6_S7/repair/adl/cal_CLIM1A.png,figure,no_generated_output
analysis/HRS/figures/damage_repair_calibration_loglog/HRS_SHARED/S6_S7/repair/adl/cal_CLIMSA.png,figure,no_generated_output
analysis/HRS/figures/damage_repair_calibration_loglog/HRS_SHARED/S6_S7/repair/adl/cal_DIMEA.png,figure,no_generated_output
analysis/HRS/figures/damage_repair_calibration_loglog/HRS_SHARED/S6_S7/repair/adl/cal_DRESSA.png,figure,no_generated_output
analysis/HRS/figures/damage_repair_calibration_loglog/HRS_SHARED/S6_S7/repair/adl/cal_EATA.png,figure,no_generated_output
analysis/HRS/figures/damage_repair_calibration_loglog/HRS_SHARED/S6_S7/repair/adl/cal_LIFTA.png,figure,no_generated_output
analysis/HRS/figures/damage_repair_calibration_loglog/HRS_SHARED/S6_S7/repair/adl/cal_MONEYA.png,figure,no_generated_output
analysis/HRS/figures/damage_repair_calibration_loglog/HRS_SHARED/S6_S7/repair/adl/cal_PHONEA.png,figure,no_generated_output
analysis/HRS/figures/damage_repair_calibration_loglog/HRS_SHARED/S6_S7/repair/adl/cal_POOLED_adl.png,figure,no_generated_output
analysis/HRS/figures/damage_repair_calibration_loglog/HRS_SHARED/S6_S7/repair/adl/cal_PUSHA.png,figure,no_generated_output
analysis/HRS/figures/damage_repair_calibration_loglog/HRS_SHARED/S6_S7/repair/adl/cal_SHOPA.png,figure,no_generated_output
analysis/HRS/figures/damage_repair_calibration_loglog/HRS_SHARED/S6_S7/repair/adl/cal_STOOPA.png,figure,no_generated_output
analysis/HRS/figures/damage_repair_calibration_loglog/HRS_SHARED/S6_S7/repair/adl/cal_TOILTA.png,figure,no_generated_output
analysis/HRS/figures/damage_repair_calibration_loglog/HRS_SHARED/S6_S7/repair/adl/cal_WALKRA.png,figure,no_generated_output
analysis/HRS/figures/damage_repair_calibration_loglog/HRS_SHARED/S6_S7/repair/disease/cal_ARTHRE.png,figure,no_generated_output
analysis/HRS/figures/damage_repair_calibration_loglog/HRS_SHARED/S6_S7/repair/disease/cal_CANCRE.png,figure,no_generated_output
analysis/HRS/figures/damage_repair_calibration_loglog/HRS_SHARED/S6_S7/repair/disease/cal_DIABE.png,figure,no_generated_output
analysis/HRS/figures/damage_repair_calibration_loglog/HRS_SHARED/S6_S7/repair/disease/cal_HEARTE.png,figure,no_generated_output
analysis/HRS/figures/damage_repair_calibration_loglog/HRS_SHARED/S6_S7/repair/disease/cal_HIBPE.png,figure,no_generated_output
analysis/HRS/figures/damage_repair_calibration_loglog/HRS_SHARED/S6_S7/repair/disease/cal_LUNGE.png,figure,no_generated_output
analysis/HRS/figures/damage_repair_calibration_loglog/HRS_SHARED/S6_S7/repair/disease/cal_POOLED_disease.png,figure,no_generated_output
analysis/HRS/figures/damage_repair_calibration_loglog/HRS_SHARED/S6_S7/repair/disease/cal_STROKE.png,figure,no_generated_output
analysis/HRS/figures/damage_repair_calibration_loglog/HRS_SHARED/S7_S8/damage/adl/cal_ARMSA.png,figure,no_generated_output
analysis/HRS/figures/damage_repair_calibration_loglog/HRS_SHARED/S7_S8/damage/adl/cal_BATHA.png,figure,no_generated_output
analysis/HRS/figures/damage_repair_calibration_loglog/HRS_SHARED/S7_S8/damage/adl/cal_BEDA.png,figure,no_generated_output
analysis/HRS/figures/damage_repair_calibration_loglog/HRS_SHARED/S7_S8/damage/adl/cal_CHAIRA.png,figure,no_generated_output
analysis/HRS/figures/damage_repair_calibration_loglog/HRS_SHARED/S7_S8/damage/adl/cal_CLIM1A.png,figure,no_generated_output
analysis/HRS/figures/damage_repair_calibration_loglog/HRS_SHARED/S7_S8/damage/adl/cal_CLIMSA.png,figure,no_generated_output
analysis/HRS/figures/damage_repair_calibration_loglog/HRS_SHARED/S7_S8/damage/adl/cal_DIMEA.png,figure,no_generated_output
analysis/HRS/figures/damage_repair_calibration_loglog/HRS_SHARED/S7_S8/damage/adl/cal_DRESSA.png,figure,no_generated_output
analysis/HRS/figures/damage_repair_calibration_loglog/HRS_SHARED/S7_S8/damage/adl/cal_EATA.png,figure,no_generated_output
analysis/HRS/figures/damage_repair_calibration_loglog/HRS_SHARED/S7_S8/damage/adl/cal_LIFTA.png,figure,no_generated_output
analysis/HRS/figures/damage_repair_calibration_loglog/HRS_SHARED/S7_S8/damage/adl/cal_MONEYA.png,figure,no_generated_output
analysis/HRS/figures/damage_repair_calibration_loglog/HRS_SHARED/S7_S8/damage/adl/cal_PHONEA.png,figure,no_generated_output
analysis/HRS/figures/damage_repair_calibration_loglog/HRS_SHARED/S7_S8/damage/adl/cal_POOLED_adl.png,figure,no_generated_output
analysis/HRS/figures/damage_repair_calibration_loglog/HRS_SHARED/S7_S8/damage/adl/cal_PUSHA.png,figure,no_generated_output
analysis/HRS/figures/damage_repair_calibration_loglog/HRS_SHARED/S7_S8/damage/adl/cal_SHOPA.png,figure,no_generated_output
analysis/HRS/figures/damage_repair_calibration_loglog/HRS_SHARED/S7_S8/damage/adl/cal_STOOPA.png,figure,no_generated_output
analysis/HRS/figures/damage_repair_calibration_loglog/HRS_SHARED/S7_S8/damage/adl/cal_TOILTA.png,figure,no_generated_output
analysis/HRS/figures/damage_repair_calibration_loglog/HRS_SHARED/S7_S8/damage/adl/cal_WALKRA.png,figure,no_generated_output
analysis/HRS/figures/damage_repair_calibration_loglog/HRS_SHARED/S7_S8/damage/disease/cal_ARTHRE.png,figure,no_generated_output
analysis/HRS/figures/damage_repair_calibration_loglog/HRS_SHARED/S7_S8/damage/disease/cal_CANCRE.png,figure,no_generated_output
analysis/HRS/figures/damage_repair_calibration_loglog/HRS_SHARED/S7_S8/damage/disease/cal_DIABE.png,figure,no_generated_output
analysis/HRS/figures/damage_repair_calibration_loglog/HRS_SHARED/S7_S8/damage/disease/cal_HEARTE.png,figure,no_generated_output
analysis/HRS/figures/damage_repair_calibration_loglog/HRS_SHARED/S7_S8/damage/disease/cal_HIBPE.png,figure,no_generated_output
analysis/HRS/figures/damage_repair_calibration_loglog/HRS_SHARED/S7_S8/damage/disease/cal_LUNGE.png,figure,no_generated_output
analysis/HRS/figures/damage_repair_calibration_loglog/HRS_SHARED/S7_S8/damage/disease/cal_POOLED_disease.png,figure,no_generated_output
analysis/HRS/figures/damage_repair_calibration_loglog/HRS_SHARED/S7_S8/damage/disease/cal_STROKE.png,figure,no_generated_output
analysis/HRS/figures/damage_repair_calibration_loglog/HRS_SHARED/S7_S8/repair/adl/cal_ARMSA.png,figure,no_generated_output
analysis/HRS/figures/damage_repair_calibration_loglog/HRS_SHARED/S7_S8/repair/adl/cal_BATHA.png,figure,no_generated_output
analysis/HRS/figures/damage_repair_calibration_loglog/HRS_SHARED/S7_S8/repair/adl/cal_BEDA.png,figure,no_generated_output
analysis/HRS/figures/damage_repair_calibration_loglog/HRS_SHARED/S7_S8/repair/adl/cal_CHAIRA.png,figure,no_generated_output
analysis/HRS/figures/damage_repair_calibration_loglog/HRS_SHARED/S7_S8/repair/adl/cal_CLIM1A.png,figure,no_generated_output
analysis/HRS/figures/damage_repair_calibration_loglog/HRS_SHARED/S7_S8/repair/adl/cal_CLIMSA.png,figure,no_generated_output
analysis/HRS/figures/damage_repair_calibration_loglog/HRS_SHARED/S7_S8/repair/adl/cal_DIMEA.png,figure,no_generated_output
analysis/HRS/figures/damage_repair_calibration_loglog/HRS_SHARED/S7_S8/repair/adl/cal_DRESSA.png,figure,no_generated_output
analysis/HRS/figures/damage_repair_calibration_loglog/HRS_SHARED/S7_S8/repair/adl/cal_EATA.png,figure,no_generated_output
analysis/HRS/figures/damage_repair_calibration_loglog/HRS_SHARED/S7_S8/repair/adl/cal_LIFTA.png,figure,no_generated_output
analysis/HRS/figures/damage_repair_calibration_loglog/HRS_SHARED/S7_S8/repair/adl/cal_MONEYA.png,figure,no_generated_output
analysis/HRS/figures/damage_repair_calibration_loglog/HRS_SHARED/S7_S8/repair/adl/cal_PHONEA.png,figure,no_generated_output
analysis/HRS/figures/damage_repair_calibration_loglog/HRS_SHARED/S7_S8/repair/adl/cal_POOLED_adl.png,figure,no_generated_output
analysis/HRS/figures/damage_repair_calibration_loglog/HRS_SHARED/S7_S8/repair/adl/cal_PUSHA.png,figure,no_generated_output
analysis/HRS/figures/damage_repair_calibration_loglog/HRS_SHARED/S7_S8/repair/adl/cal_SHOPA.png,figure,no_generated_output
analysis/HRS/figures/damage_repair_calibration_loglog/HRS_SHARED/S7_S8/repair/adl/cal_STOOPA.png,figure,no_generated_output
analysis/HRS/figures/damage_repair_calibration_loglog/HRS_SHARED/S7_S8/repair/adl/cal_TOILTA.png,figure,no_generated_output
analysis/HRS/figures/damage_repair_calibration_loglog/HRS_SHARED/S7_S8/repair/adl/cal_WALKRA.png,figure,no_generated_output
analysis/HRS/figures/damage_repair_calibration_loglog/HRS_SHARED/S7_S8/repair/disease/cal_ARTHRE.png,figure,no_generated_output
analysis/HRS/figures/damage_repair_calibration_loglog/HRS_SHARED/S7_S8/repair/disease/cal_CANCRE.png,figure,no_generated_output
analysis/HRS/figures/damage_repair_calibration_loglog/HRS_SHARED/S7_S8/repair/disease/cal_DIABE.png,figure,no_generated_output
analysis/HRS/figures/damage_repair_calibration_loglog/HRS_SHARED/S7_S8/repair/disease/cal_HEARTE.png,figure,no_generated_output
analysis/HRS/figures/damage_repair_calibration_loglog/HRS_SHARED/S7_S8/repair/disease/cal_HIBPE.png,figure,no_generated_output
analysis/HRS/figures/damage_repair_calibration_loglog/HRS_SHARED/S7_S8/repair/disease/cal_LUNGE.png,figure,no_generated_output
analysis/HRS/figures/damage_repair_calibration_loglog/HRS_SHARED/S7_S8/repair/disease/cal_POOLED_disease.png,figure,no_generated_output
analysis/HRS/figures/damage_repair_calibration_loglog/HRS_SHARED/S7_S8/repair/disease/cal_STROKE.png,figure,no_generated_output
analysis/HRS/figures/damage_repair_calibration_loglog/HRS_SHARED/S8_S9/damage/adl/cal_ARMSA.png,figure,no_generated_output
analysis/HRS/figures/damage_repair_calibration_loglog/HRS_SHARED/S8_S9/damage/adl/cal_BATHA.png,figure,no_generated_output
analysis/HRS/figures/damage_repair_calibration_loglog/HRS_SHARED/S8_S9/damage/adl/cal_BEDA.png,figure,no_generated_output
analysis/HRS/figures/damage_repair_calibration_loglog/HRS_SHARED/S8_S9/damage/adl/cal_CHAIRA.png,figure,no_generated_output
analysis/HRS/figures/damage_repair_calibration_loglog/HRS_SHARED/S8_S9/damage/adl/cal_CLIM1A.png,figure,no_generated_output
analysis/HRS/figures/damage_repair_calibration_loglog/HRS_SHARED/S8_S9/damage/adl/cal_CLIMSA.png,figure,no_generated_output
analysis/HRS/figures/damage_repair_calibration_loglog/HRS_SHARED/S8_S9/damage/adl/cal_DIMEA.png,figure,no_generated_output
analysis/HRS/figures/damage_repair_calibration_loglog/HRS_SHARED/S8_S9/damage/adl/cal_DRESSA.png,figure,no_generated_output
analysis/HRS/figures/damage_repair_calibration_loglog/HRS_SHARED/S8_S9/damage/adl/cal_EATA.png,figure,no_generated_output
analysis/HRS/figures/damage_repair_calibration_loglog/HRS_SHARED/S8_S9/damage/adl/cal_LIFTA.png,figure,no_generated_output
analysis/HRS/figures/damage_repair_calibration_loglog/HRS_SHARED/S8_S9/damage/adl/cal_MONEYA.png,figure,no_generated_output
analysis/HRS/figures/damage_repair_calibration_loglog/HRS_SHARED/S8_S9/damage/adl/cal_PHONEA.png,figure,no_generated_output
analysis/HRS/figures/damage_repair_calibration_loglog/HRS_SHARED/S8_S9/damage/adl/cal_POOLED_adl.png,figure,no_generated_output
analysis/HRS/figures/damage_repair_calibration_loglog/HRS_SHARED/S8_S9/damage/adl/cal_PUSHA.png,figure,no_generated_output
analysis/HRS/figures/damage_repair_calibration_loglog/HRS_SHARED/S8_S9/damage/adl/cal_SHOPA.png,figure,no_generated_output
analysis/HRS/figures/damage_repair_calibration_loglog/HRS_SHARED/S8_S9/damage/adl/cal_STOOPA.png,figure,no_generated_output
analysis/HRS/figures/damage_repair_calibration_loglog/HRS_SHARED/S8_S9/damage/adl/cal_TOILTA.png,figure,no_generated_output
analysis/HRS/figures/damage_repair_calibration_loglog/HRS_SHARED/S8_S9/damage/adl/cal_WALKRA.png,figure,no_generated_output
analysis/HRS/figures/damage_repair_calibration_loglog/HRS_SHARED/S8_S9/damage/disease/cal_ARTHRE.png,figure,no_generated_output
analysis/HRS/figures/damage_repair_calibration_loglog/HRS_SHARED/S8_S9/damage/disease/cal_CANCRE.png,figure,no_generated_output
analysis/HRS/figures/damage_repair_calibration_loglog/HRS_SHARED/S8_S9/damage/disease/cal_DIABE.png,figure,no_generated_output
analysis/HRS/figures/damage_repair_calibration_loglog/HRS_SHARED/S8_S9/damage/disease/cal_HEARTE.png,figure,no_generated_output
analysis/HRS/figures/damage_repair_calibration_loglog/HRS_SHARED/S8_S9/damage/disease/cal_HIBPE.png,figure,no_generated_output
analysis/HRS/figures/damage_repair_calibration_loglog/HRS_SHARED/S8_S9/damage/disease/cal_LUNGE.png,figure,no_generated_output
analysis/HRS/figures/damage_repair_calibration_loglog/HRS_SHARED/S8_S9/damage/disease/cal_POOLED_disease.png,figure,no_generated_output
analysis/HRS/figures/damage_repair_calibration_loglog/HRS_SHARED/S8_S9/damage/disease/cal_STROKE.png,figure,no_generated_output
analysis/HRS/figures/damage_repair_calibration_loglog/HRS_SHARED/S8_S9/repair/adl/cal_ARMSA.png,figure,no_generated_output
analysis/HRS/figures/damage_repair_calibration_loglog/HRS_SHARED/S8_S9/repair/adl/cal_BATHA.png,figure,no_generated_output
analysis/HRS/figures/damage_repair_calibration_loglog/HRS_SHARED/S8_S9/repair/adl/cal_BEDA.png,figure,no_generated_output
analysis/HRS/figures/damage_repair_calibration_loglog/HRS_SHARED/S8_S9/repair/adl/cal_CHAIRA.png,figure,no_generated_output
analysis/HRS/figures/damage_repair_calibration_loglog/HRS_SHARED/S8_S9/repair/adl/cal_CLIM1A.png,figure,no_generated_output
analysis/HRS/figures/damage_repair_calibration_loglog/HRS_SHARED/S8_S9/repair/adl/cal_CLIMSA.png,figure,no_generated_output
analysis/HRS/figures/damage_repair_calibration_loglog/HRS_SHARED/S8_S9/repair/adl/cal_DIMEA.png,figure,no_generated_output
analysis/HRS/figures/damage_repair_calibration_loglog/HRS_SHARED/S8_S9/repair/adl/cal_DRESSA.png,figure,no_generated_output
analysis/HRS/figures/damage_repair_calibration_loglog/HRS_SHARED/S8_S9/repair/adl/cal_EATA.png,figure,no_generated_output
analysis/HRS/figures/damage_repair_calibration_loglog/HRS_SHARED/S8_S9/repair/adl/cal_LIFTA.png,figure,no_generated_output
analysis/HRS/figures/damage_repair_calibration_loglog/HRS_SHARED/S8_S9/repair/adl/cal_MONEYA.png,figure,no_generated_output
analysis/HRS/figures/damage_repair_calibration_loglog/HRS_SHARED/S8_S9/repair/adl/cal_PHONEA.png,figure,no_generated_output
analysis/HRS/figures/damage_repair_calibration_loglog/HRS_SHARED/S8_S9/repair/adl/cal_POOLED_adl.png,figure,no_generated_output
analysis/HRS/figures/damage_repair_calibration_loglog/HRS_SHARED/S8_S9/repair/adl/cal_PUSHA.png,figure,no_generated_output
analysis/HRS/figures/damage_repair_calibration_loglog/HRS_SHARED/S8_S9/repair/adl/cal_SHOPA.png,figure,no_generated_output
analysis/HRS/figures/damage_repair_calibration_loglog/HRS_SHARED/S8_S9/repair/adl/cal_STOOPA.png,figure,no_generated_output
analysis/HRS/figures/damage_repair_calibration_loglog/HRS_SHARED/S8_S9/repair/adl/cal_TOILTA.png,figure,no_generated_output
analysis/HRS/figures/damage_repair_calibration_loglog/HRS_SHARED/S8_S9/repair/adl/cal_WALKRA.png,figure,no_generated_output
analysis/HRS/figures/damage_repair_calibration_loglog/HRS_SHARED/S8_S9/repair/disease/cal_ARTHRE.png,figure,no_generated_output
analysis/HRS/figures/damage_repair_calibration_loglog/HRS_SHARED/S8_S9/repair/disease/cal_CANCRE.png,figure,no_generated_output
analysis/HRS/figures/damage_repair_calibration_loglog/HRS_SHARED/S8_S9/repair/disease/cal_DIABE.png,figure,no_generated_output
analysis/HRS/figures/damage_repair_calibration_loglog/HRS_SHARED/S8_S9/repair/disease/cal_HEARTE.png,figure,no_generated_output
analysis/HRS/figures/damage_repair_calibration_loglog/HRS_SHARED/S8_S9/repair/disease/cal_HIBPE.png,figure,no_generated_output
analysis/HRS/figures/damage_repair_calibration_loglog/HRS_SHARED/S8_S9/repair/disease/cal_LUNGE.png,figure,no_generated_output
analysis/HRS/figures/damage_repair_calibration_loglog/HRS_SHARED/S8_S9/repair/disease/cal_POOLED_disease.png,figure,no_generated_output
analysis/HRS/figures/damage_repair_calibration_loglog/HRS_SHARED/S8_S9/repair/disease/cal_STROKE.png,figure,no_generated_output
analysis/HRS/figures/damage_repair_calibration_loglog/HRS_SHARED/S9_S10/damage/adl/cal_ARMSA.png,figure,no_generated_output
analysis/HRS/figures/damage_repair_calibration_loglog/HRS_SHARED/S9_S10/damage/adl/cal_BATHA.png,figure,no_generated_output
analysis/HRS/figures/damage_repair_calibration_loglog/HRS_SHARED/S9_S10/damage/adl/cal_BEDA.png,figure,no_generated_output
analysis/HRS/figures/damage_repair_calibration_loglog/HRS_SHARED/S9_S10/damage/adl/cal_CHAIRA.png,figure,no_generated_output
analysis/HRS/figures/damage_repair_calibration_loglog/HRS_SHARED/S9_S10/damage/adl/cal_CLIM1A.png,figure,no_generated_output
analysis/HRS/figures/damage_repair_calibration_loglog/HRS_SHARED/S9_S10/damage/adl/cal_CLIMSA.png,figure,no_generated_output
analysis/HRS/figures/damage_repair_calibration_loglog/HRS_SHARED/S9_S10/damage/adl/cal_DIMEA.png,figure,no_generated_output
analysis/HRS/figures/damage_repair_calibration_loglog/HRS_SHARED/S9_S10/damage/adl/cal_DRESSA.png,figure,no_generated_output
analysis/HRS/figures/damage_repair_calibration_loglog/HRS_SHARED/S9_S10/damage/adl/cal_EATA.png,figure,no_generated_output
analysis/HRS/figures/damage_repair_calibration_loglog/HRS_SHARED/S9_S10/damage/adl/cal_LIFTA.png,figure,no_generated_output
analysis/HRS/figures/damage_repair_calibration_loglog/HRS_SHARED/S9_S10/damage/adl/cal_MONEYA.png,figure,no_generated_output
analysis/HRS/figures/damage_repair_calibration_loglog/HRS_SHARED/S9_S10/damage/adl/cal_PHONEA.png,figure,no_generated_output
analysis/HRS/figures/damage_repair_calibration_loglog/HRS_SHARED/S9_S10/damage/adl/cal_POOLED_adl.png,figure,no_generated_output
analysis/HRS/figures/damage_repair_calibration_loglog/HRS_SHARED/S9_S10/damage/adl/cal_PUSHA.png,figure,no_generated_output
analysis/HRS/figures/damage_repair_calibration_loglog/HRS_SHARED/S9_S10/damage/adl/cal_SHOPA.png,figure,no_generated_output
analysis/HRS/figures/damage_repair_calibration_loglog/HRS_SHARED/S9_S10/damage/adl/cal_STOOPA.png,figure,no_generated_output
analysis/HRS/figures/damage_repair_calibration_loglog/HRS_SHARED/S9_S10/damage/adl/cal_TOILTA.png,figure,no_generated_output
analysis/HRS/figures/damage_repair_calibration_loglog/HRS_SHARED/S9_S10/damage/adl/cal_WALKRA.png,figure,no_generated_output
analysis/HRS/figures/damage_repair_calibration_loglog/HRS_SHARED/S9_S10/damage/disease/cal_ARTHRE.png,figure,no_generated_output
analysis/HRS/figures/damage_repair_calibration_loglog/HRS_SHARED/S9_S10/damage/disease/cal_CANCRE.png,figure,no_generated_output
analysis/HRS/figures/damage_repair_calibration_loglog/HRS_SHARED/S9_S10/damage/disease/cal_DIABE.png,figure,no_generated_output
analysis/HRS/figures/damage_repair_calibration_loglog/HRS_SHARED/S9_S10/damage/disease/cal_HEARTE.png,figure,no_generated_output
analysis/HRS/figures/damage_repair_calibration_loglog/HRS_SHARED/S9_S10/damage/disease/cal_HIBPE.png,figure,no_generated_output
analysis/HRS/figures/damage_repair_calibration_loglog/HRS_SHARED/S9_S10/damage/disease/cal_LUNGE.png,figure,no_generated_output
analysis/HRS/figures/damage_repair_calibration_loglog/HRS_SHARED/S9_S10/damage/disease/cal_POOLED_disease.png,figure,no_generated_output
analysis/HRS/figures/damage_repair_calibration_loglog/HRS_SHARED/S9_S10/damage/disease/cal_STROKE.png,figure,no_generated_output
analysis/HRS/figures/damage_repair_calibration_loglog/HRS_SHARED/S9_S10/repair/adl/cal_ARMSA.png,figure,no_generated_output
analysis/HRS/figures/damage_repair_calibration_loglog/HRS_SHARED/S9_S10/repair/adl/cal_BATHA.png,figure,no_generated_output
analysis/HRS/figures/damage_repair_calibration_loglog/HRS_SHARED/S9_S10/repair/adl/cal_BEDA.png,figure,no_generated_output
analysis/HRS/figures/damage_repair_calibration_loglog/HRS_SHARED/S9_S10/repair/adl/cal_CHAIRA.png,figure,no_generated_output
analysis/HRS/figures/damage_repair_calibration_loglog/HRS_SHARED/S9_S10/repair/adl/cal_CLIM1A.png,figure,no_generated_output
analysis/HRS/figures/damage_repair_calibration_loglog/HRS_SHARED/S9_S10/repair/adl/cal_CLIMSA.png,figure,no_generated_output
analysis/HRS/figures/damage_repair_calibration_loglog/HRS_SHARED/S9_S10/repair/adl/cal_DIMEA.png,figure,no_generated_output
analysis/HRS/figures/damage_repair_calibration_loglog/HRS_SHARED/S9_S10/repair/adl/cal_DRESSA.png,figure,no_generated_output
analysis/HRS/figures/damage_repair_calibration_loglog/HRS_SHARED/S9_S10/repair/adl/cal_EATA.png,figure,no_generated_output
analysis/HRS/figures/damage_repair_calibration_loglog/HRS_SHARED/S9_S10/repair/adl/cal_LIFTA.png,figure,no_generated_output
analysis/HRS/figures/damage_repair_calibration_loglog/HRS_SHARED/S9_S10/repair/adl/cal_MONEYA.png,figure,no_generated_output
analysis/HRS/figures/damage_repair_calibration_loglog/HRS_SHARED/S9_S10/repair/adl/cal_PHONEA.png,figure,no_generated_output
analysis/HRS/figures/damage_repair_calibration_loglog/HRS_SHARED/S9_S10/repair/adl/cal_POOLED_adl.png,figure,no_generated_output
analysis/HRS/figures/damage_repair_calibration_loglog/HRS_SHARED/S9_S10/repair/adl/cal_PUSHA.png,figure,no_generated_output
analysis/HRS/figures/damage_repair_calibration_loglog/HRS_SHARED/S9_S10/repair/adl/cal_SHOPA.png,figure,no_generated_output
analysis/HRS/figures/damage_repair_calibration_loglog/HRS_SHARED/S9_S10/repair/adl/cal_STOOPA.png,figure,no_generated_output
analysis/HRS/figures/damage_repair_calibration_loglog/HRS_SHARED/S9_S10/repair/adl/cal_TOILTA.png,figure,no_generated_output
analysis/HRS/figures/damage_repair_calibration_loglog/HRS_SHARED/S9_S10/repair/adl/cal_WALKRA.png,figure,no_generated_output
analysis/HRS/figures/damage_repair_calibration_loglog/HRS_SHARED/S9_S10/repair/disease/cal_ARTHRE.png,figure,no_generated_output
analysis/HRS/figures/damage_repair_calibration_loglog/HRS_SHARED/S9_S10/repair/disease/cal_CANCRE.png,figure,no_generated_output
analysis/HRS/figures/damage_repair_calibration_loglog/HRS_SHARED/S9_S10/repair/disease/cal_DIABE.png,figure,no_generated_output
analysis/HRS/figures/damage_repair_calibration_loglog/HRS_SHARED/S9_S10/repair/disease/cal_HEARTE.png,figure,no_generated_output
analysis/HRS/figures/damage_repair_calibration_loglog/HRS_SHARED/S9_S10/repair/disease/cal_HIBPE.png,figure,no_generated_output
analysis/HRS/figures/damage_repair_calibration_loglog/HRS_SHARED/S9_S10/repair/disease/cal_LUNGE.png,figure,no_generated_output
analysis/HRS/figures/damage_repair_calibration_loglog/HRS_SHARED/S9_S10/repair/disease/cal_POOLED_disease.png,figure,no_generated_output
analysis/HRS/figures/damage_repair_calibration_loglog/HRS_SHARED/S9_S10/repair/disease/cal_STROKE.png,figure,no_generated_output
analysis/HRS/figures/damage_repair_calibration_loglog/LR/HRS_SHARED/S10_S11/damage/adl/cal_ARMSA.png,figure,no_generated_output
analysis/HRS/figures/damage_repair_calibration_loglog/LR/HRS_SHARED/S10_S11/damage/adl/cal_BATHA.png,figure,no_generated_output
analysis/HRS/figures/damage_repair_calibration_loglog/LR/HRS_SHARED/S10_S11/damage/adl/cal_BEDA.png,figure,no_generated_output
analysis/HRS/figures/damage_repair_calibration_loglog/LR/HRS_SHARED/S10_S11/damage/adl/cal_CHAIRA.png,figure,no_generated_output
analysis/HRS/figures/damage_repair_calibration_loglog/LR/HRS_SHARED/S10_S11/damage/adl/cal_CLIM1A.png,figure,no_generated_output
analysis/HRS/figures/damage_repair_calibration_loglog/LR/HRS_SHARED/S10_S11/damage/adl/cal_CLIMSA.png,figure,no_generated_output
analysis/HRS/figures/damage_repair_calibration_loglog/LR/HRS_SHARED/S10_S11/damage/adl/cal_DIMEA.png,figure,no_generated_output
analysis/HRS/figures/damage_repair_calibration_loglog/LR/HRS_SHARED/S10_S11/damage/adl/cal_DRESSA.png,figure,no_generated_output
analysis/HRS/figures/damage_repair_calibration_loglog/LR/HRS_SHARED/S10_S11/damage/adl/cal_EATA.png,figure,no_generated_output
analysis/HRS/figures/damage_repair_calibration_loglog/LR/HRS_SHARED/S10_S11/damage/adl/cal_LIFTA.png,figure,no_generated_output
analysis/HRS/figures/damage_repair_calibration_loglog/LR/HRS_SHARED/S10_S11/damage/adl/cal_MONEYA.png,figure,no_generated_output
analysis/HRS/figures/damage_repair_calibration_loglog/LR/HRS_SHARED/S10_S11/damage/adl/cal_PHONEA.png,figure,no_generated_output
analysis/HRS/figures/damage_repair_calibration_loglog/LR/HRS_SHARED/S10_S11/damage/adl/cal_POOLED_adl.png,figure,no_generated_output
analysis/HRS/figures/damage_repair_calibration_loglog/LR/HRS_SHARED/S10_S11/damage/adl/cal_PUSHA.png,figure,no_generated_output
analysis/HRS/figures/damage_repair_calibration_loglog/LR/HRS_SHARED/S10_S11/damage/adl/cal_SHOPA.png,figure,no_generated_output
analysis/HRS/figures/damage_repair_calibration_loglog/LR/HRS_SHARED/S10_S11/damage/adl/cal_STOOPA.png,figure,no_generated_output
analysis/HRS/figures/damage_repair_calibration_loglog/LR/HRS_SHARED/S10_S11/damage/adl/cal_TOILTA.png,figure,no_generated_output
analysis/HRS/figures/damage_repair_calibration_loglog/LR/HRS_SHARED/S10_S11/damage/adl/cal_WALKRA.png,figure,no_generated_output
analysis/HRS/figures/damage_repair_calibration_loglog/LR/HRS_SHARED/S10_S11/damage/disease/cal_ARTHRE.png,figure,no_generated_output
analysis/HRS/figures/damage_repair_calibration_loglog/LR/HRS_SHARED/S10_S11/damage/disease/cal_CANCRE.png,figure,no_generated_output
analysis/HRS/figures/damage_repair_calibration_loglog/LR/HRS_SHARED/S10_S11/damage/disease/cal_DIABE.png,figure,no_generated_output
analysis/HRS/figures/damage_repair_calibration_loglog/LR/HRS_SHARED/S10_S11/damage/disease/cal_HEARTE.png,figure,no_generated_output
analysis/HRS/figures/damage_repair_calibration_loglog/LR/HRS_SHARED/S10_S11/damage/disease/cal_HIBPE.png,figure,no_generated_output
analysis/HRS/figures/damage_repair_calibration_loglog/LR/HRS_SHARED/S10_S11/damage/disease/cal_LUNGE.png,figure,no_generated_output
analysis/HRS/figures/damage_repair_calibration_loglog/LR/HRS_SHARED/S10_S11/damage/disease/cal_POOLED_disease.png,figure,no_generated_output
analysis/HRS/figures/damage_repair_calibration_loglog/LR/HRS_SHARED/S10_S11/damage/disease/cal_STROKE.png,figure,no_generated_output
analysis/HRS/figures/damage_repair_calibration_loglog/LR/HRS_SHARED/S10_S11/repair/adl/cal_ARMSA.png,figure,no_generated_output
analysis/HRS/figures/damage_repair_calibration_loglog/LR/HRS_SHARED/S10_S11/repair/adl/cal_BATHA.png,figure,no_generated_output
analysis/HRS/figures/damage_repair_calibration_loglog/LR/HRS_SHARED/S10_S11/repair/adl/cal_BEDA.png,figure,no_generated_output
analysis/HRS/figures/damage_repair_calibration_loglog/LR/HRS_SHARED/S10_S11/repair/adl/cal_CHAIRA.png,figure,no_generated_output
analysis/HRS/figures/damage_repair_calibration_loglog/LR/HRS_SHARED/S10_S11/repair/adl/cal_CLIM1A.png,figure,no_generated_output
analysis/HRS/figures/damage_repair_calibration_loglog/LR/HRS_SHARED/S10_S11/repair/adl/cal_CLIMSA.png,figure,no_generated_output
analysis/HRS/figures/damage_repair_calibration_loglog/LR/HRS_SHARED/S10_S11/repair/adl/cal_DIMEA.png,figure,no_generated_output
analysis/HRS/figures/damage_repair_calibration_loglog/LR/HRS_SHARED/S10_S11/repair/adl/cal_DRESSA.png,figure,no_generated_output
analysis/HRS/figures/damage_repair_calibration_loglog/LR/HRS_SHARED/S10_S11/repair/adl/cal_EATA.png,figure,no_generated_output
analysis/HRS/figures/damage_repair_calibration_loglog/LR/HRS_SHARED/S10_S11/repair/adl/cal_LIFTA.png,figure,no_generated_output
analysis/HRS/figures/damage_repair_calibration_loglog/LR/HRS_SHARED/S10_S11/repair/adl/cal_MONEYA.png,figure,no_generated_output
analysis/HRS/figures/damage_repair_calibration_loglog/LR/HRS_SHARED/S10_S11/repair/adl/cal_PHONEA.png,figure,no_generated_output
analysis/HRS/figures/damage_repair_calibration_loglog/LR/HRS_SHARED/S10_S11/repair/adl/cal_POOLED_adl.png,figure,no_generated_output
analysis/HRS/figures/damage_repair_calibration_loglog/LR/HRS_SHARED/S10_S11/repair/adl/cal_PUSHA.png,figure,no_generated_output
analysis/HRS/figures/damage_repair_calibration_loglog/LR/HRS_SHARED/S10_S11/repair/adl/cal_SHOPA.png,figure,no_generated_output
analysis/HRS/figures/damage_repair_calibration_loglog/LR/HRS_SHARED/S10_S11/repair/adl/cal_STOOPA.png,figure,no_generated_output
analysis/HRS/figures/damage_repair_calibration_loglog/LR/HRS_SHARED/S10_S11/repair/adl/cal_TOILTA.png,figure,no_generated_output
analysis/HRS/figures/damage_repair_calibration_loglog/LR/HRS_SHARED/S10_S11/repair/adl/cal_WALKRA.png,figure,no_generated_output
analysis/HRS/figures/damage_repair_calibration_loglog/LR/HRS_SHARED/S10_S11/repair/disease/cal_ARTHRE.png,figure,no_generated_output
analysis/HRS/figures/damage_repair_calibration_loglog/LR/HRS_SHARED/S10_S11/repair/disease/cal_CANCRE.png,figure,no_generated_output
analysis/HRS/figures/damage_repair_calibration_loglog/LR/HRS_SHARED/S10_S11/repair/disease/cal_DIABE.png,figure,no_generated_output
analysis/HRS/figures/damage_repair_calibration_loglog/LR/HRS_SHARED/S10_S11/repair/disease/cal_HEARTE.png,figure,no_generated_output
analysis/HRS/figures/damage_repair_calibration_loglog/LR/HRS_SHARED/S10_S11/repair/disease/cal_HIBPE.png,figure,no_generated_output
analysis/HRS/figures/damage_repair_calibration_loglog/LR/HRS_SHARED/S10_S11/repair/disease/cal_LUNGE.png,figure,no_generated_output
analysis/HRS/figures/damage_repair_calibration_loglog/LR/HRS_SHARED/S10_S11/repair/disease/cal_POOLED_disease.png,figure,no_generated_output
analysis/HRS/figures/damage_repair_calibration_loglog/LR/HRS_SHARED/S10_S11/repair/disease/cal_STROKE.png,figure,no_generated_output
analysis/HRS/figures/damage_repair_calibration_loglog/LR/HRS_SHARED/S11_S12/damage/adl/cal_ARMSA.png,figure,no_generated_output
analysis/HRS/figures/damage_repair_calibration_loglog/LR/HRS_SHARED/S11_S12/damage/adl/cal_BATHA.png,figure,no_generated_output
analysis/HRS/figures/damage_repair_calibration_loglog/LR/HRS_SHARED/S11_S12/damage/adl/cal_BEDA.png,figure,no_generated_output
analysis/HRS/figures/damage_repair_calibration_loglog/LR/HRS_SHARED/S11_S12/damage/adl/cal_CHAIRA.png,figure,no_generated_output
analysis/HRS/figures/damage_repair_calibration_loglog/LR/HRS_SHARED/S11_S12/damage/adl/cal_CLIM1A.png,figure,no_generated_output
analysis/HRS/figures/damage_repair_calibration_loglog/LR/HRS_SHARED/S11_S12/damage/adl/cal_CLIMSA.png,figure,no_generated_output
analysis/HRS/figures/damage_repair_calibration_loglog/LR/HRS_SHARED/S11_S12/damage/adl/cal_DIMEA.png,figure,no_generated_output
analysis/HRS/figures/damage_repair_calibration_loglog/LR/HRS_SHARED/S11_S12/damage/adl/cal_DRESSA.png,figure,no_generated_output
analysis/HRS/figures/damage_repair_calibration_loglog/LR/HRS_SHARED/S11_S12/damage/adl/cal_EATA.png,figure,no_generated_output
analysis/HRS/figures/damage_repair_calibration_loglog/LR/HRS_SHARED/S11_S12/damage/adl/cal_LIFTA.png,figure,no_generated_output
analysis/HRS/figures/damage_repair_calibration_loglog/LR/HRS_SHARED/S11_S12/damage/adl/cal_MONEYA.png,figure,no_generated_output
analysis/HRS/figures/damage_repair_calibration_loglog/LR/HRS_SHARED/S11_S12/damage/adl/cal_PHONEA.png,figure,no_generated_output
analysis/HRS/figures/damage_repair_calibration_loglog/LR/HRS_SHARED/S11_S12/damage/adl/cal_POOLED_adl.png,figure,no_generated_output
analysis/HRS/figures/damage_repair_calibration_loglog/LR/HRS_SHARED/S11_S12/damage/adl/cal_PUSHA.png,figure,no_generated_output
analysis/HRS/figures/damage_repair_calibration_loglog/LR/HRS_SHARED/S11_S12/damage/adl/cal_SHOPA.png,figure,no_generated_output
analysis/HRS/figures/damage_repair_calibration_loglog/LR/HRS_SHARED/S11_S12/damage/adl/cal_STOOPA.png,figure,no_generated_output
analysis/HRS/figures/damage_repair_calibration_loglog/LR/HRS_SHARED/S11_S12/damage/adl/cal_TOILTA.png,figure,no_generated_output
analysis/HRS/figures/damage_repair_calibration_loglog/LR/HRS_SHARED/S11_S12/damage/adl/cal_WALKRA.png,figure,no_generated_output
analysis/HRS/figures/damage_repair_calibration_loglog/LR/HRS_SHARED/S11_S12/damage/disease/cal_ARTHRE.png,figure,no_generated_output
analysis/HRS/figures/damage_repair_calibration_loglog/LR/HRS_SHARED/S11_S12/damage/disease/cal_CANCRE.png,figure,no_generated_output
analysis/HRS/figures/damage_repair_calibration_loglog/LR/HRS_SHARED/S11_S12/damage/disease/cal_DIABE.png,figure,no_generated_output
analysis/HRS/figures/damage_repair_calibration_loglog/LR/HRS_SHARED/S11_S12/damage/disease/cal_HEARTE.png,figure,no_generated_output
analysis/HRS/figures/damage_repair_calibration_loglog/LR/HRS_SHARED/S11_S12/damage/disease/cal_HIBPE.png,figure,no_generated_output
analysis/HRS/figures/damage_repair_calibration_loglog/LR/HRS_SHARED/S11_S12/damage/disease/cal_LUNGE.png,figure,no_generated_output
analysis/HRS/figures/damage_repair_calibration_loglog/LR/HRS_SHARED/S11_S12/damage/disease/cal_POOLED_disease.png,figure,no_generated_output
analysis/HRS/figures/damage_repair_calibration_loglog/LR/HRS_SHARED/S11_S12/damage/disease/cal_STROKE.png,figure,no_generated_output
analysis/HRS/figures/damage_repair_calibration_loglog/LR/HRS_SHARED/S11_S12/repair/adl/cal_ARMSA.png,figure,no_generated_output
analysis/HRS/figures/damage_repair_calibration_loglog/LR/HRS_SHARED/S11_S12/repair/adl/cal_BATHA.png,figure,no_generated_output
analysis/HRS/figures/damage_repair_calibration_loglog/LR/HRS_SHARED/S11_S12/repair/adl/cal_BEDA.png,figure,no_generated_output
analysis/HRS/figures/damage_repair_calibration_loglog/LR/HRS_SHARED/S11_S12/repair/adl/cal_CHAIRA.png,figure,no_generated_output
analysis/HRS/figures/damage_repair_calibration_loglog/LR/HRS_SHARED/S11_S12/repair/adl/cal_CLIM1A.png,figure,no_generated_output
analysis/HRS/figures/damage_repair_calibration_loglog/LR/HRS_SHARED/S11_S12/repair/adl/cal_CLIMSA.png,figure,no_generated_output
analysis/HRS/figures/damage_repair_calibration_loglog/LR/HRS_SHARED/S11_S12/repair/adl/cal_DIMEA.png,figure,no_generated_output
analysis/HRS/figures/damage_repair_calibration_loglog/LR/HRS_SHARED/S11_S12/repair/adl/cal_DRESSA.png,figure,no_generated_output
analysis/HRS/figures/damage_repair_calibration_loglog/LR/HRS_SHARED/S11_S12/repair/adl/cal_EATA.png,figure,no_generated_output
analysis/HRS/figures/damage_repair_calibration_loglog/LR/HRS_SHARED/S11_S12/repair/adl/cal_LIFTA.png,figure,no_generated_output
analysis/HRS/figures/damage_repair_calibration_loglog/LR/HRS_SHARED/S11_S12/repair/adl/cal_MONEYA.png,figure,no_generated_output
analysis/HRS/figures/damage_repair_calibration_loglog/LR/HRS_SHARED/S11_S12/repair/adl/cal_PHONEA.png,figure,no_generated_output
analysis/HRS/figures/damage_repair_calibration_loglog/LR/HRS_SHARED/S11_S12/repair/adl/cal_POOLED_adl.png,figure,no_generated_output
analysis/HRS/figures/damage_repair_calibration_loglog/LR/HRS_SHARED/S11_S12/repair/adl/cal_PUSHA.png,figure,no_generated_output
analysis/HRS/figures/damage_repair_calibration_loglog/LR/HRS_SHARED/S11_S12/repair/adl/cal_SHOPA.png,figure,no_generated_output
analysis/HRS/figures/damage_repair_calibration_loglog/LR/HRS_SHARED/S11_S12/repair/adl/cal_STOOPA.png,figure,no_generated_output
analysis/HRS/figures/damage_repair_calibration_loglog/LR/HRS_SHARED/S11_S12/repair/adl/cal_TOILTA.png,figure,no_generated_output
analysis/HRS/figures/damage_repair_calibration_loglog/LR/HRS_SHARED/S11_S12/repair/adl/cal_WALKRA.png,figure,no_generated_output
analysis/HRS/figures/damage_repair_calibration_loglog/LR/HRS_SHARED/S11_S12/repair/disease/cal_ARTHRE.png,figure,no_generated_output
analysis/HRS/figures/damage_repair_calibration_loglog/LR/HRS_SHARED/S11_S12/repair/disease/cal_CANCRE.png,figure,no_generated_output
analysis/HRS/figures/damage_repair_calibration_loglog/LR/HRS_SHARED/S11_S12/repair/disease/cal_DIABE.png,figure,no_generated_output
analysis/HRS/figures/damage_repair_calibration_loglog/LR/HRS_SHARED/S11_S12/repair/disease/cal_HEARTE.png,figure,no_generated_output
analysis/HRS/figures/damage_repair_calibration_loglog/LR/HRS_SHARED/S11_S12/repair/disease/cal_HIBPE.png,figure,no_generated_output
analysis/HRS/figures/damage_repair_calibration_loglog/LR/HRS_SHARED/S11_S12/repair/disease/cal_LUNGE.png,figure,no_generated_output
analysis/HRS/figures/damage_repair_calibration_loglog/LR/HRS_SHARED/S11_S12/repair/disease/cal_POOLED_disease.png,figure,no_generated_output
analysis/HRS/figures/damage_repair_calibration_loglog/LR/HRS_SHARED/S11_S12/repair/disease/cal_STROKE.png,figure,no_generated_output
analysis/HRS/figures/damage_repair_calibration_loglog/LR/HRS_SHARED/S12_S13/damage/adl/cal_ARMSA.png,figure,no_generated_output
analysis/HRS/figures/damage_repair_calibration_loglog/LR/HRS_SHARED/S12_S13/damage/adl/cal_BATHA.png,figure,no_generated_output
analysis/HRS/figures/damage_repair_calibration_loglog/LR/HRS_SHARED/S12_S13/damage/adl/cal_BEDA.png,figure,no_generated_output
analysis/HRS/figures/damage_repair_calibration_loglog/LR/HRS_SHARED/S12_S13/damage/adl/cal_CHAIRA.png,figure,no_generated_output
analysis/HRS/figures/damage_repair_calibration_loglog/LR/HRS_SHARED/S12_S13/damage/adl/cal_CLIM1A.png,figure,no_generated_output
analysis/HRS/figures/damage_repair_calibration_loglog/LR/HRS_SHARED/S12_S13/damage/adl/cal_CLIMSA.png,figure,no_generated_output
analysis/HRS/figures/damage_repair_calibration_loglog/LR/HRS_SHARED/S12_S13/damage/adl/cal_DIMEA.png,figure,no_generated_output
analysis/HRS/figures/damage_repair_calibration_loglog/LR/HRS_SHARED/S12_S13/damage/adl/cal_DRESSA.png,figure,no_generated_output
analysis/HRS/figures/damage_repair_calibration_loglog/LR/HRS_SHARED/S12_S13/damage/adl/cal_EATA.png,figure,no_generated_output
analysis/HRS/figures/damage_repair_calibration_loglog/LR/HRS_SHARED/S12_S13/damage/adl/cal_LIFTA.png,figure,no_generated_output
analysis/HRS/figures/damage_repair_calibration_loglog/LR/HRS_SHARED/S12_S13/damage/adl/cal_MONEYA.png,figure,no_generated_output
analysis/HRS/figures/damage_repair_calibration_loglog/LR/HRS_SHARED/S12_S13/damage/adl/cal_PHONEA.png,figure,no_generated_output
analysis/HRS/figures/damage_repair_calibration_loglog/LR/HRS_SHARED/S12_S13/damage/adl/cal_POOLED_adl.png,figure,no_generated_output
analysis/HRS/figures/damage_repair_calibration_loglog/LR/HRS_SHARED/S12_S13/damage/adl/cal_PUSHA.png,figure,no_generated_output
analysis/HRS/figures/damage_repair_calibration_loglog/LR/HRS_SHARED/S12_S13/damage/adl/cal_SHOPA.png,figure,no_generated_output
analysis/HRS/figures/damage_repair_calibration_loglog/LR/HRS_SHARED/S12_S13/damage/adl/cal_STOOPA.png,figure,no_generated_output
analysis/HRS/figures/damage_repair_calibration_loglog/LR/HRS_SHARED/S12_S13/damage/adl/cal_TOILTA.png,figure,no_generated_output
analysis/HRS/figures/damage_repair_calibration_loglog/LR/HRS_SHARED/S12_S13/damage/adl/cal_WALKRA.png,figure,no_generated_output
analysis/HRS/figures/damage_repair_calibration_loglog/LR/HRS_SHARED/S12_S13/damage/disease/cal_ARTHRE.png,figure,no_generated_output
analysis/HRS/figures/damage_repair_calibration_loglog/LR/HRS_SHARED/S12_S13/damage/disease/cal_CANCRE.png,figure,no_generated_output
analysis/HRS/figures/damage_repair_calibration_loglog/LR/HRS_SHARED/S12_S13/damage/disease/cal_DIABE.png,figure,no_generated_output
analysis/HRS/figures/damage_repair_calibration_loglog/LR/HRS_SHARED/S12_S13/damage/disease/cal_HEARTE.png,figure,no_generated_output
analysis/HRS/figures/damage_repair_calibration_loglog/LR/HRS_SHARED/S12_S13/damage/disease/cal_HIBPE.png,figure,no_generated_output
analysis/HRS/figures/damage_repair_calibration_loglog/LR/HRS_SHARED/S12_S13/damage/disease/cal_LUNGE.png,figure,no_generated_output
analysis/HRS/figures/damage_repair_calibration_loglog/LR/HRS_SHARED/S12_S13/damage/disease/cal_POOLED_disease.png,figure,no_generated_output
analysis/HRS/figures/damage_repair_calibration_loglog/LR/HRS_SHARED/S12_S13/damage/disease/cal_STROKE.png,figure,no_generated_output
analysis/HRS/figures/damage_repair_calibration_loglog/LR/HRS_SHARED/S12_S13/repair/adl/cal_ARMSA.png,figure,no_generated_output
analysis/HRS/figures/damage_repair_calibration_loglog/LR/HRS_SHARED/S12_S13/repair/adl/cal_BATHA.png,figure,no_generated_output
analysis/HRS/figures/damage_repair_calibration_loglog/LR/HRS_SHARED/S12_S13/repair/adl/cal_BEDA.png,figure,no_generated_output
analysis/HRS/figures/damage_repair_calibration_loglog/LR/HRS_SHARED/S12_S13/repair/adl/cal_CHAIRA.png,figure,no_generated_output
analysis/HRS/figures/damage_repair_calibration_loglog/LR/HRS_SHARED/S12_S13/repair/adl/cal_CLIM1A.png,figure,no_generated_output
analysis/HRS/figures/damage_repair_calibration_loglog/LR/HRS_SHARED/S12_S13/repair/adl/cal_CLIMSA.png,figure,no_generated_output
analysis/HRS/figures/damage_repair_calibration_loglog/LR/HRS_SHARED/S12_S13/repair/adl/cal_DIMEA.png,figure,no_generated_output
analysis/HRS/figures/damage_repair_calibration_loglog/LR/HRS_SHARED/S12_S13/repair/adl/cal_DRESSA.png,figure,no_generated_output
analysis/HRS/figures/damage_repair_calibration_loglog/LR/HRS_SHARED/S12_S13/repair/adl/cal_EATA.png,figure,no_generated_output
analysis/HRS/figures/damage_repair_calibration_loglog/LR/HRS_SHARED/S12_S13/repair/adl/cal_LIFTA.png,figure,no_generated_output
analysis/HRS/figures/damage_repair_calibration_loglog/LR/HRS_SHARED/S12_S13/repair/adl/cal_MONEYA.png,figure,no_generated_output
analysis/HRS/figures/damage_repair_calibration_loglog/LR/HRS_SHARED/S12_S13/repair/adl/cal_PHONEA.png,figure,no_generated_output
analysis/HRS/figures/damage_repair_calibration_loglog/LR/HRS_SHARED/S12_S13/repair/adl/cal_POOLED_adl.png,figure,no_generated_output
analysis/HRS/figures/damage_repair_calibration_loglog/LR/HRS_SHARED/S12_S13/repair/adl/cal_PUSHA.png,figure,no_generated_output
analysis/HRS/figures/damage_repair_calibration_loglog/LR/HRS_SHARED/S12_S13/repair/adl/cal_SHOPA.png,figure,no_generated_output
analysis/HRS/figures/damage_repair_calibration_loglog/LR/HRS_SHARED/S12_S13/repair/adl/cal_STOOPA.png,figure,no_generated_output
analysis/HRS/figures/damage_repair_calibration_loglog/LR/HRS_SHARED/S12_S13/repair/adl/cal_TOILTA.png,figure,no_generated_output
analysis/HRS/figures/damage_repair_calibration_loglog/LR/HRS_SHARED/S12_S13/repair/adl/cal_WALKRA.png,figure,no_generated_output
analysis/HRS/figures/damage_repair_calibration_loglog/LR/HRS_SHARED/S12_S13/repair/disease/cal_ARTHRE.png,figure,no_generated_output
analysis/HRS/figures/damage_repair_calibration_loglog/LR/HRS_SHARED/S12_S13/repair/disease/cal_CANCRE.png,figure,no_generated_output
analysis/HRS/figures/damage_repair_calibration_loglog/LR/HRS_SHARED/S12_S13/repair/disease/cal_DIABE.png,figure,no_generated_output
analysis/HRS/figures/damage_repair_calibration_loglog/LR/HRS_SHARED/S12_S13/repair/disease/cal_HEARTE.png,figure,no_generated_output
analysis/HRS/figures/damage_repair_calibration_loglog/LR/HRS_SHARED/S12_S13/repair/disease/cal_HIBPE.png,figure,no_generated_output
analysis/HRS/figures/damage_repair_calibration_loglog/LR/HRS_SHARED/S12_S13/repair/disease/cal_LUNGE.png,figure,no_generated_output
analysis/HRS/figures/damage_repair_calibration_loglog/LR/HRS_SHARED/S12_S13/repair/disease/cal_POOLED_disease.png,figure,no_generated_output
analysis/HRS/figures/damage_repair_calibration_loglog/LR/HRS_SHARED/S12_S13/repair/disease/cal_STROKE.png,figure,no_generated_output
analysis/HRS/figures/damage_repair_calibration_loglog/LR/HRS_SHARED/S13_S14/damage/adl/cal_ARMSA.png,figure,no_generated_output
analysis/HRS/figures/damage_repair_calibration_loglog/LR/HRS_SHARED/S13_S14/damage/adl/cal_BATHA.png,figure,no_generated_output
analysis/HRS/figures/damage_repair_calibration_loglog/LR/HRS_SHARED/S13_S14/damage/adl/cal_BEDA.png,figure,no_generated_output
analysis/HRS/figures/damage_repair_calibration_loglog/LR/HRS_SHARED/S13_S14/damage/adl/cal_CHAIRA.png,figure,no_generated_output
analysis/HRS/figures/damage_repair_calibration_loglog/LR/HRS_SHARED/S13_S14/damage/adl/cal_CLIM1A.png,figure,no_generated_output
analysis/HRS/figures/damage_repair_calibration_loglog/LR/HRS_SHARED/S13_S14/damage/adl/cal_CLIMSA.png,figure,no_generated_output
analysis/HRS/figures/damage_repair_calibration_loglog/LR/HRS_SHARED/S13_S14/damage/adl/cal_DIMEA.png,figure,no_generated_output
analysis/HRS/figures/damage_repair_calibration_loglog/LR/HRS_SHARED/S13_S14/damage/adl/cal_DRESSA.png,figure,no_generated_output
analysis/HRS/figures/damage_repair_calibration_loglog/LR/HRS_SHARED/S13_S14/damage/adl/cal_EATA.png,figure,no_generated_output
analysis/HRS/figures/damage_repair_calibration_loglog/LR/HRS_SHARED/S13_S14/damage/adl/cal_LIFTA.png,figure,no_generated_output
analysis/HRS/figures/damage_repair_calibration_loglog/LR/HRS_SHARED/S13_S14/damage/adl/cal_MONEYA.png,figure,no_generated_output
analysis/HRS/figures/damage_repair_calibration_loglog/LR/HRS_SHARED/S13_S14/damage/adl/cal_PHONEA.png,figure,no_generated_output
analysis/HRS/figures/damage_repair_calibration_loglog/LR/HRS_SHARED/S13_S14/damage/adl/cal_POOLED_adl.png,figure,no_generated_output
analysis/HRS/figures/damage_repair_calibration_loglog/LR/HRS_SHARED/S13_S14/damage/adl/cal_PUSHA.png,figure,no_generated_output
analysis/HRS/figures/damage_repair_calibration_loglog/LR/HRS_SHARED/S13_S14/damage/adl/cal_SHOPA.png,figure,no_generated_output
analysis/HRS/figures/damage_repair_calibration_loglog/LR/HRS_SHARED/S13_S14/damage/adl/cal_STOOPA.png,figure,no_generated_output
analysis/HRS/figures/damage_repair_calibration_loglog/LR/HRS_SHARED/S13_S14/damage/adl/cal_TOILTA.png,figure,no_generated_output
analysis/HRS/figures/damage_repair_calibration_loglog/LR/HRS_SHARED/S13_S14/damage/adl/cal_WALKRA.png,figure,no_generated_output
analysis/HRS/figures/damage_repair_calibration_loglog/LR/HRS_SHARED/S13_S14/damage/disease/cal_ARTHRE.png,figure,no_generated_output
analysis/HRS/figures/damage_repair_calibration_loglog/LR/HRS_SHARED/S13_S14/damage/disease/cal_CANCRE.png,figure,no_generated_output
analysis/HRS/figures/damage_repair_calibration_loglog/LR/HRS_SHARED/S13_S14/damage/disease/cal_DIABE.png,figure,no_generated_output
analysis/HRS/figures/damage_repair_calibration_loglog/LR/HRS_SHARED/S13_S14/damage/disease/cal_HEARTE.png,figure,no_generated_output
analysis/HRS/figures/damage_repair_calibration_loglog/LR/HRS_SHARED/S13_S14/damage/disease/cal_HIBPE.png,figure,no_generated_output
analysis/HRS/figures/damage_repair_calibration_loglog/LR/HRS_SHARED/S13_S14/damage/disease/cal_LUNGE.png,figure,no_generated_output
analysis/HRS/figures/damage_repair_calibration_loglog/LR/HRS_SHARED/S13_S14/damage/disease/cal_POOLED_disease.png,figure,no_generated_output
analysis/HRS/figures/damage_repair_calibration_loglog/LR/HRS_SHARED/S13_S14/damage/disease/cal_STROKE.png,figure,no_generated_output
analysis/HRS/figures/damage_repair_calibration_loglog/LR/HRS_SHARED/S13_S14/repair/adl/cal_ARMSA.png,figure,no_generated_output
analysis/HRS/figures/damage_repair_calibration_loglog/LR/HRS_SHARED/S13_S14/repair/adl/cal_BATHA.png,figure,no_generated_output
analysis/HRS/figures/damage_repair_calibration_loglog/LR/HRS_SHARED/S13_S14/repair/adl/cal_BEDA.png,figure,no_generated_output
analysis/HRS/figures/damage_repair_calibration_loglog/LR/HRS_SHARED/S13_S14/repair/adl/cal_CHAIRA.png,figure,no_generated_output
analysis/HRS/figures/damage_repair_calibration_loglog/LR/HRS_SHARED/S13_S14/repair/adl/cal_CLIM1A.png,figure,no_generated_output
analysis/HRS/figures/damage_repair_calibration_loglog/LR/HRS_SHARED/S13_S14/repair/adl/cal_CLIMSA.png,figure,no_generated_output
analysis/HRS/figures/damage_repair_calibration_loglog/LR/HRS_SHARED/S13_S14/repair/adl/cal_DIMEA.png,figure,no_generated_output
analysis/HRS/figures/damage_repair_calibration_loglog/LR/HRS_SHARED/S13_S14/repair/adl/cal_DRESSA.png,figure,no_generated_output
analysis/HRS/figures/damage_repair_calibration_loglog/LR/HRS_SHARED/S13_S14/repair/adl/cal_EATA.png,figure,no_generated_output
analysis/HRS/figures/damage_repair_calibration_loglog/LR/HRS_SHARED/S13_S14/repair/adl/cal_LIFTA.png,figure,no_generated_output
analysis/HRS/figures/damage_repair_calibration_loglog/LR/HRS_SHARED/S13_S14/repair/adl/cal_MONEYA.png,figure,no_generated_output
analysis/HRS/figures/damage_repair_calibration_loglog/LR/HRS_SHARED/S13_S14/repair/adl/cal_PHONEA.png,figure,no_generated_output
analysis/HRS/figures/damage_repair_calibration_loglog/LR/HRS_SHARED/S13_S14/repair/adl/cal_POOLED_adl.png,figure,no_generated_output
analysis/HRS/figures/damage_repair_calibration_loglog/LR/HRS_SHARED/S13_S14/repair/adl/cal_PUSHA.png,figure,no_generated_output
analysis/HRS/figures/damage_repair_calibration_loglog/LR/HRS_SHARED/S13_S14/repair/adl/cal_SHOPA.png,figure,no_generated_output
analysis/HRS/figures/damage_repair_calibration_loglog/LR/HRS_SHARED/S13_S14/repair/adl/cal_STOOPA.png,figure,no_generated_output
analysis/HRS/figures/damage_repair_calibration_loglog/LR/HRS_SHARED/S13_S14/repair/adl/cal_TOILTA.png,figure,no_generated_output
analysis/HRS/figures/damage_repair_calibration_loglog/LR/HRS_SHARED/S13_S14/repair/adl/cal_WALKRA.png,figure,no_generated_output
analysis/HRS/figures/damage_repair_calibration_loglog/LR/HRS_SHARED/S13_S14/repair/disease/cal_ARTHRE.png,figure,no_generated_output
analysis/HRS/figures/damage_repair_calibration_loglog/LR/HRS_SHARED/S13_S14/repair/disease/cal_CANCRE.png,figure,no_generated_output
analysis/HRS/figures/damage_repair_calibration_loglog/LR/HRS_SHARED/S13_S14/repair/disease/cal_DIABE.png,figure,no_generated_output
analysis/HRS/figures/damage_repair_calibration_loglog/LR/HRS_SHARED/S13_S14/repair/disease/cal_HEARTE.png,figure,no_generated_output
analysis/HRS/figures/damage_repair_calibration_loglog/LR/HRS_SHARED/S13_S14/repair/disease/cal_HIBPE.png,figure,no_generated_output
analysis/HRS/figures/damage_repair_calibration_loglog/LR/HRS_SHARED/S13_S14/repair/disease/cal_LUNGE.png,figure,no_generated_output
analysis/HRS/figures/damage_repair_calibration_loglog/LR/HRS_SHARED/S13_S14/repair/disease/cal_POOLED_disease.png,figure,no_generated_output
analysis/HRS/figures/damage_repair_calibration_loglog/LR/HRS_SHARED/S13_S14/repair/disease/cal_STROKE.png,figure,no_generated_output
analysis/HRS/figures/damage_repair_calibration_loglog/LR/HRS_SHARED/S14_S15/damage/adl/cal_ARMSA.png,figure,no_generated_output
analysis/HRS/figures/damage_repair_calibration_loglog/LR/HRS_SHARED/S14_S15/damage/adl/cal_BATHA.png,figure,no_generated_output
analysis/HRS/figures/damage_repair_calibration_loglog/LR/HRS_SHARED/S14_S15/damage/adl/cal_BEDA.png,figure,no_generated_output
analysis/HRS/figures/damage_repair_calibration_loglog/LR/HRS_SHARED/S14_S15/damage/adl/cal_CHAIRA.png,figure,no_generated_output
analysis/HRS/figures/damage_repair_calibration_loglog/LR/HRS_SHARED/S14_S15/damage/adl/cal_CLIM1A.png,figure,no_generated_output
analysis/HRS/figures/damage_repair_calibration_loglog/LR/HRS_SHARED/S14_S15/damage/adl/cal_CLIMSA.png,figure,no_generated_output
analysis/HRS/figures/damage_repair_calibration_loglog/LR/HRS_SHARED/S14_S15/damage/adl/cal_DIMEA.png,figure,no_generated_output
analysis/HRS/figures/damage_repair_calibration_loglog/LR/HRS_SHARED/S14_S15/damage/adl/cal_DRESSA.png,figure,no_generated_output
analysis/HRS/figures/damage_repair_calibration_loglog/LR/HRS_SHARED/S14_S15/damage/adl/cal_EATA.png,figure,no_generated_output
analysis/HRS/figures/damage_repair_calibration_loglog/LR/HRS_SHARED/S14_S15/damage/adl/cal_LIFTA.png,figure,no_generated_output
analysis/HRS/figures/damage_repair_calibration_loglog/LR/HRS_SHARED/S14_S15/damage/adl/cal_MONEYA.png,figure,no_generated_output
analysis/HRS/figures/damage_repair_calibration_loglog/LR/HRS_SHARED/S14_S15/damage/adl/cal_PHONEA.png,figure,no_generated_output
analysis/HRS/figures/damage_repair_calibration_loglog/LR/HRS_SHARED/S14_S15/damage/adl/cal_POOLED_adl.png,figure,no_generated_output
analysis/HRS/figures/damage_repair_calibration_loglog/LR/HRS_SHARED/S14_S15/damage/adl/cal_PUSHA.png,figure,no_generated_output
analysis/HRS/figures/damage_repair_calibration_loglog/LR/HRS_SHARED/S14_S15/damage/adl/cal_SHOPA.png,figure,no_generated_output
analysis/HRS/figures/damage_repair_calibration_loglog/LR/HRS_SHARED/S14_S15/damage/adl/cal_STOOPA.png,figure,no_generated_output
analysis/HRS/figures/damage_repair_calibration_loglog/LR/HRS_SHARED/S14_S15/damage/adl/cal_TOILTA.png,figure,no_generated_output
analysis/HRS/figures/damage_repair_calibration_loglog/LR/HRS_SHARED/S14_S15/damage/adl/cal_WALKRA.png,figure,no_generated_output
analysis/HRS/figures/damage_repair_calibration_loglog/LR/HRS_SHARED/S14_S15/damage/disease/cal_ARTHRE.png,figure,no_generated_output
analysis/HRS/figures/damage_repair_calibration_loglog/LR/HRS_SHARED/S14_S15/damage/disease/cal_CANCRE.png,figure,no_generated_output
analysis/HRS/figures/damage_repair_calibration_loglog/LR/HRS_SHARED/S14_S15/damage/disease/cal_DIABE.png,figure,no_generated_output
analysis/HRS/figures/damage_repair_calibration_loglog/LR/HRS_SHARED/S14_S15/damage/disease/cal_HEARTE.png,figure,no_generated_output
analysis/HRS/figures/damage_repair_calibration_loglog/LR/HRS_SHARED/S14_S15/damage/disease/cal_HIBPE.png,figure,no_generated_output
analysis/HRS/figures/damage_repair_calibration_loglog/LR/HRS_SHARED/S14_S15/damage/disease/cal_LUNGE.png,figure,no_generated_output
analysis/HRS/figures/damage_repair_calibration_loglog/LR/HRS_SHARED/S14_S15/damage/disease/cal_POOLED_disease.png,figure,no_generated_output
analysis/HRS/figures/damage_repair_calibration_loglog/LR/HRS_SHARED/S14_S15/damage/disease/cal_STROKE.png,figure,no_generated_output
analysis/HRS/figures/damage_repair_calibration_loglog/LR/HRS_SHARED/S14_S15/repair/adl/cal_ARMSA.png,figure,no_generated_output
analysis/HRS/figures/damage_repair_calibration_loglog/LR/HRS_SHARED/S14_S15/repair/adl/cal_BATHA.png,figure,no_generated_output
analysis/HRS/figures/damage_repair_calibration_loglog/LR/HRS_SHARED/S14_S15/repair/adl/cal_BEDA.png,figure,no_generated_output
analysis/HRS/figures/damage_repair_calibration_loglog/LR/HRS_SHARED/S14_S15/repair/adl/cal_CHAIRA.png,figure,no_generated_output
analysis/HRS/figures/damage_repair_calibration_loglog/LR/HRS_SHARED/S14_S15/repair/adl/cal_CLIM1A.png,figure,no_generated_output
analysis/HRS/figures/damage_repair_calibration_loglog/LR/HRS_SHARED/S14_S15/repair/adl/cal_CLIMSA.png,figure,no_generated_output
analysis/HRS/figures/damage_repair_calibration_loglog/LR/HRS_SHARED/S14_S15/repair/adl/cal_DIMEA.png,figure,no_generated_output
analysis/HRS/figures/damage_repair_calibration_loglog/LR/HRS_SHARED/S14_S15/repair/adl/cal_DRESSA.png,figure,no_generated_output
analysis/HRS/figures/damage_repair_calibration_loglog/LR/HRS_SHARED/S14_S15/repair/adl/cal_EATA.png,figure,no_generated_output
analysis/HRS/figures/damage_repair_calibration_loglog/LR/HRS_SHARED/S14_S15/repair/adl/cal_LIFTA.png,figure,no_generated_output
analysis/HRS/figures/damage_repair_calibration_loglog/LR/HRS_SHARED/S14_S15/repair/adl/cal_MONEYA.png,figure,no_generated_output
analysis/HRS/figures/damage_repair_calibration_loglog/LR/HRS_SHARED/S14_S15/repair/adl/cal_PHONEA.png,figure,no_generated_output
analysis/HRS/figures/damage_repair_calibration_loglog/LR/HRS_SHARED/S14_S15/repair/adl/cal_POOLED_adl.png,figure,no_generated_output
analysis/HRS/figures/damage_repair_calibration_loglog/LR/HRS_SHARED/S14_S15/repair/adl/cal_PUSHA.png,figure,no_generated_output
analysis/HRS/figures/damage_repair_calibration_loglog/LR/HRS_SHARED/S14_S15/repair/adl/cal_SHOPA.png,figure,no_generated_output
analysis/HRS/figures/damage_repair_calibration_loglog/LR/HRS_SHARED/S14_S15/repair/adl/cal_STOOPA.png,figure,no_generated_output
analysis/HRS/figures/damage_repair_calibration_loglog/LR/HRS_SHARED/S14_S15/repair/adl/cal_TOILTA.png,figure,no_generated_output
analysis/HRS/figures/damage_repair_calibration_loglog/LR/HRS_SHARED/S14_S15/repair/adl/cal_WALKRA.png,figure,no_generated_output
analysis/HRS/figures/damage_repair_calibration_loglog/LR/HRS_SHARED/S14_S15/repair/disease/cal_ARTHRE.png,figure,no_generated_output
analysis/HRS/figures/damage_repair_calibration_loglog/LR/HRS_SHARED/S14_S15/repair/disease/cal_CANCRE.png,figure,no_generated_output
analysis/HRS/figures/damage_repair_calibration_loglog/LR/HRS_SHARED/S14_S15/repair/disease/cal_DIABE.png,figure,no_generated_output
analysis/HRS/figures/damage_repair_calibration_loglog/LR/HRS_SHARED/S14_S15/repair/disease/cal_HEARTE.png,figure,no_generated_output
analysis/HRS/figures/damage_repair_calibration_loglog/LR/HRS_SHARED/S14_S15/repair/disease/cal_HIBPE.png,figure,no_generated_output
analysis/HRS/figures/damage_repair_calibration_loglog/LR/HRS_SHARED/S14_S15/repair/disease/cal_LUNGE.png,figure,no_generated_output
analysis/HRS/figures/damage_repair_calibration_loglog/LR/HRS_SHARED/S14_S15/repair/disease/cal_POOLED_disease.png,figure,no_generated_output
analysis/HRS/figures/damage_repair_calibration_loglog/LR/HRS_SHARED/S14_S15/repair/disease/cal_STROKE.png,figure,no_generated_output
analysis/HRS/figures/damage_repair_calibration_loglog/LR/HRS_SHARED/S6_S7/damage/adl/cal_ARMSA.png,figure,no_generated_output
analysis/HRS/figures/damage_repair_calibration_loglog/LR/HRS_SHARED/S6_S7/damage/adl/cal_BATHA.png,figure,no_generated_output
analysis/HRS/figures/damage_repair_calibration_loglog/LR/HRS_SHARED/S6_S7/damage/adl/cal_BEDA.png,figure,no_generated_output
analysis/HRS/figures/damage_repair_calibration_loglog/LR/HRS_SHARED/S6_S7/damage/adl/cal_CHAIRA.png,figure,no_generated_output
analysis/HRS/figures/damage_repair_calibration_loglog/LR/HRS_SHARED/S6_S7/damage/adl/cal_CLIM1A.png,figure,no_generated_output
analysis/HRS/figures/damage_repair_calibration_loglog/LR/HRS_SHARED/S6_S7/damage/adl/cal_CLIMSA.png,figure,no_generated_output
analysis/HRS/figures/damage_repair_calibration_loglog/LR/HRS_SHARED/S6_S7/damage/adl/cal_DIMEA.png,figure,no_generated_output
analysis/HRS/figures/damage_repair_calibration_loglog/LR/HRS_SHARED/S6_S7/damage/adl/cal_DRESSA.png,figure,no_generated_output
analysis/HRS/figures/damage_repair_calibration_loglog/LR/HRS_SHARED/S6_S7/damage/adl/cal_EATA.png,figure,no_generated_output
analysis/HRS/figures/damage_repair_calibration_loglog/LR/HRS_SHARED/S6_S7/damage/adl/cal_LIFTA.png,figure,no_generated_output
analysis/HRS/figures/damage_repair_calibration_loglog/LR/HRS_SHARED/S6_S7/damage/adl/cal_MONEYA.png,figure,no_generated_output
analysis/HRS/figures/damage_repair_calibration_loglog/LR/HRS_SHARED/S6_S7/damage/adl/cal_PHONEA.png,figure,no_generated_output
analysis/HRS/figures/damage_repair_calibration_loglog/LR/HRS_SHARED/S6_S7/damage/adl/cal_POOLED_adl.png,figure,no_generated_output
analysis/HRS/figures/damage_repair_calibration_loglog/LR/HRS_SHARED/S6_S7/damage/adl/cal_PUSHA.png,figure,no_generated_output
analysis/HRS/figures/damage_repair_calibration_loglog/LR/HRS_SHARED/S6_S7/damage/adl/cal_SHOPA.png,figure,no_generated_output
analysis/HRS/figures/damage_repair_calibration_loglog/LR/HRS_SHARED/S6_S7/damage/adl/cal_STOOPA.png,figure,no_generated_output
analysis/HRS/figures/damage_repair_calibration_loglog/LR/HRS_SHARED/S6_S7/damage/adl/cal_TOILTA.png,figure,no_generated_output
analysis/HRS/figures/damage_repair_calibration_loglog/LR/HRS_SHARED/S6_S7/damage/adl/cal_WALKRA.png,figure,no_generated_output
analysis/HRS/figures/damage_repair_calibration_loglog/LR/HRS_SHARED/S6_S7/damage/disease/cal_ARTHRE.png,figure,no_generated_output
analysis/HRS/figures/damage_repair_calibration_loglog/LR/HRS_SHARED/S6_S7/damage/disease/cal_CANCRE.png,figure,no_generated_output
analysis/HRS/figures/damage_repair_calibration_loglog/LR/HRS_SHARED/S6_S7/damage/disease/cal_DIABE.png,figure,no_generated_output
analysis/HRS/figures/damage_repair_calibration_loglog/LR/HRS_SHARED/S6_S7/damage/disease/cal_HEARTE.png,figure,no_generated_output
analysis/HRS/figures/damage_repair_calibration_loglog/LR/HRS_SHARED/S6_S7/damage/disease/cal_HIBPE.png,figure,no_generated_output
analysis/HRS/figures/damage_repair_calibration_loglog/LR/HRS_SHARED/S6_S7/damage/disease/cal_LUNGE.png,figure,no_generated_output
analysis/HRS/figures/damage_repair_calibration_loglog/LR/HRS_SHARED/S6_S7/damage/disease/cal_POOLED_disease.png,figure,no_generated_output
analysis/HRS/figures/damage_repair_calibration_loglog/LR/HRS_SHARED/S6_S7/damage/disease/cal_STROKE.png,figure,no_generated_output
analysis/HRS/figures/damage_repair_calibration_loglog/LR/HRS_SHARED/S6_S7/repair/adl/cal_ARMSA.png,figure,no_generated_output
analysis/HRS/figures/damage_repair_calibration_loglog/LR/HRS_SHARED/S6_S7/repair/adl/cal_BATHA.png,figure,no_generated_output
analysis/HRS/figures/damage_repair_calibration_loglog/LR/HRS_SHARED/S6_S7/repair/adl/cal_BEDA.png,figure,no_generated_output
analysis/HRS/figures/damage_repair_calibration_loglog/LR/HRS_SHARED/S6_S7/repair/adl/cal_CHAIRA.png,figure,no_generated_output
analysis/HRS/figures/damage_repair_calibration_loglog/LR/HRS_SHARED/S6_S7/repair/adl/cal_CLIM1A.png,figure,no_generated_output
analysis/HRS/figures/damage_repair_calibration_loglog/LR/HRS_SHARED/S6_S7/repair/adl/cal_CLIMSA.png,figure,no_generated_output
analysis/HRS/figures/damage_repair_calibration_loglog/LR/HRS_SHARED/S6_S7/repair/adl/cal_DIMEA.png,figure,no_generated_output
analysis/HRS/figures/damage_repair_calibration_loglog/LR/HRS_SHARED/S6_S7/repair/adl/cal_DRESSA.png,figure,no_generated_output
analysis/HRS/figures/damage_repair_calibration_loglog/LR/HRS_SHARED/S6_S7/repair/adl/cal_EATA.png,figure,no_generated_output
analysis/HRS/figures/damage_repair_calibration_loglog/LR/HRS_SHARED/S6_S7/repair/adl/cal_LIFTA.png,figure,no_generated_output
analysis/HRS/figures/damage_repair_calibration_loglog/LR/HRS_SHARED/S6_S7/repair/adl/cal_MONEYA.png,figure,no_generated_output
analysis/HRS/figures/damage_repair_calibration_loglog/LR/HRS_SHARED/S6_S7/repair/adl/cal_PHONEA.png,figure,no_generated_output
analysis/HRS/figures/damage_repair_calibration_loglog/LR/HRS_SHARED/S6_S7/repair/adl/cal_POOLED_adl.png,figure,no_generated_output
analysis/HRS/figures/damage_repair_calibration_loglog/LR/HRS_SHARED/S6_S7/repair/adl/cal_PUSHA.png,figure,no_generated_output
analysis/HRS/figures/damage_repair_calibration_loglog/LR/HRS_SHARED/S6_S7/repair/adl/cal_SHOPA.png,figure,no_generated_output
analysis/HRS/figures/damage_repair_calibration_loglog/LR/HRS_SHARED/S6_S7/repair/adl/cal_STOOPA.png,figure,no_generated_output
analysis/HRS/figures/damage_repair_calibration_loglog/LR/HRS_SHARED/S6_S7/repair/adl/cal_TOILTA.png,figure,no_generated_output
analysis/HRS/figures/damage_repair_calibration_loglog/LR/HRS_SHARED/S6_S7/repair/adl/cal_WALKRA.png,figure,no_generated_output
analysis/HRS/figures/damage_repair_calibration_loglog/LR/HRS_SHARED/S6_S7/repair/disease/cal_ARTHRE.png,figure,no_generated_output
analysis/HRS/figures/damage_repair_calibration_loglog/LR/HRS_SHARED/S6_S7/repair/disease/cal_CANCRE.png,figure,no_generated_output
analysis/HRS/figures/damage_repair_calibration_loglog/LR/HRS_SHARED/S6_S7/repair/disease/cal_DIABE.png,figure,no_generated_output
analysis/HRS/figures/damage_repair_calibration_loglog/LR/HRS_SHARED/S6_S7/repair/disease/cal_HEARTE.png,figure,no_generated_output
analysis/HRS/figures/damage_repair_calibration_loglog/LR/HRS_SHARED/S6_S7/repair/disease/cal_HIBPE.png,figure,no_generated_output
analysis/HRS/figures/damage_repair_calibration_loglog/LR/HRS_SHARED/S6_S7/repair/disease/cal_LUNGE.png,figure,no_generated_output
analysis/HRS/figures/damage_repair_calibration_loglog/LR/HRS_SHARED/S6_S7/repair/disease/cal_POOLED_disease.png,figure,no_generated_output
analysis/HRS/figures/damage_repair_calibration_loglog/LR/HRS_SHARED/S6_S7/repair/disease/cal_STROKE.png,figure,no_generated_output
analysis/HRS/figures/damage_repair_calibration_loglog/LR/HRS_SHARED/S7_S8/damage/adl/cal_ARMSA.png,figure,no_generated_output
analysis/HRS/figures/damage_repair_calibration_loglog/LR/HRS_SHARED/S7_S8/damage/adl/cal_BATHA.png,figure,no_generated_output
analysis/HRS/figures/damage_repair_calibration_loglog/LR/HRS_SHARED/S7_S8/damage/adl/cal_BEDA.png,figure,no_generated_output
analysis/HRS/figures/damage_repair_calibration_loglog/LR/HRS_SHARED/S7_S8/damage/adl/cal_CHAIRA.png,figure,no_generated_output
analysis/HRS/figures/damage_repair_calibration_loglog/LR/HRS_SHARED/S7_S8/damage/adl/cal_CLIM1A.png,figure,no_generated_output
analysis/HRS/figures/damage_repair_calibration_loglog/LR/HRS_SHARED/S7_S8/damage/adl/cal_CLIMSA.png,figure,no_generated_output
analysis/HRS/figures/damage_repair_calibration_loglog/LR/HRS_SHARED/S7_S8/damage/adl/cal_DIMEA.png,figure,no_generated_output
analysis/HRS/figures/damage_repair_calibration_loglog/LR/HRS_SHARED/S7_S8/damage/adl/cal_DRESSA.png,figure,no_generated_output
analysis/HRS/figures/damage_repair_calibration_loglog/LR/HRS_SHARED/S7_S8/damage/adl/cal_EATA.png,figure,no_generated_output
analysis/HRS/figures/damage_repair_calibration_loglog/LR/HRS_SHARED/S7_S8/damage/adl/cal_LIFTA.png,figure,no_generated_output
analysis/HRS/figures/damage_repair_calibration_loglog/LR/HRS_SHARED/S7_S8/damage/adl/cal_MONEYA.png,figure,no_generated_output
analysis/HRS/figures/damage_repair_calibration_loglog/LR/HRS_SHARED/S7_S8/damage/adl/cal_PHONEA.png,figure,no_generated_output
analysis/HRS/figures/damage_repair_calibration_loglog/LR/HRS_SHARED/S7_S8/damage/adl/cal_POOLED_adl.png,figure,no_generated_output
analysis/HRS/figures/damage_repair_calibration_loglog/LR/HRS_SHARED/S7_S8/damage/adl/cal_PUSHA.png,figure,no_generated_output
analysis/HRS/figures/damage_repair_calibration_loglog/LR/HRS_SHARED/S7_S8/damage/adl/cal_SHOPA.png,figure,no_generated_output
analysis/HRS/figures/damage_repair_calibration_loglog/LR/HRS_SHARED/S7_S8/damage/adl/cal_STOOPA.png,figure,no_generated_output
analysis/HRS/figures/damage_repair_calibration_loglog/LR/HRS_SHARED/S7_S8/damage/adl/cal_TOILTA.png,figure,no_generated_output
analysis/HRS/figures/damage_repair_calibration_loglog/LR/HRS_SHARED/S7_S8/damage/adl/cal_WALKRA.png,figure,no_generated_output
analysis/HRS/figures/damage_repair_calibration_loglog/LR/HRS_SHARED/S7_S8/damage/disease/cal_ARTHRE.png,figure,no_generated_output
analysis/HRS/figures/damage_repair_calibration_loglog/LR/HRS_SHARED/S7_S8/damage/disease/cal_CANCRE.png,figure,no_generated_output
analysis/HRS/figures/damage_repair_calibration_loglog/LR/HRS_SHARED/S7_S8/damage/disease/cal_DIABE.png,figure,no_generated_output
analysis/HRS/figures/damage_repair_calibration_loglog/LR/HRS_SHARED/S7_S8/damage/disease/cal_HEARTE.png,figure,no_generated_output
analysis/HRS/figures/damage_repair_calibration_loglog/LR/HRS_SHARED/S7_S8/damage/disease/cal_HIBPE.png,figure,no_generated_output
analysis/HRS/figures/damage_repair_calibration_loglog/LR/HRS_SHARED/S7_S8/damage/disease/cal_LUNGE.png,figure,no_generated_output
analysis/HRS/figures/damage_repair_calibration_loglog/LR/HRS_SHARED/S7_S8/damage/disease/cal_POOLED_disease.png,figure,no_generated_output
analysis/HRS/figures/damage_repair_calibration_loglog/LR/HRS_SHARED/S7_S8/damage/disease/cal_STROKE.png,figure,no_generated_output
analysis/HRS/figures/damage_repair_calibration_loglog/LR/HRS_SHARED/S7_S8/repair/adl/cal_ARMSA.png,figure,no_generated_output
analysis/HRS/figures/damage_repair_calibration_loglog/LR/HRS_SHARED/S7_S8/repair/adl/cal_BATHA.png,figure,no_generated_output
analysis/HRS/figures/damage_repair_calibration_loglog/LR/HRS_SHARED/S7_S8/repair/adl/cal_BEDA.png,figure,no_generated_output
analysis/HRS/figures/damage_repair_calibration_loglog/LR/HRS_SHARED/S7_S8/repair/adl/cal_CHAIRA.png,figure,no_generated_output
analysis/HRS/figures/damage_repair_calibration_loglog/LR/HRS_SHARED/S7_S8/repair/adl/cal_CLIM1A.png,figure,no_generated_output
analysis/HRS/figures/damage_repair_calibration_loglog/LR/HRS_SHARED/S7_S8/repair/adl/cal_CLIMSA.png,figure,no_generated_output
analysis/HRS/figures/damage_repair_calibration_loglog/LR/HRS_SHARED/S7_S8/repair/adl/cal_DIMEA.png,figure,no_generated_output
analysis/HRS/figures/damage_repair_calibration_loglog/LR/HRS_SHARED/S7_S8/repair/adl/cal_DRESSA.png,figure,no_generated_output
analysis/HRS/figures/damage_repair_calibration_loglog/LR/HRS_SHARED/S7_S8/repair/adl/cal_EATA.png,figure,no_generated_output
analysis/HRS/figures/damage_repair_calibration_loglog/LR/HRS_SHARED/S7_S8/repair/adl/cal_LIFTA.png,figure,no_generated_output
analysis/HRS/figures/damage_repair_calibration_loglog/LR/HRS_SHARED/S7_S8/repair/adl/cal_MONEYA.png,figure,no_generated_output
analysis/HRS/figures/damage_repair_calibration_loglog/LR/HRS_SHARED/S7_S8/repair/adl/cal_PHONEA.png,figure,no_generated_output
analysis/HRS/figures/damage_repair_calibration_loglog/LR/HRS_SHARED/S7_S8/repair/adl/cal_POOLED_adl.png,figure,no_generated_output
analysis/HRS/figures/damage_repair_calibration_loglog/LR/HRS_SHARED/S7_S8/repair/adl/cal_PUSHA.png,figure,no_generated_output
analysis/HRS/figures/damage_repair_calibration_loglog/LR/HRS_SHARED/S7_S8/repair/adl/cal_SHOPA.png,figure,no_generated_output
analysis/HRS/figures/damage_repair_calibration_loglog/LR/HRS_SHARED/S7_S8/repair/adl/cal_STOOPA.png,figure,no_generated_output
analysis/HRS/figures/damage_repair_calibration_loglog/LR/HRS_SHARED/S7_S8/repair/adl/cal_TOILTA.png,figure,no_generated_output
analysis/HRS/figures/damage_repair_calibration_loglog/LR/HRS_SHARED/S7_S8/repair/adl/cal_WALKRA.png,figure,no_generated_output
analysis/HRS/figures/damage_repair_calibration_loglog/LR/HRS_SHARED/S7_S8/repair/disease/cal_ARTHRE.png,figure,no_generated_output
analysis/HRS/figures/damage_repair_calibration_loglog/LR/HRS_SHARED/S7_S8/repair/disease/cal_CANCRE.png,figure,no_generated_output
analysis/HRS/figures/damage_repair_calibration_loglog/LR/HRS_SHARED/S7_S8/repair/disease/cal_DIABE.png,figure,no_generated_output
analysis/HRS/figures/damage_repair_calibration_loglog/LR/HRS_SHARED/S7_S8/repair/disease/cal_HEARTE.png,figure,no_generated_output
analysis/HRS/figures/damage_repair_calibration_loglog/LR/HRS_SHARED/S7_S8/repair/disease/cal_HIBPE.png,figure,no_generated_output
analysis/HRS/figures/damage_repair_calibration_loglog/LR/HRS_SHARED/S7_S8/repair/disease/cal_LUNGE.png,figure,no_generated_output
analysis/HRS/figures/damage_repair_calibration_loglog/LR/HRS_SHARED/S7_S8/repair/disease/cal_POOLED_disease.png,figure,no_generated_output
analysis/HRS/figures/damage_repair_calibration_loglog/LR/HRS_SHARED/S7_S8/repair/disease/cal_STROKE.png,figure,no_generated_output
analysis/HRS/figures/damage_repair_calibration_loglog/LR/HRS_SHARED/S8_S9/damage/adl/cal_ARMSA.png,figure,no_generated_output
analysis/HRS/figures/damage_repair_calibration_loglog/LR/HRS_SHARED/S8_S9/damage/adl/cal_BATHA.png,figure,no_generated_output
analysis/HRS/figures/damage_repair_calibration_loglog/LR/HRS_SHARED/S8_S9/damage/adl/cal_BEDA.png,figure,no_generated_output
analysis/HRS/figures/damage_repair_calibration_loglog/LR/HRS_SHARED/S8_S9/damage/adl/cal_CHAIRA.png,figure,no_generated_output
analysis/HRS/figures/damage_repair_calibration_loglog/LR/HRS_SHARED/S8_S9/damage/adl/cal_CLIM1A.png,figure,no_generated_output
analysis/HRS/figures/damage_repair_calibration_loglog/LR/HRS_SHARED/S8_S9/damage/adl/cal_CLIMSA.png,figure,no_generated_output
analysis/HRS/figures/damage_repair_calibration_loglog/LR/HRS_SHARED/S8_S9/damage/adl/cal_DIMEA.png,figure,no_generated_output
analysis/HRS/figures/damage_repair_calibration_loglog/LR/HRS_SHARED/S8_S9/damage/adl/cal_DRESSA.png,figure,no_generated_output
analysis/HRS/figures/damage_repair_calibration_loglog/LR/HRS_SHARED/S8_S9/damage/adl/cal_EATA.png,figure,no_generated_output
analysis/HRS/figures/damage_repair_calibration_loglog/LR/HRS_SHARED/S8_S9/damage/adl/cal_LIFTA.png,figure,no_generated_output
analysis/HRS/figures/damage_repair_calibration_loglog/LR/HRS_SHARED/S8_S9/damage/adl/cal_MONEYA.png,figure,no_generated_output
analysis/HRS/figures/damage_repair_calibration_loglog/LR/HRS_SHARED/S8_S9/damage/adl/cal_PHONEA.png,figure,no_generated_output
analysis/HRS/figures/damage_repair_calibration_loglog/LR/HRS_SHARED/S8_S9/damage/adl/cal_POOLED_adl.png,figure,no_generated_output
analysis/HRS/figures/damage_repair_calibration_loglog/LR/HRS_SHARED/S8_S9/damage/adl/cal_PUSHA.png,figure,no_generated_output
analysis/HRS/figures/damage_repair_calibration_loglog/LR/HRS_SHARED/S8_S9/damage/adl/cal_SHOPA.png,figure,no_generated_output
analysis/HRS/figures/damage_repair_calibration_loglog/LR/HRS_SHARED/S8_S9/damage/adl/cal_STOOPA.png,figure,no_generated_output
analysis/HRS/figures/damage_repair_calibration_loglog/LR/HRS_SHARED/S8_S9/damage/adl/cal_TOILTA.png,figure,no_generated_output
analysis/HRS/figures/damage_repair_calibration_loglog/LR/HRS_SHARED/S8_S9/damage/adl/cal_WALKRA.png,figure,no_generated_output
analysis/HRS/figures/damage_repair_calibration_loglog/LR/HRS_SHARED/S8_S9/damage/disease/cal_ARTHRE.png,figure,no_generated_output
analysis/HRS/figures/damage_repair_calibration_loglog/LR/HRS_SHARED/S8_S9/damage/disease/cal_CANCRE.png,figure,no_generated_output
analysis/HRS/figures/damage_repair_calibration_loglog/LR/HRS_SHARED/S8_S9/damage/disease/cal_DIABE.png,figure,no_generated_output
analysis/HRS/figures/damage_repair_calibration_loglog/LR/HRS_SHARED/S8_S9/damage/disease/cal_HEARTE.png,figure,no_generated_output
analysis/HRS/figures/damage_repair_calibration_loglog/LR/HRS_SHARED/S8_S9/damage/disease/cal_HIBPE.png,figure,no_generated_output
analysis/HRS/figures/damage_repair_calibration_loglog/LR/HRS_SHARED/S8_S9/damage/disease/cal_LUNGE.png,figure,no_generated_output
analysis/HRS/figures/damage_repair_calibration_loglog/LR/HRS_SHARED/S8_S9/damage/disease/cal_POOLED_disease.png,figure,no_generated_output
analysis/HRS/figures/damage_repair_calibration_loglog/LR/HRS_SHARED/S8_S9/damage/disease/cal_STROKE.png,figure,no_generated_output
analysis/HRS/figures/damage_repair_calibration_loglog/LR/HRS_SHARED/S8_S9/repair/adl/cal_ARMSA.png,figure,no_generated_output
analysis/HRS/figures/damage_repair_calibration_loglog/LR/HRS_SHARED/S8_S9/repair/adl/cal_BATHA.png,figure,no_generated_output
analysis/HRS/figures/damage_repair_calibration_loglog/LR/HRS_SHARED/S8_S9/repair/adl/cal_BEDA.png,figure,no_generated_output
analysis/HRS/figures/damage_repair_calibration_loglog/LR/HRS_SHARED/S8_S9/repair/adl/cal_CHAIRA.png,figure,no_generated_output
analysis/HRS/figures/damage_repair_calibration_loglog/LR/HRS_SHARED/S8_S9/repair/adl/cal_CLIM1A.png,figure,no_generated_output
analysis/HRS/figures/damage_repair_calibration_loglog/LR/HRS_SHARED/S8_S9/repair/adl/cal_CLIMSA.png,figure,no_generated_output
analysis/HRS/figures/damage_repair_calibration_loglog/LR/HRS_SHARED/S8_S9/repair/adl/cal_DIMEA.png,figure,no_generated_output
analysis/HRS/figures/damage_repair_calibration_loglog/LR/HRS_SHARED/S8_S9/repair/adl/cal_DRESSA.png,figure,no_generated_output
analysis/HRS/figures/damage_repair_calibration_loglog/LR/HRS_SHARED/S8_S9/repair/adl/cal_EATA.png,figure,no_generated_output
analysis/HRS/figures/damage_repair_calibration_loglog/LR/HRS_SHARED/S8_S9/repair/adl/cal_LIFTA.png,figure,no_generated_output
analysis/HRS/figures/damage_repair_calibration_loglog/LR/HRS_SHARED/S8_S9/repair/adl/cal_MONEYA.png,figure,no_generated_output
analysis/HRS/figures/damage_repair_calibration_loglog/LR/HRS_SHARED/S8_S9/repair/adl/cal_PHONEA.png,figure,no_generated_output
analysis/HRS/figures/damage_repair_calibration_loglog/LR/HRS_SHARED/S8_S9/repair/adl/cal_POOLED_adl.png,figure,no_generated_output
analysis/HRS/figures/damage_repair_calibration_loglog/LR/HRS_SHARED/S8_S9/repair/adl/cal_PUSHA.png,figure,no_generated_output
analysis/HRS/figures/damage_repair_calibration_loglog/LR/HRS_SHARED/S8_S9/repair/adl/cal_SHOPA.png,figure,no_generated_output
analysis/HRS/figures/damage_repair_calibration_loglog/LR/HRS_SHARED/S8_S9/repair/adl/cal_STOOPA.png,figure,no_generated_output
analysis/HRS/figures/damage_repair_calibration_loglog/LR/HRS_SHARED/S8_S9/repair/adl/cal_TOILTA.png,figure,no_generated_output
analysis/HRS/figures/damage_repair_calibration_loglog/LR/HRS_SHARED/S8_S9/repair/adl/cal_WALKRA.png,figure,no_generated_output
analysis/HRS/figures/damage_repair_calibration_loglog/LR/HRS_SHARED/S8_S9/repair/disease/cal_ARTHRE.png,figure,no_generated_output
analysis/HRS/figures/damage_repair_calibration_loglog/LR/HRS_SHARED/S8_S9/repair/disease/cal_CANCRE.png,figure,no_generated_output
analysis/HRS/figures/damage_repair_calibration_loglog/LR/HRS_SHARED/S8_S9/repair/disease/cal_DIABE.png,figure,no_generated_output
analysis/HRS/figures/damage_repair_calibration_loglog/LR/HRS_SHARED/S8_S9/repair/disease/cal_HEARTE.png,figure,no_generated_output
analysis/HRS/figures/damage_repair_calibration_loglog/LR/HRS_SHARED/S8_S9/repair/disease/cal_HIBPE.png,figure,no_generated_output
analysis/HRS/figures/damage_repair_calibration_loglog/LR/HRS_SHARED/S8_S9/repair/disease/cal_LUNGE.png,figure,no_generated_output
analysis/HRS/figures/damage_repair_calibration_loglog/LR/HRS_SHARED/S8_S9/repair/disease/cal_POOLED_disease.png,figure,no_generated_output
analysis/HRS/figures/damage_repair_calibration_loglog/LR/HRS_SHARED/S8_S9/repair/disease/cal_STROKE.png,figure,no_generated_output
analysis/HRS/figures/damage_repair_calibration_loglog/LR/HRS_SHARED/S9_S10/damage/adl/cal_ARMSA.png,figure,no_generated_output
analysis/HRS/figures/damage_repair_calibration_loglog/LR/HRS_SHARED/S9_S10/damage/adl/cal_BATHA.png,figure,no_generated_output
analysis/HRS/figures/damage_repair_calibration_loglog/LR/HRS_SHARED/S9_S10/damage/adl/cal_BEDA.png,figure,no_generated_output
analysis/HRS/figures/damage_repair_calibration_loglog/LR/HRS_SHARED/S9_S10/damage/adl/cal_CHAIRA.png,figure,no_generated_output
analysis/HRS/figures/damage_repair_calibration_loglog/LR/HRS_SHARED/S9_S10/damage/adl/cal_CLIM1A.png,figure,no_generated_output
analysis/HRS/figures/damage_repair_calibration_loglog/LR/HRS_SHARED/S9_S10/damage/adl/cal_CLIMSA.png,figure,no_generated_output
analysis/HRS/figures/damage_repair_calibration_loglog/LR/HRS_SHARED/S9_S10/damage/adl/cal_DIMEA.png,figure,no_generated_output
analysis/HRS/figures/damage_repair_calibration_loglog/LR/HRS_SHARED/S9_S10/damage/adl/cal_DRESSA.png,figure,no_generated_output
analysis/HRS/figures/damage_repair_calibration_loglog/LR/HRS_SHARED/S9_S10/damage/adl/cal_EATA.png,figure,no_generated_output
analysis/HRS/figures/damage_repair_calibration_loglog/LR/HRS_SHARED/S9_S10/damage/adl/cal_LIFTA.png,figure,no_generated_output
analysis/HRS/figures/damage_repair_calibration_loglog/LR/HRS_SHARED/S9_S10/damage/adl/cal_MONEYA.png,figure,no_generated_output
analysis/HRS/figures/damage_repair_calibration_loglog/LR/HRS_SHARED/S9_S10/damage/adl/cal_PHONEA.png,figure,no_generated_output
analysis/HRS/figures/damage_repair_calibration_loglog/LR/HRS_SHARED/S9_S10/damage/adl/cal_POOLED_adl.png,figure,no_generated_output
analysis/HRS/figures/damage_repair_calibration_loglog/LR/HRS_SHARED/S9_S10/damage/adl/cal_PUSHA.png,figure,no_generated_output
analysis/HRS/figures/damage_repair_calibration_loglog/LR/HRS_SHARED/S9_S10/damage/adl/cal_SHOPA.png,figure,no_generated_output
analysis/HRS/figures/damage_repair_calibration_loglog/LR/HRS_SHARED/S9_S10/damage/adl/cal_STOOPA.png,figure,no_generated_output
analysis/HRS/figures/damage_repair_calibration_loglog/LR/HRS_SHARED/S9_S10/damage/adl/cal_TOILTA.png,figure,no_generated_output
analysis/HRS/figures/damage_repair_calibration_loglog/LR/HRS_SHARED/S9_S10/damage/adl/cal_WALKRA.png,figure,no_generated_output
analysis/HRS/figures/damage_repair_calibration_loglog/LR/HRS_SHARED/S9_S10/damage/disease/cal_ARTHRE.png,figure,no_generated_output
analysis/HRS/figures/damage_repair_calibration_loglog/LR/HRS_SHARED/S9_S10/damage/disease/cal_CANCRE.png,figure,no_generated_output
analysis/HRS/figures/damage_repair_calibration_loglog/LR/HRS_SHARED/S9_S10/damage/disease/cal_DIABE.png,figure,no_generated_output
analysis/HRS/figures/damage_repair_calibration_loglog/LR/HRS_SHARED/S9_S10/damage/disease/cal_HEARTE.png,figure,no_generated_output
analysis/HRS/figures/damage_repair_calibration_loglog/LR/HRS_SHARED/S9_S10/damage/disease/cal_HIBPE.png,figure,no_generated_output
analysis/HRS/figures/damage_repair_calibration_loglog/LR/HRS_SHARED/S9_S10/damage/disease/cal_LUNGE.png,figure,no_generated_output
analysis/HRS/figures/damage_repair_calibration_loglog/LR/HRS_SHARED/S9_S10/damage/disease/cal_POOLED_disease.png,figure,no_generated_output
analysis/HRS/figures/damage_repair_calibration_loglog/LR/HRS_SHARED/S9_S10/damage/disease/cal_STROKE.png,figure,no_generated_output
analysis/HRS/figures/damage_repair_calibration_loglog/LR/HRS_SHARED/S9_S10/repair/adl/cal_ARMSA.png,figure,no_generated_output
analysis/HRS/figures/damage_repair_calibration_loglog/LR/HRS_SHARED/S9_S10/repair/adl/cal_BATHA.png,figure,no_generated_output
analysis/HRS/figures/damage_repair_calibration_loglog/LR/HRS_SHARED/S9_S10/repair/adl/cal_BEDA.png,figure,no_generated_output
analysis/HRS/figures/damage_repair_calibration_loglog/LR/HRS_SHARED/S9_S10/repair/adl/cal_CHAIRA.png,figure,no_generated_output
analysis/HRS/figures/damage_repair_calibration_loglog/LR/HRS_SHARED/S9_S10/repair/adl/cal_CLIM1A.png,figure,no_generated_output
analysis/HRS/figures/damage_repair_calibration_loglog/LR/HRS_SHARED/S9_S10/repair/adl/cal_CLIMSA.png,figure,no_generated_output
analysis/HRS/figures/damage_repair_calibration_loglog/LR/HRS_SHARED/S9_S10/repair/adl/cal_DIMEA.png,figure,no_generated_output
analysis/HRS/figures/damage_repair_calibration_loglog/LR/HRS_SHARED/S9_S10/repair/adl/cal_DRESSA.png,figure,no_generated_output
analysis/HRS/figures/damage_repair_calibration_loglog/LR/HRS_SHARED/S9_S10/repair/adl/cal_EATA.png,figure,no_generated_output
analysis/HRS/figures/damage_repair_calibration_loglog/LR/HRS_SHARED/S9_S10/repair/adl/cal_LIFTA.png,figure,no_generated_output
analysis/HRS/figures/damage_repair_calibration_loglog/LR/HRS_SHARED/S9_S10/repair/adl/cal_MONEYA.png,figure,no_generated_output
analysis/HRS/figures/damage_repair_calibration_loglog/LR/HRS_SHARED/S9_S10/repair/adl/cal_PHONEA.png,figure,no_generated_output
analysis/HRS/figures/damage_repair_calibration_loglog/LR/HRS_SHARED/S9_S10/repair/adl/cal_POOLED_adl.png,figure,no_generated_output
analysis/HRS/figures/damage_repair_calibration_loglog/LR/HRS_SHARED/S9_S10/repair/adl/cal_PUSHA.png,figure,no_generated_output
analysis/HRS/figures/damage_repair_calibration_loglog/LR/HRS_SHARED/S9_S10/repair/adl/cal_SHOPA.png,figure,no_generated_output
analysis/HRS/figures/damage_repair_calibration_loglog/LR/HRS_SHARED/S9_S10/repair/adl/cal_STOOPA.png,figure,no_generated_output
analysis/HRS/figures/damage_repair_calibration_loglog/LR/HRS_SHARED/S9_S10/repair/adl/cal_TOILTA.png,figure,no_generated_output
analysis/HRS/figures/damage_repair_calibration_loglog/LR/HRS_SHARED/S9_S10/repair/adl/cal_WALKRA.png,figure,no_generated_output
analysis/HRS/figures/damage_repair_calibration_loglog/LR/HRS_SHARED/S9_S10/repair/disease/cal_ARTHRE.png,figure,no_generated_output
analysis/HRS/figures/damage_repair_calibration_loglog/LR/HRS_SHARED/S9_S10/repair/disease/cal_CANCRE.png,figure,no_generated_output
analysis/HRS/figures/damage_repair_calibration_loglog/LR/HRS_SHARED/S9_S10/repair/disease/cal_DIABE.png,figure,no_generated_output
analysis/HRS/figures/damage_repair_calibration_loglog/LR/HRS_SHARED/S9_S10/repair/disease/cal_HEARTE.png,figure,no_generated_output
analysis/HRS/figures/damage_repair_calibration_loglog/LR/HRS_SHARED/S9_S10/repair/disease/cal_HIBPE.png,figure,no_generated_output
analysis/HRS/figures/damage_repair_calibration_loglog/LR/HRS_SHARED/S9_S10/repair/disease/cal_LUNGE.png,figure,no_generated_output
analysis/HRS/figures/damage_repair_calibration_loglog/LR/HRS_SHARED/S9_S10/repair/disease/cal_POOLED_disease.png,figure,no_generated_output
analysis/HRS/figures/damage_repair_calibration_loglog/LR/HRS_SHARED/S9_S10/repair/disease/cal_STROKE.png,figure,no_generated_output
analysis/HRS/figures/damage_repair_transition_metrics/HRS_SHARED/damage/mean_auc_by_transition.png,figure,no_generated_output
analysis/HRS/figures/damage_repair_transition_metrics/HRS_SHARED/damage/mean_brier_by_transition.png,figure,no_generated_output
analysis/HRS/figures/damage_repair_transition_metrics/HRS_SHARED/damage/mean_ece_by_transition.png,figure,no_generated_output
analysis/HRS/figures/damage_repair_transition_metrics/HRS_SHARED/damage/mean_r2cal_by_transition.png,figure,no_generated_output
analysis/HRS/figures/damage_repair_transition_metrics/HRS_SHARED/repair/mean_auc_by_transition.png,figure,no_generated_output
analysis/HRS/figures/damage_repair_transition_metrics/HRS_SHARED/repair/mean_brier_by_transition.png,figure,no_generated_output
analysis/HRS/figures/damage_repair_transition_metrics/HRS_SHARED/repair/mean_ece_by_transition.png,figure,no_generated_output
analysis/HRS/figures/damage_repair_transition_metrics/HRS_SHARED/repair/mean_r2cal_by_transition.png,figure,no_generated_output
analysis/HRS/figures/damage_risk_vs_age/HRS_SHARED/damage_risk_vs_age_by_transition.png,figure,no_generated_output
analysis/HRS/figures/damage_risk_vs_age/HRS_SHARED/damage_risk_vs_age_pooled.png,figure,no_generated_output
analysis/HRS/figures/decision_curve/HRS_SHARED/damage/decision_curve_summary_table.png,figure,no_generated_output
analysis/HRS/figures/decision_curve/HRS_SHARED/damage/pooled_decision_curve.png,figure,no_generated_output
analysis/HRS/figures/decision_curve/HRS_SHARED/repair/decision_curve_summary_table.png,figure,no_generated_output
analysis/HRS/figures/decision_curve/HRS_SHARED/repair/pooled_decision_curve.png,figure,no_generated_output
analysis/HRS/figures/decision_curve/HRS_SHARED/standard/decision_curve_summary_table.png,figure,no_generated_output
analysis/HRS/figures/decision_curve/HRS_SHARED/standard/pooled_decision_curve.png,figure,no_generated_output
analysis/HRS/figures/ece_plots/HRS_SHARED/01_ece_box_by_transition.png,figure,no_generated_output
analysis/HRS/figures/ece_plots/HRS_SHARED/02_ece_vs_prevalence.png,figure,no_generated_output
analysis/HRS/figures/ece_plots/HRS_SHARED/03_ece_heatmap_transition_by_type_DNN.png,figure,no_generated_output
analysis/HRS/figures/ece_plots/HRS_SHARED/03_ece_heatmap_transition_by_type_LR.png,figure,no_generated_output
analysis/HRS/figures/ece_plots/HRS_SHARED/04_delta_ece_worst_targets.png,figure,no_generated_output
analysis/HRS/figures/hazard_ratio/HRS_SHARED/DNN/HR_ADL.png,figure,no_generated_output
analysis/HRS/figures/hazard_ratio/HRS_SHARED/DNN/HR_Disease.png,figure,no_generated_output
analysis/HRS/figures/hazard_ratio/HRS_SHARED/DNN/per_transition/S10_S11/HR_ADL.png,figure,no_generated_output
analysis/HRS/figures/hazard_ratio/HRS_SHARED/DNN/per_transition/S10_S11/HR_Disease.png,figure,no_generated_output
analysis/HRS/figures/hazard_ratio/HRS_SHARED/DNN/per_transition/S11_S12/HR_ADL.png,figure,no_generated_output
analysis/HRS/figures/hazard_ratio/HRS_SHARED/DNN/per_transition/S11_S12/HR_Disease.png,figure,no_generated_output
analysis/HRS/figures/hazard_ratio/HRS_SHARED/DNN/per_transition/S12_S13/HR_ADL.png,figure,no_generated_output
analysis/HRS/figures/hazard_ratio/HRS_SHARED/DNN/per_transition/S12_S13/HR_Disease.png,figure,no_generated_output
analysis/HRS/figures/hazard_ratio/HRS_SHARED/DNN/per_transition/S13_S14/HR_ADL.png,figure,no_generated_output
analysis/HRS/figures/hazard_ratio/HRS_SHARED/DNN/per_transition/S13_S14/HR_Disease.png,figure,no_generated_output
analysis/HRS/figures/hazard_ratio/HRS_SHARED/DNN/per_transition/S14_S15/HR_ADL.png,figure,no_generated_output
analysis/HRS/figures/hazard_ratio/HRS_SHARED/DNN/per_transition/S14_S15/HR_Disease.png,figure,no_generated_output
analysis/HRS/figures/hazard_ratio/HRS_SHARED/DNN/per_transition/S6_S7/HR_ADL.png,figure,no_generated_output
analysis/HRS/figures/hazard_ratio/HRS_SHARED/DNN/per_transition/S6_S7/HR_Disease.png,figure,no_generated_output
analysis/HRS/figures/hazard_ratio/HRS_SHARED/DNN/per_transition/S7_S8/HR_ADL.png,figure,no_generated_output
analysis/HRS/figures/hazard_ratio/HRS_SHARED/DNN/per_transition/S7_S8/HR_Disease.png,figure,no_generated_output
analysis/HRS/figures/hazard_ratio/HRS_SHARED/DNN/per_transition/S8_S9/HR_ADL.png,figure,no_generated_output
analysis/HRS/figures/hazard_ratio/HRS_SHARED/DNN/per_transition/S8_S9/HR_Disease.png,figure,no_generated_output
analysis/HRS/figures/hazard_ratio/HRS_SHARED/DNN/per_transition/S9_S10/HR_ADL.png,figure,no_generated_output
analysis/HRS/figures/hazard_ratio/HRS_SHARED/DNN/per_transition/S9_S10/HR_Disease.png,figure,no_generated_output
analysis/HRS/figures/hazard_ratio/HRS_SHARED/LR/HR_ADL.png,figure,no_generated_output
analysis/HRS/figures/hazard_ratio/HRS_SHARED/LR/HR_Disease.png,figure,no_generated_output
analysis/HRS/figures/hazard_ratio/HRS_SHARED/LR/per_transition/S10_S11/HR_ADL.png,figure,no_generated_output
analysis/HRS/figures/hazard_ratio/HRS_SHARED/LR/per_transition/S10_S11/HR_Disease.png,figure,no_generated_output
analysis/HRS/figures/hazard_ratio/HRS_SHARED/LR/per_transition/S11_S12/HR_ADL.png,figure,no_generated_output
analysis/HRS/figures/hazard_ratio/HRS_SHARED/LR/per_transition/S11_S12/HR_Disease.png,figure,no_generated_output
analysis/HRS/figures/hazard_ratio/HRS_SHARED/LR/per_transition/S12_S13/HR_ADL.png,figure,no_generated_output
analysis/HRS/figures/hazard_ratio/HRS_SHARED/LR/per_transition/S12_S13/HR_Disease.png,figure,no_generated_output
analysis/HRS/figures/hazard_ratio/HRS_SHARED/LR/per_transition/S13_S14/HR_ADL.png,figure,no_generated_output
analysis/HRS/figures/hazard_ratio/HRS_SHARED/LR/per_transition/S13_S14/HR_Disease.png,figure,no_generated_output
analysis/HRS/figures/hazard_ratio/HRS_SHARED/LR/per_transition/S14_S15/HR_ADL.png,figure,no_generated_output
analysis/HRS/figures/hazard_ratio/HRS_SHARED/LR/per_transition/S14_S15/HR_Disease.png,figure,no_generated_output
analysis/HRS/figures/hazard_ratio/HRS_SHARED/LR/per_transition/S6_S7/HR_ADL.png,figure,no_generated_output
analysis/HRS/figures/hazard_ratio/HRS_SHARED/LR/per_transition/S6_S7/HR_Disease.png,figure,no_generated_output
analysis/HRS/figures/hazard_ratio/HRS_SHARED/LR/per_transition/S7_S8/HR_ADL.png,figure,no_generated_output
analysis/HRS/figures/hazard_ratio/HRS_SHARED/LR/per_transition/S7_S8/HR_Disease.png,figure,no_generated_output
analysis/HRS/figures/hazard_ratio/HRS_SHARED/LR/per_transition/S8_S9/HR_ADL.png,figure,no_generated_output
analysis/HRS/figures/hazard_ratio/HRS_SHARED/LR/per_transition/S8_S9/HR_Disease.png,figure,no_generated_output
analysis/HRS/figures/hazard_ratio/HRS_SHARED/LR/per_transition/S9_S10/HR_ADL.png,figure,no_generated_output
analysis/HRS/figures/hazard_ratio/HRS_SHARED/LR/per_transition/S9_S10/HR_Disease.png,figure,no_generated_output
analysis/HRS/figures/metrics_by_target/HRS_SHARED/damage/mean_auc_by_target.png,figure,no_generated_output
analysis/HRS/figures/metrics_by_target/HRS_SHARED/damage/mean_brier_by_target.png,figure,no_generated_output
analysis/HRS/figures/metrics_by_target/HRS_SHARED/damage/mean_ece_by_target.png,figure,no_generated_output
analysis/HRS/figures/metrics_by_target/HRS_SHARED/damage/mean_r2cal_by_target.png,figure,no_generated_output
analysis/HRS/figures/metrics_by_target/HRS_SHARED/repair/mean_auc_by_target.png,figure,no_generated_output
analysis/HRS/figures/metrics_by_target/HRS_SHARED/repair/mean_brier_by_target.png,figure,no_generated_output
analysis/HRS/figures/metrics_by_target/HRS_SHARED/repair/mean_ece_by_target.png,figure,no_generated_output
analysis/HRS/figures/metrics_by_target/HRS_SHARED/repair/mean_r2cal_by_target.png,figure,no_generated_output
analysis/HRS/figures/metrics_by_target/HRS_SHARED/standard/mean_auc_by_target.png,figure,no_generated_output
analysis/HRS/figures/metrics_by_target/HRS_SHARED/standard/mean_brier_by_target.png,figure,no_generated_output
analysis/HRS/figures/metrics_by_target/HRS_SHARED/standard/mean_ece_by_target.png,figure,no_generated_output
analysis/HRS/figures/metrics_by_target/HRS_SHARED/standard/mean_r2cal_by_target.png,figure,no_generated_output
analysis/ELSA/explanatory/figures/age_distribution_by_wave.png,figure,no_generated_output
analysis/ELSA/explanatory/figures/age_sex_pyramid.png,figure,no_generated_output
analysis/ELSA/explanatory/figures/burden_by_wave.png,figure,no_generated_output
analysis/ELSA/explanatory/figures/burden_vs_age_by_sex.png,figure,no_generated_output
analysis/ELSA/explanatory/figures/cohort_overview_panel.png,figure,no_generated_output
analysis/ELSA/explanatory/figures/followup_distribution.png,figure,no_generated_output
analysis/ELSA/explanatory/figures/participants_by_wave.png,figure,no_generated_output
analysis/ELSA/explanatory/figures/prevalence_heatmap_adl.png,figure,no_generated_output
analysis/ELSA/explanatory/figures/prevalence_heatmap_disease.png,figure,no_generated_output
analysis/ELSA/explanatory/figures/retention_by_transition.png,figure,no_generated_output
analysis/ELSA/explanatory/figures/sex_fraction_by_wave.png,figure,no_generated_output
analysis/HRS/explanatory/figures/age_distribution_by_wave.png,figure,no_generated_output
analysis/HRS/explanatory/figures/age_sex_pyramid.png,figure,no_generated_output
analysis/HRS/explanatory/figures/burden_by_wave.png,figure,no_generated_output
analysis/HRS/explanatory/figures/burden_vs_age_by_sex.png,figure,no_generated_output
analysis/HRS/explanatory/figures/cohort_overview_panel.png,figure,no_generated_output
analysis/HRS/explanatory/figures/followup_distribution.png,figure,no_generated_output
analysis/HRS/explanatory/figures/participants_by_wave.png,figure,no_generated_output
analysis/HRS/explanatory/figures/prevalence_heatmap_adl.png,figure,no_generated_output
analysis/HRS/explanatory/figures/prevalence_heatmap_disease.png,figure,no_generated_output
analysis/HRS/explanatory/figures/retention_by_transition.png,figure,no_generated_output
analysis/HRS/explanatory/figures/sex_fraction_by_wave.png,figure,no_generated_output
manuscript/assets/schematics/figure_01_study_design.png,figure,no_generated_output
manuscript/assets/schematics/figure_01_study_design.svg,figure,no_generated_output
manuscript/assets/schematics/figure_02_analysis_pipeline.png,figure,no_generated_output
manuscript/assets/schematics/figure_02_analysis_pipeline.svg,figure,no_generated_output
